patient_id,age,gender,bmi,systolic_bp,diastolic_bp,heart_rate,spo2,temperature_c,respiratory_rate,glucose_mg_dl,hba1c_pct,total_cholesterol_mg_dl,creatinine_mg_dl,hemoglobin_g_dl,wbc_10e3_ul,diabetes,hypertension,heart_disease,ckd,smoking_status,physical_activity,prior_admissions,length_of_stay_days,medication_count,emergency_visits_last_year,lab_abnormal_count,followup_days,admission_date,readmitted_30d
P100000,24,Male,21.8,155.0,71.0,82.0,95.6,36.2,20.0,123.0,5.6,174.0,0.83,14.2,6.7,0,0,0,0,Former,Moderate,1,1.2,1,1,0,11,2025-06-24,0
P100001,74,Male,24.7,170.0,83.0,59.0,96.5,35.6,20.0,88.0,5.3,238.0,0.7,13.9,7.9,0,1,0,0,Never,Low,1,5.6,5,0,0,22,2025-08-23,0
P100002,65,Female,28.9,138.0,79.0,66.0,97.7,37.7,22.0,182.0,4.6,211.0,1.42,14.1,7.3,0,0,0,0,Former,Moderate,4,2.4,5,0,2,8,2024-10-15,1
P100003,50,Female,24.2,121.0,90.0,71.0,98.0,36.7,20.0,119.0,6.9,226.0,0.42,12.0,7.1,1,0,0,0,Former,Low,1,1.9,4,1,1,12,2024-10-01,0
P100004,49,Female,26.1,128.0,90.0,85.0,97.1,37.6,18.0,116.0,5.6,193.0,1.04,14.0,6.4,0,1,1,0,Never,Moderate,1,3.4,5,0,0,3,2024-09-07,0
P100005,80,Female,29.8,144.0,65.0,81.0,94.6,37.2,17.0,101.0,6.9,235.0,1.06,12.8,5.4,1,1,0,0,Never,High,2,5.1,6,1,1,14,2025-05-19,1
P100006,24,Male,25.7,102.0,91.0,82.0,93.1,36.4,20.0,174.0,7.6,206.0,,16.5,8.4,0,0,0,0,Never,Moderate,0,2.9,6,1,2,9,2025-06-02,0
P100007,68,Female,,124.0,77.0,76.0,96.2,35.5,17.0,71.0,6.6,175.0,1.15,12.5,10.5,0,1,0,0,Former,Moderate,0,1.3,3,2,1,13,2025-03-06,1
P100008,32,Female,35.8,154.0,83.0,67.0,98.2,36.6,18.0,84.0,,223.0,0.75,11.5,3.0,0,0,0,0,Current,Low,1,1.0,6,0,0,17,2024-10-09,0
P100009,24,Male,26.6,111.0,71.0,94.0,97.3,36.8,20.0,137.0,6.6,162.0,1.39,15.5,2.7,0,0,0,0,Never,Low,1,4.9,0,1,1,1,2024-05-02,0
P100010,56,Female,33.6,120.0,86.0,68.0,96.9,37.0,18.0,121.0,6.6,254.0,1.3,13.9,4.6,0,1,1,0,Current,High,0,9.3,11,1,2,16,2024-08-25,1
P100011,89,Male,30.4,137.0,110.0,81.0,96.5,36.2,19.0,99.0,5.1,233.0,1.18,15.2,6.1,0,0,0,0,Never,High,1,7.9,8,1,0,17,2024-07-04,1
P100012,71,Female,19.9,139.0,85.0,75.0,97.1,36.9,15.0,97.0,7.3,184.0,0.4,14.5,6.5,0,0,0,0,Current,Low,1,1.0,6,0,1,24,2024-09-22,0
P100013,73,Female,21.8,124.0,79.0,83.0,94.7,36.9,23.0,106.0,6.0,188.0,0.91,11.7,7.3,0,0,0,0,Current,Moderate,0,1.0,6,1,0,1,2025-01-29,0
P100014,70,Female,23.2,136.0,81.0,69.0,97.9,37.3,14.0,119.0,7.4,200.0,0.88,,7.1,1,0,0,0,Former,High,2,2.4,3,5,1,3,2025-02-18,0
P100015,75,Female,23.1,145.0,69.0,89.0,98.0,36.6,20.0,171.0,6.6,188.0,1.41,15.2,6.7,0,0,0,1,Never,High,2,2.8,4,3,3,11,2025-12-15,1
P100016,55,Male,27.0,166.0,97.0,93.0,95.9,37.0,16.0,134.0,6.9,245.0,1.06,15.3,9.5,0,0,0,0,Never,Moderate,2,2.8,6,0,2,2,2025-11-28,0
P100017,27,Female,30.7,127.0,84.0,88.0,97.3,36.9,22.0,144.0,5.3,175.0,1.02,12.5,5.1,0,0,0,0,Never,Moderate,0,1.9,2,2,1,19,2024-02-07,0
P100018,79,Female,34.0,135.0,73.0,78.0,93.4,37.2,21.0,102.0,4.8,138.0,1.37,10.6,8.8,0,0,0,0,Never,Moderate,2,5.2,7,0,1,24,2024-09-12,0
P100019,50,Female,29.1,158.0,72.0,71.0,96.8,36.4,18.0,130.0,6.3,185.0,1.46,11.3,11.0,0,0,0,0,Former,Low,0,6.0,4,2,1,15,2024-04-04,1
P100020,54,Female,25.2,123.0,82.0,110.0,96.3,35.3,23.0,58.0,6.7,224.0,1.42,11.8,4.1,0,1,1,1,Former,Moderate,0,3.4,7,3,2,1,2024-01-19,0
P100021,45,Male,16.7,109.0,91.0,64.0,98.8,36.7,17.0,117.0,5.2,234.0,1.14,13.8,3.1,0,0,0,0,Never,Moderate,1,6.9,6,0,0,11,2024-07-10,0
P100022,31,Female,27.9,134.0,69.0,87.0,96.1,36.7,21.0,113.0,5.4,199.0,0.87,13.7,7.4,0,0,0,0,Never,Low,3,1.2,7,0,0,19,2025-12-06,0
P100023,85,Male,27.6,154.0,95.0,80.0,98.1,36.2,15.0,182.0,4.2,171.0,1.23,12.6,8.3,1,1,0,0,Never,Low,1,1.1,5,0,1,21,2025-06-16,1
P100024,75,Female,,141.0,83.0,75.0,95.8,36.0,19.0,171.0,6.0,193.0,1.07,12.4,7.1,0,0,0,0,Current,Moderate,2,6.1,6,3,1,23,2024-07-10,1
P100025,65,Male,38.5,132.0,74.0,78.0,92.4,36.5,15.0,106.0,4.9,170.0,1.27,12.7,2.7,0,0,0,0,Former,Moderate,0,1.9,3,1,0,20,2024-10-27,0
P100026,47,Male,34.0,107.0,77.0,70.0,96.1,36.7,18.0,83.0,6.2,107.0,0.83,14.0,3.6,0,0,0,0,Current,High,0,8.1,1,0,0,12,2025-12-10,0
P100027,78,Male,31.6,134.0,101.0,81.0,96.9,36.8,18.0,89.0,6.4,163.0,1.34,18.0,6.0,1,0,0,0,Never,Low,1,1.0,8,1,0,25,2024-10-01,0
P100028,57,Female,22.5,154.0,69.0,80.0,96.8,35.7,21.0,103.0,5.9,,1.03,15.0,7.8,0,0,0,0,Never,Low,0,3.1,8,2,0,27,2025-09-13,0
P100029,50,Male,24.8,111.0,75.0,108.0,96.8,35.9,16.0,158.0,7.0,185.0,1.11,15.5,6.3,0,0,0,0,Former,High,0,3.4,4,0,2,15,2025-01-21,0
P100030,50,Male,27.0,128.0,92.0,89.0,95.6,37.4,29.0,127.0,6.0,183.0,0.67,13.8,7.4,0,1,1,0,Current,Low,3,4.3,6,2,0,19,2025-06-20,0
P100031,34,Female,23.5,123.0,83.0,82.0,95.9,36.7,13.0,127.0,5.8,237.0,0.88,11.6,7.4,0,0,0,0,Never,Low,0,2.5,2,1,0,23,2024-01-24,0
P100032,24,Male,30.1,117.0,73.0,83.0,94.5,36.8,19.0,136.0,5.8,158.0,1.05,14.5,8.9,0,0,0,0,Never,High,0,3.0,5,0,0,1,2024-12-06,0
P100033,58,Male,29.4,137.0,92.0,98.0,92.9,36.1,19.0,79.0,5.4,162.0,0.97,12.3,4.7,0,1,1,0,Former,Low,0,2.9,8,0,0,19,2025-12-17,0
P100034,82,Male,21.8,143.0,94.0,64.0,96.3,36.8,20.0,93.0,7.1,208.0,0.44,15.6,7.2,1,1,1,0,Former,Moderate,0,3.3,4,4,1,5,2025-12-27,1
P100035,22,Male,33.7,136.0,84.0,74.0,95.2,36.6,16.0,125.0,,168.0,0.57,14.3,9.9,1,0,0,0,Current,High,0,2.2,4,0,0,11,2025-07-30,0
P100036,80,Female,28.0,119.0,78.0,53.0,98.4,36.5,19.0,90.0,6.5,168.0,1.19,13.2,5.4,0,0,0,0,Former,Low,3,2.8,4,2,0,17,2024-07-25,0
P100037,78,Female,18.5,107.0,79.0,83.0,92.6,36.1,16.0,64.0,7.2,254.0,1.51,10.7,5.7,1,0,1,0,Current,Moderate,2,1.7,6,0,4,9,2024-12-25,0
P100038,38,Female,27.2,135.0,84.0,86.0,97.0,36.4,25.0,72.0,4.7,154.0,0.9,13.3,7.2,0,0,0,0,Never,High,0,4.3,5,0,0,21,2025-01-13,0
P100039,64,Male,29.0,125.0,70.0,64.0,100.0,37.8,16.0,151.0,4.8,167.0,0.91,14.2,4.9,0,1,0,1,Former,Moderate,2,2.8,8,0,1,18,2025-08-13,1
P100040,30,Male,32.6,161.0,94.0,93.0,96.2,36.6,17.0,95.0,4.6,212.0,1.23,13.2,4.7,0,0,0,0,Former,High,0,2.7,2,3,0,16,2024-05-08,0
P100041,73,Male,25.7,167.0,100.0,67.0,96.5,37.2,16.0,124.0,7.7,193.0,1.07,14.9,6.3,0,1,1,0,Never,Moderate,0,3.8,7,4,1,10,2025-02-06,1
P100042,69,Male,31.8,168.0,81.0,72.0,97.3,36.7,15.0,79.0,5.5,143.0,1.27,14.0,6.5,1,0,0,0,Current,Moderate,0,3.7,5,0,0,17,2025-09-16,1
P100043,43,Female,28.5,115.0,85.0,77.0,97.4,36.6,13.0,124.0,4.6,263.0,0.9,13.6,8.5,0,0,0,0,Never,Moderate,1,2.7,6,0,1,8,2024-02-03,0
P100044,22,Female,20.7,138.0,92.0,95.0,95.8,36.5,20.0,98.0,5.8,165.0,0.8,14.1,5.2,0,0,0,0,Former,Moderate,1,1.0,4,0,0,36,2024-10-18,0
P100045,88,Male,20.1,151.0,104.0,66.0,94.7,37.5,16.0,134.0,4.0,186.0,1.34,13.0,7.1,0,1,0,1,Never,Moderate,3,5.1,3,2,0,21,2025-07-22,0
P100046,50,Female,33.3,145.0,98.0,79.0,97.7,37.0,15.0,95.0,4.9,212.0,1.19,13.4,9.5,0,0,0,0,Never,High,0,1.0,3,0,0,25,2025-01-04,1
P100047,83,Female,33.7,130.0,67.0,85.0,93.1,36.4,15.0,136.0,7.5,277.0,1.01,13.3,9.3,0,1,1,0,Never,Moderate,2,4.8,8,0,2,16,2025-10-28,1
P100048,67,Male,29.2,156.0,80.0,83.0,98.0,36.6,19.0,97.0,5.1,179.0,0.74,16.5,6.8,0,1,0,0,Never,Low,1,1.7,9,2,0,21,2025-06-02,1
P100049,74,Female,35.3,135.0,88.0,83.0,95.8,37.3,18.0,114.0,5.9,160.0,0.6,14.5,7.4,0,1,0,0,Never,Moderate,2,6.8,6,0,0,19,2025-06-02,0
P100050,73,Male,33.0,137.0,78.0,85.0,96.5,35.4,18.0,107.0,6.3,214.0,0.64,14.1,5.2,0,0,0,0,Former,Moderate,0,2.6,4,0,0,23,2025-06-01,0
P100051,32,Male,31.1,104.0,99.0,69.0,95.6,37.0,15.0,110.0,5.8,274.0,0.77,14.0,7.6,1,0,0,0,Never,Moderate,1,4.2,5,0,1,1,2024-03-17,0
P100052,44,Female,22.8,142.0,98.0,96.0,99.1,37.1,20.0,121.0,5.2,200.0,1.07,13.4,10.1,0,0,0,0,Former,Moderate,1,2.7,3,1,0,25,2024-11-24,0
P100053,52,Female,36.5,128.0,74.0,75.0,96.9,36.4,16.0,95.0,6.3,184.0,,11.5,9.6,0,0,0,0,Current,Low,0,6.7,3,1,0,17,2025-09-24,0
P100054,54,Male,30.3,140.0,81.0,73.0,95.9,36.9,18.0,109.0,7.1,210.0,0.56,13.1,7.0,0,0,0,0,Never,Low,1,4.5,3,1,1,10,2024-10-24,0
P100055,21,Female,25.5,133.0,73.0,92.0,95.9,37.1,18.0,113.0,4.5,116.0,1.02,12.5,7.7,0,0,0,0,Never,Low,1,1.6,3,0,0,20,2024-10-31,0
P100056,57,Female,24.0,136.0,80.0,68.0,96.2,36.2,12.0,131.0,5.4,172.0,1.46,9.6,5.5,0,0,0,0,Never,Moderate,1,3.7,8,2,2,11,2024-05-13,0
P100057,29,Female,28.8,129.0,78.0,80.0,100.0,37.2,25.0,106.0,5.5,,1.24,11.7,5.1,0,0,0,0,Former,Moderate,1,2.3,2,1,0,22,2025-06-25,0
P100058,72,Male,18.8,148.0,93.0,67.0,94.1,36.9,20.0,85.0,6.7,181.0,0.55,14.1,6.3,0,0,0,0,Former,High,1,5.0,6,2,1,17,2025-05-03,0
P100059,67,Female,31.1,131.0,74.0,106.0,98.4,36.7,19.0,118.0,6.0,176.0,1.16,17.3,7.5,1,1,0,0,Never,Moderate,3,1.9,6,2,0,25,2025-12-15,0
P100060,85,Female,22.5,111.0,58.0,104.0,97.5,36.9,19.0,142.0,6.1,95.0,1.37,12.2,8.4,0,1,0,0,Former,Low,0,1.1,9,1,1,9,2024-08-10,1
P100061,72,Female,29.4,144.0,67.0,75.0,99.3,37.2,25.0,69.0,4.7,202.0,0.93,14.2,6.8,1,1,0,0,Never,Moderate,0,4.0,5,2,0,16,2024-06-02,0
P100062,44,Female,,118.0,71.0,82.0,97.6,38.0,22.0,65.0,4.7,218.0,0.92,12.9,7.9,1,0,0,0,Former,Moderate,0,4.0,6,0,0,18,2025-12-08,0
P100063,88,Female,26.1,114.0,78.0,76.0,96.5,37.1,19.0,96.0,6.4,188.0,1.21,13.9,2.0,0,1,1,0,Current,Moderate,2,4.4,4,1,0,4,2024-09-06,0
P100064,47,Female,23.6,114.0,84.0,72.0,98.3,37.2,16.0,105.0,5.3,137.0,1.13,11.6,7.3,0,0,1,0,Current,High,0,2.8,4,2,0,19,2025-03-06,0
P100065,41,Female,26.7,136.0,71.0,77.0,96.9,36.9,16.0,55.0,5.4,243.0,1.08,10.9,5.8,0,0,0,0,Never,Moderate,0,2.4,3,0,2,12,2024-02-17,0
P100066,84,Female,37.3,134.0,72.0,76.0,97.9,37.8,12.0,138.0,6.2,267.0,,15.3,4.5,1,0,0,0,Never,Low,0,1.9,6,1,1,19,2024-05-03,1
P100067,45,Male,34.7,95.0,72.0,58.0,99.1,36.1,17.0,105.0,7.8,210.0,1.05,12.6,7.9,0,0,1,0,Never,High,1,6.8,8,0,1,22,2025-09-05,1
P100068,23,Male,29.3,122.0,69.0,79.0,96.7,35.9,20.0,55.0,5.0,182.0,0.74,16.8,9.9,0,0,0,0,Never,Moderate,1,3.2,4,1,0,13,2025-06-30,0
P100069,52,Female,27.4,152.0,77.0,75.0,95.7,36.9,20.0,73.0,7.1,182.0,0.88,12.6,7.0,1,0,0,0,Former,Low,1,2.3,6,0,1,29,2025-08-11,0
P100070,76,Female,31.9,127.0,78.0,80.0,95.3,37.1,20.0,106.0,7.3,211.0,0.86,12.0,8.8,0,1,0,1,Former,Moderate,3,3.8,8,1,1,5,2025-05-04,1
P100071,31,Female,33.4,127.0,88.0,75.0,97.3,35.5,16.0,55.0,6.3,198.0,0.81,12.4,6.2,0,0,0,0,Never,Moderate,0,4.2,4,2,0,4,2025-04-03,0
P100072,51,Male,23.2,150.0,72.0,72.0,94.9,36.8,20.0,146.0,5.0,212.0,1.16,17.0,11.1,0,0,0,0,Never,High,0,5.2,6,0,2,7,2025-03-30,1
P100073,27,Female,27.1,143.0,77.0,86.0,95.9,36.7,21.0,114.0,5.6,212.0,0.71,12.2,3.8,0,0,0,0,Current,Low,0,7.9,5,1,0,13,2025-09-03,0
P100074,68,Male,18.0,152.0,78.0,82.0,94.8,37.2,10.0,139.0,5.7,167.0,1.35,14.0,6.8,0,0,0,0,Never,High,1,6.3,7,1,0,13,2025-02-26,1
P100075,52,Male,33.3,90.0,90.0,93.0,97.4,37.0,19.0,76.0,7.6,164.0,0.73,16.1,8.5,0,1,0,0,Never,Low,2,1.3,7,1,1,18,2024-06-10,0
P100076,42,Male,38.2,161.0,80.0,82.0,95.1,35.9,25.0,125.0,6.1,184.0,1.03,15.3,6.9,1,1,0,0,Never,Moderate,0,4.8,6,0,0,15,2025-03-18,0
P100077,34,Male,27.9,141.0,92.0,74.0,94.2,36.3,17.0,86.0,5.4,213.0,1.19,17.7,9.8,0,0,0,0,Never,Low,0,1.9,7,2,0,18,2024-05-16,0
P100078,59,Female,16.4,175.0,71.0,83.0,94.5,36.4,10.0,107.0,7.5,136.0,1.15,14.9,2.9,0,0,0,1,Never,Moderate,0,3.8,5,2,1,1,2025-11-27,0
P100079,66,Female,30.7,121.0,82.0,52.0,95.5,37.2,15.0,127.0,5.7,186.0,0.53,12.2,6.8,0,1,0,0,Never,High,0,1.0,6,0,0,21,2025-01-31,0
P100080,86,Male,,106.0,78.0,101.0,95.6,37.0,12.0,116.0,6.7,194.0,1.15,16.6,6.5,0,1,0,0,Never,Moderate,0,1.4,6,2,1,6,2025-06-07,0
P100081,49,Female,24.1,132.0,70.0,79.0,97.0,36.5,16.0,140.0,6.4,177.0,0.79,10.3,6.8,0,0,0,0,Former,High,0,3.7,3,0,1,17,2024-06-18,0
P100082,29,Male,30.8,125.0,80.0,102.0,96.2,36.9,14.0,113.0,5.9,248.0,0.57,15.8,3.8,0,0,0,0,Current,Low,1,6.6,1,1,1,10,2025-09-24,0
P100083,78,Male,28.8,146.0,101.0,66.0,97.2,36.3,21.0,101.0,6.0,242.0,1.15,13.6,6.4,0,1,0,0,Never,Moderate,0,3.2,7,2,1,8,2024-06-23,0
P100084,63,Female,25.0,152.0,74.0,63.0,97.3,37.8,21.0,144.0,6.7,211.0,0.69,14.1,6.3,0,1,0,0,Former,Low,1,1.5,6,1,2,11,2024-11-20,0
P100085,69,Male,24.1,133.0,82.0,80.0,97.8,37.1,19.0,152.0,5.5,262.0,1.13,17.5,7.5,0,0,0,0,Never,High,0,2.6,7,0,2,16,2025-06-16,0
P100086,25,Female,28.2,125.0,67.0,80.0,93.1,37.2,22.0,111.0,6.5,228.0,1.33,10.7,9.2,0,0,0,0,Never,Moderate,0,4.0,9,0,1,28,2024-02-19,0
P100087,40,Male,25.4,140.0,67.0,80.0,94.5,37.5,16.0,157.0,5.4,200.0,1.05,16.0,7.2,0,1,1,0,Never,Moderate,2,8.2,6,0,1,19,2024-06-16,0
P100088,74,Male,21.7,131.0,76.0,78.0,97.5,37.3,18.0,108.0,7.3,177.0,1.01,15.9,7.8,1,0,0,0,Never,Moderate,0,2.1,13,1,1,18,2024-03-24,1
P100089,78,Female,25.8,130.0,79.0,68.0,96.9,36.8,26.0,113.0,7.1,180.0,1.04,14.2,9.5,1,1,1,1,Never,Low,3,6.9,10,2,1,16,2024-01-07,1
P100090,49,Female,29.3,150.0,78.0,58.0,98.3,36.7,20.0,112.0,6.3,209.0,1.25,11.7,9.4,0,0,0,0,Never,Moderate,0,9.2,6,1,0,8,2024-11-16,0
P100091,76,Male,26.6,157.0,81.0,79.0,93.7,37.4,20.0,112.0,6.0,181.0,0.99,14.5,2.2,0,0,0,0,Never,Low,0,1.0,9,2,0,16,2025-09-22,0
P100092,79,Male,20.1,154.0,67.0,61.0,95.6,36.8,15.0,106.0,7.1,137.0,0.96,13.2,8.6,0,0,0,0,Never,Low,0,3.1,7,2,1,7,2024-12-05,0
P100093,46,Female,32.6,129.0,76.0,59.0,96.0,36.4,17.0,86.0,6.3,181.0,0.73,13.8,8.6,0,0,0,0,Former,Moderate,0,2.5,7,0,0,34,2025-12-09,0
P100094,83,Male,16.0,100.0,89.0,71.0,96.8,37.8,14.0,83.0,4.0,234.0,0.85,12.6,6.5,0,0,0,0,Current,Moderate,0,3.6,2,1,0,20,2024-02-15,0
P100095,39,Male,25.2,128.0,68.0,81.0,96.6,36.3,24.0,114.0,4.9,97.0,1.22,13.9,6.1,0,0,0,0,Never,Low,0,1.2,5,1,0,7,2024-02-08,0
P100096,35,Female,24.3,117.0,78.0,100.0,97.3,35.9,13.0,151.0,5.8,248.0,0.82,14.1,4.7,0,0,0,0,Never,High,0,6.5,3,0,2,8,2024-04-20,0
P100097,67,Male,28.3,132.0,86.0,88.0,96.3,37.3,21.0,144.0,6.3,217.0,1.21,13.5,3.1,0,1,0,0,Never,High,2,2.8,3,1,1,7,2024-09-19,0
P100098,64,Female,30.4,122.0,75.0,93.0,99.0,36.4,20.0,128.0,6.6,186.0,1.22,12.6,8.7,0,0,1,0,Current,High,1,5.5,7,2,1,13,2024-01-24,0
P100099,28,Male,33.4,129.0,84.0,84.0,99.5,37.0,12.0,152.0,6.9,206.0,0.67,13.2,8.5,0,0,0,0,Former,Low,0,4.9,9,0,2,11,2025-05-30,0
P100100,78,Female,23.8,118.0,68.0,80.0,94.5,37.7,22.0,118.0,6.7,232.0,0.86,13.6,6.8,1,1,0,0,Never,High,0,5.9,8,0,1,15,2024-02-17,1
P100101,32,Female,30.6,108.0,90.0,106.0,96.6,36.1,17.0,74.0,4.0,196.0,1.11,13.0,8.4,0,0,0,0,Never,Moderate,0,1.6,5,1,0,12,2024-01-01,0
P100102,76,Male,28.5,156.0,87.0,60.0,97.9,36.8,13.0,104.0,6.3,231.0,1.12,13.5,9.0,0,1,1,0,Never,Moderate,1,4.2,9,0,0,16,2024-05-05,1
P100103,18,Male,18.6,112.0,81.0,71.0,97.6,37.5,19.0,104.0,6.5,227.0,0.85,13.7,3.4,0,0,0,0,Never,Low,0,3.0,4,1,0,23,2024-05-05,0
P100104,76,Male,37.4,135.0,95.0,72.0,95.8,37.1,15.0,99.0,6.2,,1.21,14.8,7.5,1,1,0,1,Never,Moderate,3,5.3,10,3,0,16,2024-04-01,1
P100105,75,Female,20.0,151.0,80.0,87.0,97.0,36.7,17.0,138.0,6.3,153.0,1.36,11.6,6.5,1,1,1,0,Never,Low,1,1.8,6,3,0,6,2024-12-23,1
P100106,74,Female,29.7,150.0,77.0,64.0,93.6,38.0,16.0,149.0,5.6,191.0,1.06,13.1,7.9,0,1,1,1,Former,High,1,4.9,5,2,1,12,2024-05-09,1
P100107,66,Female,29.5,147.0,97.0,85.0,96.5,36.8,15.0,55.0,6.8,117.0,0.89,13.2,7.4,0,0,0,0,Former,Low,1,2.6,8,1,1,3,2024-07-16,0
P100108,52,Male,28.9,137.0,101.0,83.0,93.9,37.0,14.0,107.0,5.5,212.0,1.04,14.8,8.5,1,1,0,0,Never,High,0,1.0,2,1,0,20,2024-07-11,0
P100109,69,Male,24.9,147.0,76.0,86.0,97.4,37.6,21.0,55.0,6.6,179.0,0.83,13.8,3.8,0,0,0,0,Never,High,0,19.8,7,1,1,12,2024-12-26,1
P100110,38,Female,31.8,154.0,80.0,86.0,94.5,37.3,19.0,107.0,6.0,172.0,1.0,14.1,9.6,0,1,0,0,Former,Low,1,3.5,6,2,0,10,2024-06-04,0
P100111,74,Female,19.4,142.0,94.0,94.0,96.8,37.5,19.0,113.0,6.1,220.0,1.07,14.6,6.0,0,0,0,0,Current,Moderate,2,8.1,5,1,0,5,2024-12-06,0
P100112,58,Female,27.2,102.0,82.0,75.0,97.1,36.4,17.0,176.0,6.3,147.0,0.8,14.2,6.7,0,0,0,0,Current,Moderate,2,1.0,5,0,1,14,2024-05-05,1
P100113,51,Male,24.6,123.0,88.0,82.0,96.6,37.4,18.0,164.0,6.0,199.0,0.89,14.9,3.5,0,0,0,0,Never,Low,1,3.2,8,0,1,19,2024-02-12,0
P100114,54,Male,24.0,144.0,90.0,67.0,95.4,36.9,15.0,145.0,7.0,182.0,0.92,12.5,6.8,0,0,0,0,Never,Moderate,0,2.8,11,0,2,9,2024-12-18,0
P100115,59,Male,29.7,122.0,77.0,64.0,96.1,36.4,15.0,80.0,6.5,188.0,1.23,17.1,7.0,0,0,0,0,Current,Moderate,0,5.0,9,2,0,20,2025-01-05,0
P100116,20,Male,33.1,156.0,84.0,97.0,98.6,36.9,24.0,71.0,6.4,206.0,0.66,14.7,6.8,0,0,0,0,Never,Low,1,3.6,2,1,0,7,2025-05-29,0
P100117,28,Male,25.7,128.0,81.0,66.0,95.7,36.9,21.0,70.0,4.8,264.0,0.71,15.1,5.5,0,0,0,0,Never,Moderate,0,11.7,1,1,1,10,2024-12-13,0
P100118,35,Female,31.6,132.0,69.0,84.0,96.5,37.7,16.0,163.0,4.9,210.0,0.85,12.1,4.6,0,1,0,0,Former,Moderate,1,6.0,2,2,1,10,2024-08-09,0
P100119,26,Male,27.8,148.0,71.0,82.0,95.5,37.0,13.0,76.0,5.6,247.0,1.09,14.3,8.3,0,0,0,0,Never,High,0,3.2,2,1,1,18,2025-04-08,0
P100120,50,Female,22.9,129.0,75.0,90.0,98.3,36.4,12.0,99.0,,248.0,1.2,15.0,3.5,0,0,0,0,Former,High,1,5.4,3,0,1,26,2024-04-20,0
P100121,66,Female,26.2,137.0,92.0,56.0,96.6,36.3,16.0,83.0,6.5,224.0,1.12,14.4,8.6,0,0,0,0,Current,Low,0,2.7,6,0,0,25,2024-09-02,1
P100122,65,Female,25.9,149.0,93.0,87.0,95.1,36.8,18.0,71.0,5.3,125.0,1.25,12.7,10.4,0,0,0,0,Never,Moderate,1,3.6,7,2,0,21,2024-08-26,0
P100123,52,Female,23.9,107.0,90.0,75.0,96.5,36.1,18.0,124.0,6.5,186.0,1.33,15.5,11.4,1,0,0,0,Never,Moderate,1,4.8,6,0,1,24,2025-01-10,0
P100124,80,Male,29.7,131.0,88.0,69.0,96.1,36.4,19.0,123.0,5.6,154.0,1.13,13.1,4.8,0,0,0,0,Never,Moderate,1,2.1,4,0,0,6,2024-02-29,0
P100125,59,Female,28.7,147.0,87.0,73.0,99.0,36.7,19.0,55.0,6.5,304.0,0.8,10.7,8.2,1,0,0,0,Never,Low,1,1.9,4,2,2,1,2024-09-11,0
P100126,23,Male,19.2,130.0,83.0,88.0,96.4,36.6,14.0,62.0,5.7,157.0,0.9,11.7,5.9,0,0,0,0,Never,Low,1,1.3,4,0,0,14,2025-08-22,0
P100127,73,Female,18.9,160.0,87.0,85.0,94.0,37.2,23.0,125.0,5.9,138.0,0.69,14.4,9.4,1,0,1,0,Former,High,1,6.9,3,2,0,18,2024-07-04,0
P100128,59,Female,29.7,106.0,87.0,74.0,97.4,36.4,17.0,111.0,5.4,90.0,1.14,12.2,7.8,0,0,0,0,Never,Low,0,2.5,3,0,0,24,2025-05-04,0
P100129,64,Female,23.3,105.0,69.0,62.0,99.7,35.6,19.0,100.0,6.1,156.0,0.9,13.0,6.4,0,1,0,0,Current,Moderate,1,4.0,6,0,0,21,2025-07-22,1
P100130,59,Male,29.1,146.0,75.0,63.0,98.7,36.0,16.0,135.0,6.0,200.0,1.06,16.2,5.2,0,0,0,0,Current,High,0,4.2,4,0,0,17,2025-05-11,0
P100131,58,Male,31.6,148.0,72.0,85.0,94.5,36.8,19.0,63.0,5.0,236.0,1.0,15.1,6.3,0,0,0,0,Never,Low,0,1.0,8,0,0,21,2024-05-24,1
P100132,24,Male,20.9,126.0,92.0,61.0,96.0,36.5,25.0,86.0,6.0,154.0,0.81,12.8,5.7,0,0,0,0,Never,Moderate,0,1.7,1,0,0,15,2025-10-27,0
P100133,58,Male,20.2,140.0,99.0,75.0,96.4,36.2,15.0,132.0,6.9,240.0,1.09,17.0,7.0,0,0,0,0,Former,Low,0,1.7,5,0,1,24,2024-09-19,0
P100134,76,Female,,148.0,62.0,108.0,96.5,37.8,14.0,94.0,6.9,193.0,1.04,12.8,7.1,0,0,0,0,Current,Low,0,3.1,3,2,1,17,2024-01-19,1
P100135,40,Male,29.3,117.0,97.0,82.0,97.2,37.2,15.0,121.0,6.0,177.0,0.79,14.5,5.9,0,0,0,0,Never,Low,2,5.1,9,2,0,25,2025-12-27,1
P100136,62,Male,25.3,121.0,84.0,85.0,95.9,36.8,17.0,74.0,5.5,202.0,,13.5,5.7,1,0,0,0,Former,Low,0,5.4,8,2,0,26,2025-05-24,0
P100137,20,Female,22.6,132.0,90.0,63.0,94.9,36.9,16.0,78.0,5.6,249.0,1.01,11.5,8.3,0,0,0,0,Current,Low,0,4.8,0,0,1,17,2025-11-05,0
P100138,43,Male,24.8,147.0,87.0,61.0,98.2,36.7,14.0,55.0,5.6,197.0,0.64,14.9,8.4,0,0,0,0,Former,Moderate,0,5.6,4,0,0,27,2025-05-03,0
P100139,49,Female,21.3,112.0,96.0,86.0,94.5,36.2,18.0,55.0,5.9,153.0,1.5,11.0,5.4,0,0,0,0,Never,Moderate,0,8.0,5,1,1,12,2024-02-05,0
P100140,89,Male,32.1,133.0,86.0,73.0,95.1,37.3,23.0,102.0,7.1,211.0,1.48,14.5,6.9,0,0,1,0,Current,Low,1,1.7,7,2,2,10,2024-08-04,0
P100141,33,Male,23.5,126.0,67.0,90.0,94.5,37.2,17.0,125.0,5.5,211.0,0.5,17.0,5.3,0,0,0,0,Never,Low,1,1.8,7,0,0,25,2024-05-01,0
P100142,38,Female,33.2,138.0,80.0,78.0,97.6,35.8,18.0,106.0,4.0,188.0,1.14,14.3,12.2,0,0,0,0,Current,Moderate,0,2.9,2,1,1,26,2024-10-16,0
P100143,47,Female,25.4,131.0,87.0,119.0,96.7,36.9,19.0,152.0,6.5,234.0,1.31,13.5,5.1,0,1,1,0,Former,High,1,3.3,8,1,1,18,2025-10-30,1
P100144,90,Female,22.1,128.0,82.0,70.0,98.1,37.0,20.0,105.0,6.6,108.0,0.96,11.6,7.5,0,0,1,0,Never,High,2,4.6,7,1,1,13,2025-06-22,1
P100145,80,Female,25.3,157.0,90.0,81.0,95.1,36.6,23.0,55.0,6.3,209.0,1.19,13.1,7.9,1,0,0,0,Current,Low,0,6.0,6,2,0,14,2025-05-05,0
P100146,20,Male,16.0,119.0,80.0,66.0,94.2,37.8,19.0,119.0,4.4,225.0,0.87,13.4,5.7,0,0,0,0,Former,Moderate,1,1.1,2,0,0,29,2024-11-11,0
P100147,35,Female,26.9,125.0,75.0,90.0,95.7,37.8,18.0,72.0,4.9,140.0,1.15,15.4,5.3,0,0,0,0,Former,Low,0,9.0,4,1,0,15,2025-06-06,0
P100148,77,Male,26.6,108.0,73.0,82.0,96.2,36.6,15.0,121.0,5.5,139.0,0.96,13.9,6.4,0,0,0,0,Never,Moderate,1,3.2,4,4,0,12,2025-06-05,0
P100149,22,Female,31.8,117.0,76.0,66.0,96.9,36.7,21.0,55.0,4.9,233.0,1.2,12.0,5.3,0,0,0,0,Never,Moderate,0,3.0,4,2,0,12,2024-07-24,0
P100150,80,Male,17.7,144.0,86.0,73.0,93.5,36.6,15.0,108.0,5.7,240.0,1.05,14.3,7.4,1,0,0,1,Never,Moderate,0,3.9,2,2,0,16,2024-06-16,0
P100151,38,Female,33.5,136.0,62.0,94.0,97.4,36.5,15.0,134.0,4.6,247.0,0.88,12.0,5.3,0,0,0,0,Former,Low,0,2.9,3,2,1,7,2025-01-31,0
P100152,84,Male,31.8,146.0,76.0,92.0,94.9,36.3,19.0,138.0,8.1,169.0,1.28,15.0,7.3,0,1,1,0,Former,Moderate,1,5.2,7,4,1,11,2024-06-01,1
P100153,39,Female,34.0,140.0,61.0,60.0,95.3,37.1,23.0,101.0,7.0,203.0,1.22,15.9,2.9,0,0,0,0,Former,Moderate,1,3.2,8,2,1,6,2024-03-01,0
P100154,49,Female,27.2,167.0,76.0,72.0,98.6,37.8,21.0,110.0,6.0,208.0,0.4,13.2,5.4,0,0,0,0,Current,High,2,13.0,4,2,0,14,2025-09-24,1
P100155,66,Female,32.8,121.0,95.0,99.0,92.6,37.6,18.0,97.0,6.0,130.0,0.4,11.8,6.2,0,0,0,0,Never,Low,2,1.0,5,1,0,17,2024-08-24,0
P100156,27,Female,19.8,102.0,69.0,75.0,97.1,37.2,15.0,97.0,7.2,201.0,1.03,13.0,9.0,0,0,0,0,Never,Moderate,0,1.0,3,0,1,15,2024-10-13,0
P100157,58,Male,31.2,115.0,90.0,79.0,97.1,35.6,23.0,135.0,7.4,200.0,0.84,12.7,3.3,0,0,0,0,Never,High,1,2.6,2,1,1,11,2025-03-12,0
P100158,54,Male,23.5,121.0,111.0,90.0,95.0,35.9,18.0,86.0,5.2,223.0,0.64,18.0,9.0,0,1,0,0,Former,Moderate,1,9.5,6,1,0,15,2024-08-03,0
P100159,75,Female,18.9,118.0,98.0,61.0,95.7,37.3,17.0,94.0,6.3,173.0,0.97,15.9,8.3,0,0,0,0,Never,Moderate,0,5.9,5,2,0,15,2024-01-26,0
P100160,90,Male,21.7,138.0,86.0,66.0,98.7,37.6,20.0,64.0,6.1,243.0,1.94,16.5,3.4,1,0,0,1,Never,Low,3,4.4,14,3,2,1,2025-03-17,1
P100161,66,Male,27.5,155.0,92.0,73.0,100.0,37.1,16.0,138.0,5.7,198.0,0.68,15.7,8.1,0,0,0,0,Never,Moderate,1,1.2,6,1,0,10,2024-01-29,0
P100162,47,Male,23.2,158.0,68.0,92.0,98.4,36.6,15.0,100.0,5.6,260.0,1.24,14.4,5.1,0,0,0,0,Never,Moderate,1,6.8,8,0,1,21,2024-10-14,0
P100163,47,Female,29.5,140.0,66.0,89.0,99.9,37.5,16.0,67.0,5.7,223.0,0.78,13.0,8.1,1,1,0,0,Never,High,1,2.0,7,0,0,20,2025-08-22,0
P100164,48,Male,18.1,168.0,82.0,86.0,95.3,37.2,16.0,140.0,6.0,206.0,0.59,14.3,8.3,0,1,0,0,Former,Moderate,0,1.0,6,0,0,17,2024-02-10,0
P100165,77,Male,16.4,129.0,88.0,76.0,93.7,37.4,14.0,113.0,6.3,150.0,0.91,18.0,8.6,1,0,0,0,Never,Moderate,2,8.2,12,4,0,14,2025-06-05,1
P100166,41,Female,34.6,103.0,92.0,91.0,96.4,35.9,14.0,82.0,7.0,145.0,0.58,12.9,5.9,0,1,0,0,Never,Moderate,0,1.8,5,1,1,15,2024-05-10,0
P100167,30,Male,32.2,148.0,75.0,75.0,97.9,37.0,21.0,138.0,4.8,256.0,0.5,13.8,8.4,0,1,0,0,Never,Low,0,6.3,5,0,1,19,2025-08-16,0
P100168,42,Male,22.0,100.0,83.0,84.0,93.2,37.7,20.0,97.0,6.6,228.0,0.77,14.4,10.1,1,0,0,0,Former,Low,0,1.8,7,0,1,14,2025-07-12,0
P100169,19,Male,27.5,115.0,82.0,88.0,94.8,37.1,15.0,55.0,4.5,184.0,0.6,15.4,6.4,0,0,0,0,Never,Moderate,0,3.3,7,0,0,19,2024-09-12,0
P100170,25,Female,32.8,138.0,79.0,98.0,95.0,37.3,21.0,139.0,5.7,179.0,0.88,8.0,6.7,0,0,0,0,Never,High,2,1.6,6,0,1,15,2025-05-19,0
P100171,24,Male,29.7,127.0,80.0,77.0,97.1,36.8,19.0,76.0,6.4,203.0,0.97,15.2,8.4,0,0,0,0,Never,Low,0,1.5,2,0,0,19,2024-05-03,0
P100172,74,Female,28.3,132.0,75.0,73.0,96.9,36.9,17.0,220.0,6.6,144.0,0.85,9.4,2.0,0,0,0,0,Never,Moderate,1,2.9,11,3,3,4,2025-09-02,1
P100173,70,Male,33.2,114.0,86.0,93.0,95.1,37.5,14.0,98.0,5.8,177.0,1.24,16.8,5.0,0,0,0,0,Current,Moderate,1,3.5,9,1,0,15,2024-03-12,0
P100174,68,Male,23.7,134.0,85.0,94.0,96.8,36.5,19.0,55.0,6.3,218.0,0.87,12.0,9.0,0,0,0,0,Never,Moderate,3,5.3,3,1,0,10,2025-05-28,0
P100175,51,Male,27.7,149.0,78.0,71.0,94.4,36.4,25.0,172.0,7.3,223.0,0.96,13.4,7.3,0,1,0,0,Never,High,0,1.0,4,0,2,12,2025-04-28,0
P100176,70,Male,27.4,135.0,90.0,64.0,95.7,36.6,18.0,112.0,5.5,181.0,0.45,11.7,6.6,0,1,0,0,Never,Moderate,0,4.1,4,3,0,16,2025-01-26,0
P100177,29,Male,26.1,115.0,91.0,92.0,94.2,36.8,21.0,115.0,6.1,256.0,0.96,17.3,5.1,0,0,0,0,Current,Low,1,3.4,5,2,1,14,2024-04-21,1
P100178,83,Male,25.5,115.0,91.0,57.0,96.2,36.0,17.0,129.0,7.1,235.0,1.73,14.6,7.1,1,0,0,0,Current,Moderate,2,9.9,12,3,2,8,2024-12-17,1
P100179,54,Male,27.9,119.0,72.0,57.0,95.1,37.2,21.0,63.0,5.5,166.0,1.23,17.9,5.9,0,0,0,0,Never,Moderate,0,3.7,3,0,0,22,2024-07-23,0
P100180,86,Female,27.7,143.0,85.0,74.0,97.7,36.7,17.0,55.0,7.8,147.0,1.06,16.2,3.5,1,1,0,0,Former,Moderate,2,1.0,12,2,1,1,2024-09-16,0
P100181,29,Female,22.0,135.0,72.0,77.0,96.5,37.2,10.0,175.0,7.4,218.0,0.61,15.1,9.6,0,0,0,0,Current,Moderate,1,1.6,2,0,2,16,2024-03-31,0
P100182,54,Female,31.7,119.0,83.0,63.0,96.1,35.7,15.0,56.0,6.8,178.0,1.47,11.1,5.6,0,0,0,0,Never,Moderate,0,4.0,8,1,2,10,2024-01-03,0
P100183,68,Female,22.4,97.0,74.0,79.0,99.7,37.2,18.0,171.0,7.0,171.0,1.01,13.4,6.5,0,0,0,0,Never,Low,0,2.5,5,2,2,2,2025-07-21,0
P100184,54,Female,26.4,140.0,95.0,79.0,97.2,37.5,22.0,129.0,4.3,203.0,0.82,15.2,3.4,0,1,0,0,Never,Low,2,1.2,3,1,0,9,2024-11-03,1
P100185,50,Female,26.0,117.0,90.0,70.0,95.8,37.0,17.0,116.0,4.6,222.0,0.82,13.8,5.9,1,0,0,0,Never,Moderate,3,3.7,9,4,0,1,2025-04-10,1
P100186,30,Female,29.4,141.0,92.0,100.0,95.4,36.8,18.0,90.0,5.5,225.0,1.52,12.6,9.0,0,0,0,0,Never,Moderate,1,1.7,6,1,1,27,2024-11-13,0
P100187,45,Male,16.5,119.0,92.0,81.0,94.4,37.2,16.0,190.0,5.1,197.0,0.95,15.1,8.9,0,0,0,0,Never,High,2,3.4,3,0,1,26,2024-12-26,0
P100188,35,Female,32.1,113.0,78.0,90.0,96.4,37.4,23.0,83.0,6.2,108.0,1.08,13.9,7.1,0,0,0,0,Never,Moderate,0,2.1,6,1,0,17,2025-08-04,0
P100189,40,Male,24.0,133.0,77.0,59.0,97.1,37.1,23.0,85.0,4.0,231.0,0.91,12.4,5.8,1,0,0,0,Never,High,1,3.3,4,1,0,22,2025-10-27,0
P100190,67,Female,33.8,174.0,100.0,58.0,93.1,37.1,16.0,137.0,6.6,164.0,1.03,12.3,7.1,0,0,1,0,Current,Moderate,1,3.5,6,3,1,8,2024-03-22,1
P100191,64,Female,25.0,146.0,81.0,82.0,94.0,37.6,13.0,89.0,5.8,,0.92,14.2,8.0,0,1,0,0,Former,Moderate,0,2.0,4,2,0,7,2024-08-30,0
P100192,62,Male,27.2,136.0,69.0,98.0,95.6,37.2,12.0,77.0,5.5,190.0,1.43,15.9,4.0,1,0,0,1,Former,High,0,5.9,5,2,1,8,2025-02-10,0
P100193,44,Male,37.5,137.0,92.0,64.0,94.5,36.4,20.0,107.0,7.4,280.0,0.99,15.0,7.5,0,0,0,0,Former,Low,0,5.6,4,2,2,2,2025-11-09,0
P100194,88,Male,26.1,107.0,86.0,78.0,96.6,37.4,18.0,141.0,6.0,273.0,0.72,14.0,8.5,0,1,0,0,Never,High,1,4.1,7,3,2,3,2024-08-11,1
P100195,24,Male,33.9,110.0,95.0,61.0,96.8,36.7,15.0,171.0,4.0,178.0,1.03,14.3,6.9,0,0,0,0,Former,Low,0,2.2,3,1,1,10,2024-10-24,0
P100196,43,Female,,90.0,84.0,67.0,96.3,36.8,19.0,182.0,6.1,144.0,0.95,12.1,7.0,0,0,0,0,Never,Low,1,2.3,8,0,1,14,2025-11-08,1
P100197,26,Female,29.7,159.0,80.0,78.0,97.5,36.9,14.0,55.0,5.9,147.0,1.03,13.0,5.5,0,0,0,0,Never,Moderate,0,3.7,4,1,0,20,2024-07-23,0
P100198,42,Female,27.9,157.0,97.0,70.0,95.4,37.3,21.0,145.0,5.5,205.0,0.88,14.5,7.6,0,1,1,0,Never,High,0,2.1,4,1,1,4,2024-07-04,0
P100199,88,Female,31.9,143.0,69.0,60.0,96.4,37.7,17.0,83.0,8.4,174.0,0.96,16.8,10.2,0,0,1,0,Never,High,0,9.0,4,6,1,1,2025-02-18,1
P100200,44,Male,23.9,134.0,76.0,60.0,94.7,36.8,14.0,76.0,5.9,153.0,1.23,12.8,9.8,0,0,0,0,Former,Low,0,1.0,3,0,0,24,2024-05-17,0
P100201,84,Male,22.4,110.0,75.0,53.0,97.0,37.7,17.0,97.0,7.1,175.0,1.62,16.5,5.8,0,1,0,1,Former,Low,1,2.0,6,2,2,4,2025-08-06,1
P100202,54,Female,24.2,129.0,60.0,82.0,96.6,36.9,17.0,90.0,6.1,212.0,0.49,13.8,6.3,0,0,0,0,Former,Moderate,1,3.7,4,0,0,18,2025-12-11,0
P100203,69,Female,,165.0,92.0,83.0,94.3,37.5,19.0,76.0,7.2,192.0,1.08,10.8,9.7,0,0,0,0,Current,High,0,3.7,5,3,2,1,2024-12-30,0
P100204,51,Female,26.4,134.0,76.0,83.0,96.2,36.9,22.0,55.0,5.5,177.0,0.85,13.1,8.2,1,0,0,0,Never,Moderate,2,2.0,7,1,0,12,2024-10-11,0
P100205,37,Male,31.2,121.0,90.0,65.0,96.4,36.6,22.0,158.0,4.7,181.0,,14.3,8.1,0,0,0,0,Never,Moderate,2,1.5,2,1,1,22,2025-12-30,0
P100206,73,Female,34.3,105.0,87.0,88.0,97.0,37.8,19.0,146.0,6.8,189.0,0.47,13.2,3.4,0,1,0,0,Never,Moderate,2,2.4,2,0,2,12,2024-03-18,0
P100207,88,Female,22.4,160.0,90.0,84.0,97.1,36.5,17.0,116.0,6.5,203.0,1.22,14.8,8.8,0,1,0,0,Never,Moderate,2,3.6,11,0,0,14,2025-04-29,1
P100208,37,Male,23.7,129.0,77.0,76.0,95.2,36.5,16.0,74.0,6.4,206.0,0.83,17.6,6.4,0,1,0,0,Never,High,2,1.4,1,0,0,21,2025-01-01,0
P100209,74,Male,20.0,105.0,76.0,74.0,97.9,36.2,12.0,158.0,5.5,132.0,0.92,16.5,7.5,0,1,0,0,Never,High,0,7.0,5,0,1,25,2025-04-08,0
P100210,37,Male,38.1,115.0,82.0,68.0,97.4,37.4,18.0,106.0,6.1,201.0,1.3,14.9,5.6,0,0,0,0,Never,Moderate,0,2.3,3,2,0,9,2024-08-07,1
P100211,70,Male,29.1,113.0,92.0,78.0,95.2,37.6,15.0,94.0,4.6,181.0,0.94,15.1,10.3,0,1,0,0,Never,Low,1,6.3,8,1,0,22,2025-03-15,1
P100212,75,Male,30.0,133.0,83.0,95.0,94.4,37.0,22.0,57.0,5.7,156.0,0.94,17.7,5.1,0,0,0,0,Never,Moderate,0,2.4,9,0,0,7,2024-09-01,0
P100213,50,Female,20.5,136.0,75.0,90.0,95.3,36.3,17.0,129.0,5.2,181.0,0.63,11.6,10.9,0,0,0,0,Former,Moderate,0,2.3,2,0,0,31,2025-06-26,0
P100214,71,Female,27.5,126.0,71.0,73.0,93.9,36.8,21.0,102.0,6.5,239.0,0.81,15.1,7.1,1,0,0,1,Never,Low,2,4.4,6,1,0,16,2025-05-26,1
P100215,37,Male,30.1,144.0,83.0,82.0,96.9,36.6,16.0,117.0,5.2,226.0,1.37,12.9,6.7,1,0,0,0,Never,Moderate,1,2.3,11,0,0,16,2024-07-10,0
P100216,23,Female,26.2,130.0,75.0,63.0,98.6,36.3,16.0,111.0,4.2,,1.09,10.9,5.2,0,1,0,0,Never,Moderate,0,5.8,3,0,1,13,2024-11-04,0
P100217,25,Female,33.1,147.0,80.0,85.0,99.1,36.6,20.0,128.0,5.0,161.0,1.29,14.1,6.0,0,0,0,0,Never,Moderate,3,5.6,3,2,0,14,2024-09-09,1
P100218,50,Male,39.5,126.0,80.0,66.0,94.5,37.1,19.0,118.0,6.3,143.0,0.76,12.1,6.6,0,1,1,0,Never,Moderate,2,6.6,5,2,0,17,2024-07-25,0
P100219,83,Male,22.6,188.0,80.0,84.0,97.9,36.5,19.0,105.0,6.3,159.0,1.2,14.0,7.3,0,0,0,0,Never,Moderate,1,2.6,9,0,0,17,2025-12-08,0
P100220,27,Male,22.2,120.0,84.0,112.0,96.7,36.9,18.0,126.0,4.9,195.0,1.22,16.7,8.1,0,0,0,0,Never,Moderate,1,3.1,5,0,0,30,2024-09-07,0
P100221,51,Female,22.9,117.0,88.0,69.0,92.2,35.9,21.0,144.0,6.6,196.0,1.17,11.8,6.6,1,0,0,0,Never,Moderate,2,4.1,9,0,2,20,2025-11-15,0
P100222,69,Female,35.9,117.0,103.0,111.0,95.9,37.6,20.0,168.0,7.4,170.0,1.5,15.9,8.1,1,1,1,0,Never,High,0,8.5,9,2,3,2,2024-09-20,1
P100223,32,Female,32.9,126.0,88.0,82.0,95.7,36.6,10.0,68.0,6.4,228.0,1.06,9.8,9.4,0,0,0,0,Former,Low,2,5.8,3,1,1,7,2025-04-08,0
P100224,70,Female,26.8,105.0,99.0,67.0,98.7,37.2,17.0,153.0,4.0,210.0,1.06,14.8,9.1,0,0,1,0,Never,High,0,5.2,4,2,1,12,2025-03-01,0
P100225,40,Male,27.7,136.0,73.0,66.0,94.9,36.9,22.0,55.0,5.9,94.0,0.4,12.5,8.3,0,0,0,0,Former,High,1,1.0,0,1,0,18,2024-12-18,0
P100226,77,Male,23.3,103.0,68.0,104.0,97.5,37.0,14.0,151.0,6.0,199.0,1.2,,8.0,1,0,0,0,Current,Moderate,2,6.1,6,1,1,10,2024-11-23,0
P100227,60,Female,32.1,136.0,82.0,82.0,96.3,36.2,12.0,91.0,4.1,224.0,1.2,13.5,4.9,0,0,0,0,Current,High,0,4.9,10,3,0,11,2025-02-03,1
P100228,57,Male,25.5,110.0,91.0,69.0,93.9,36.4,18.0,141.0,4.7,203.0,1.34,14.2,7.4,1,1,0,0,Former,Moderate,0,3.9,12,0,1,19,2025-09-20,1
P100229,30,Male,26.1,123.0,88.0,74.0,95.5,36.4,20.0,159.0,6.3,217.0,0.72,14.2,4.8,0,0,0,0,Never,Low,0,1.7,2,0,1,23,2024-01-17,0
P100230,51,Male,,142.0,94.0,81.0,99.3,36.8,16.0,118.0,6.0,185.0,0.99,12.4,9.0,0,0,0,1,Former,Moderate,2,4.2,6,2,0,8,2025-03-09,0
P100231,80,Male,26.5,175.0,58.0,76.0,96.2,37.5,23.0,116.0,6.2,193.0,0.64,16.7,7.6,0,0,0,0,Never,High,1,2.6,7,2,0,1,2025-09-15,0
P100232,19,Male,26.3,110.0,93.0,80.0,98.1,37.0,24.0,103.0,4.8,193.0,0.46,12.8,9.3,0,0,0,0,Former,Moderate,0,2.1,2,0,0,15,2024-08-29,0
P100233,73,Male,27.6,132.0,87.0,97.0,98.0,36.3,11.0,100.0,7.1,202.0,1.21,12.8,9.4,0,1,0,0,Never,High,0,2.4,7,2,1,1,2025-12-21,1
P100234,53,Male,31.6,120.0,67.0,62.0,95.7,36.8,17.0,152.0,4.7,173.0,1.36,14.5,7.9,1,0,0,0,Current,High,1,1.0,7,1,1,6,2024-08-27,0
P100235,70,Female,36.1,120.0,90.0,84.0,94.2,36.8,10.0,112.0,5.2,237.0,1.42,12.2,5.6,0,1,0,0,Never,Low,0,2.1,6,1,1,1,2024-05-08,0
P100236,66,Female,30.5,122.0,85.0,75.0,94.4,36.6,20.0,55.0,5.7,249.0,1.17,14.5,2.5,0,0,0,1,Former,High,0,6.2,3,4,1,17,2025-09-24,0
P100237,49,Female,31.7,146.0,86.0,70.0,99.1,36.8,16.0,143.0,4.4,175.0,1.57,12.4,8.1,0,0,0,0,Never,Low,2,9.6,7,1,2,1,2024-08-08,1
P100238,40,Female,26.5,123.0,91.0,89.0,96.8,37.2,16.0,139.0,4.9,151.0,0.86,13.2,6.7,0,0,0,0,Never,High,1,1.1,2,1,0,31,2025-07-10,0
P100239,63,Female,23.8,172.0,87.0,58.0,93.4,36.4,22.0,116.0,6.9,144.0,1.29,13.4,8.6,0,1,0,0,Former,Low,1,5.9,7,1,1,1,2025-02-18,1
P100240,28,Male,30.9,136.0,66.0,48.0,98.0,36.6,13.0,80.0,4.8,210.0,0.56,16.1,8.4,0,0,0,0,Former,Moderate,0,1.0,4,1,0,22,2025-07-07,0
P100241,60,Female,28.4,116.0,81.0,79.0,93.3,37.3,12.0,73.0,6.6,,0.4,12.4,8.2,0,0,0,0,Never,Moderate,1,1.9,8,2,1,8,2024-08-08,0
P100242,24,Female,20.1,123.0,64.0,74.0,95.0,37.0,10.0,80.0,,211.0,0.79,10.7,7.5,0,0,0,0,Never,High,0,2.0,7,1,1,19,2025-05-27,0
P100243,65,Female,25.8,120.0,89.0,60.0,96.6,37.4,22.0,122.0,5.8,214.0,1.01,12.0,3.7,0,0,0,0,Current,Moderate,0,2.6,6,0,0,23,2024-01-21,0
P100244,63,Male,27.1,147.0,97.0,55.0,100.0,37.5,22.0,55.0,4.7,173.0,1.1,16.3,9.5,1,1,0,0,Never,Moderate,0,3.6,5,0,0,10,2024-06-03,0
P100245,24,Male,24.8,101.0,68.0,99.0,98.0,36.1,17.0,122.0,5.5,119.0,0.87,15.1,4.5,0,1,0,0,Never,Moderate,2,1.0,3,1,0,28,2024-10-03,0
P100246,73,Female,35.2,112.0,77.0,82.0,95.6,36.9,14.0,119.0,4.2,176.0,,12.6,5.7,0,0,0,1,Never,High,0,5.8,5,1,0,6,2024-06-06,0
P100247,48,Female,30.0,122.0,73.0,76.0,96.6,36.5,21.0,157.0,5.3,258.0,1.48,13.3,6.3,0,0,0,0,Never,Low,1,1.4,7,0,3,7,2025-04-23,1
P100248,75,Female,34.6,147.0,79.0,102.0,98.2,36.2,28.0,141.0,6.3,205.0,,12.8,7.0,0,0,0,0,Former,High,2,1.0,8,3,1,22,2025-01-31,1
P100249,21,Female,28.9,149.0,84.0,88.0,99.1,36.4,17.0,81.0,6.2,211.0,0.7,14.4,6.4,0,0,0,0,Never,Moderate,1,10.5,2,2,0,16,2025-11-29,0
P100250,31,Male,27.9,153.0,76.0,97.0,96.1,36.6,14.0,55.0,5.4,229.0,0.4,15.1,5.9,0,0,0,0,Former,Moderate,0,4.0,8,0,0,16,2024-08-26,0
P100251,54,Male,22.6,141.0,89.0,62.0,96.1,36.7,22.0,84.0,5.3,163.0,0.71,14.2,8.6,0,0,0,0,Never,Moderate,0,2.7,5,1,0,16,2025-08-02,0
P100252,31,Female,27.6,128.0,92.0,61.0,95.0,36.5,14.0,157.0,5.0,203.0,1.32,14.6,4.3,1,0,1,0,Never,High,1,1.7,11,1,1,14,2025-02-20,1
P100253,42,Female,27.6,145.0,93.0,83.0,97.7,36.8,17.0,121.0,5.3,214.0,0.83,15.0,6.2,0,1,0,0,Never,Low,0,9.0,4,1,0,23,2024-05-11,0
P100254,66,Male,20.4,114.0,72.0,81.0,98.3,38.0,10.0,136.0,6.6,160.0,1.24,13.2,2.8,0,0,1,0,Never,High,0,4.1,9,4,1,11,2024-05-17,0
P100255,28,Male,24.7,98.0,95.0,91.0,93.0,35.9,17.0,86.0,5.9,209.0,1.11,13.2,4.9,0,0,0,0,Current,Low,0,2.6,2,0,0,15,2024-08-18,0
P100256,67,Male,25.8,141.0,98.0,56.0,95.8,37.4,14.0,132.0,6.0,244.0,1.04,18.0,3.9,0,0,0,0,Never,Moderate,0,6.6,5,2,1,15,2024-09-14,1
P100257,25,Male,29.7,112.0,96.0,84.0,94.3,36.8,22.0,55.0,6.1,180.0,0.9,15.5,8.5,0,0,0,0,Former,Moderate,2,1.3,3,0,0,3,2024-11-17,0
P100258,30,Female,29.9,128.0,79.0,88.0,96.8,36.6,15.0,141.0,5.6,130.0,0.75,15.7,7.4,1,0,0,0,Former,Low,1,3.0,5,1,1,17,2024-11-19,1
P100259,60,Male,24.5,135.0,75.0,87.0,94.3,35.8,21.0,73.0,4.7,202.0,1.65,15.9,5.4,1,0,0,0,Never,Low,1,6.0,8,1,1,9,2025-08-11,1
P100260,75,Female,29.9,139.0,74.0,71.0,94.1,37.2,18.0,55.0,5.1,170.0,0.81,13.9,2.0,0,0,0,0,Former,High,0,6.4,7,0,0,16,2025-04-02,1
P100261,30,Male,26.6,146.0,70.0,82.0,98.5,36.1,18.0,188.0,6.1,202.0,1.25,11.4,3.9,0,0,0,0,Former,Moderate,3,7.1,4,3,1,12,2024-07-12,1
P100262,39,Female,16.0,145.0,81.0,67.0,96.2,37.2,20.0,115.0,4.4,163.0,1.2,11.4,4.8,0,0,0,0,Never,Moderate,0,3.1,1,0,0,24,2025-03-14,0
P100263,85,Male,25.0,140.0,93.0,72.0,96.4,37.7,18.0,122.0,5.9,,1.28,15.6,6.3,0,0,0,0,Former,Low,2,1.7,5,1,0,8,2025-03-21,1
P100264,90,Female,33.1,129.0,97.0,63.0,97.3,36.2,16.0,55.0,6.2,242.0,1.09,11.8,8.5,0,1,0,0,Current,High,0,3.2,7,2,1,12,2024-11-23,1
P100265,60,Female,18.8,135.0,78.0,67.0,98.2,37.4,15.0,136.0,5.0,194.0,0.62,13.0,4.1,0,1,0,0,Never,High,0,4.5,5,1,0,6,2024-09-30,1
P100266,50,Female,28.1,122.0,82.0,73.0,95.7,36.8,20.0,143.0,4.3,132.0,0.68,14.6,4.3,0,1,0,0,Never,Moderate,1,6.9,5,0,1,17,2025-11-12,0
P100267,43,Female,35.7,128.0,81.0,70.0,95.8,35.8,11.0,104.0,4.7,209.0,0.76,13.4,3.6,0,0,0,0,Current,Low,2,6.5,8,1,0,6,2024-08-10,1
P100268,62,Female,23.5,178.0,76.0,67.0,95.8,36.2,24.0,145.0,4.3,196.0,1.14,13.8,7.0,0,0,0,0,Never,Low,1,3.5,10,2,1,3,2025-05-28,1
P100269,61,Female,27.5,136.0,90.0,60.0,98.4,36.9,18.0,155.0,6.5,203.0,1.28,15.3,2.7,0,1,0,1,Never,Moderate,1,6.7,6,2,1,17,2024-08-05,1
P100270,39,Male,20.7,138.0,85.0,100.0,96.4,37.0,17.0,128.0,6.0,232.0,1.05,16.8,3.5,0,0,0,0,Never,Moderate,1,3.9,8,0,0,16,2025-12-19,0
P100271,19,Male,36.0,116.0,82.0,70.0,96.0,36.0,19.0,55.0,4.7,175.0,0.98,14.5,7.9,0,0,0,0,Former,Low,0,3.6,4,0,0,18,2024-03-10,0
P100272,29,Male,27.1,147.0,84.0,80.0,97.2,36.8,16.0,68.0,4.3,184.0,1.23,16.5,10.0,0,0,0,0,Current,Low,0,2.0,2,2,0,8,2024-09-28,1
P100273,87,Male,27.7,149.0,90.0,55.0,99.8,37.2,17.0,178.0,7.3,156.0,0.53,13.2,7.1,1,1,0,0,Never,Low,1,3.0,8,1,2,15,2024-08-10,1
P100274,48,Female,34.5,145.0,88.0,92.0,96.6,37.3,14.0,115.0,6.2,202.0,0.4,13.5,6.4,0,0,0,0,Former,Moderate,0,2.3,4,0,0,8,2025-04-01,0
P100275,53,Male,30.9,136.0,74.0,78.0,96.0,36.6,19.0,116.0,5.3,201.0,0.58,15.4,11.4,1,1,0,0,Never,Low,2,4.3,2,1,1,11,2024-08-19,1
P100276,52,Male,22.9,150.0,91.0,71.0,100.0,37.0,18.0,83.0,6.9,185.0,1.27,14.4,6.0,0,0,1,0,Former,High,1,1.5,3,1,1,11,2025-01-18,0
P100277,75,Female,24.1,157.0,86.0,71.0,98.9,37.3,19.0,94.0,6.2,223.0,0.51,12.9,6.0,0,0,0,0,Never,Low,0,5.1,7,1,0,17,2024-09-04,0
P100278,22,Male,30.1,133.0,76.0,86.0,98.6,37.2,23.0,149.0,5.8,156.0,0.91,12.9,5.9,0,0,0,0,Current,Low,1,1.6,5,1,1,13,2025-10-09,1
P100279,24,Male,24.3,127.0,83.0,45.0,95.6,37.2,15.0,160.0,4.6,,0.67,14.5,10.0,0,1,0,0,Never,Moderate,0,1.0,5,1,1,13,2024-03-13,0
P100280,38,Female,16.5,146.0,85.0,66.0,95.4,36.9,18.0,138.0,4.3,218.0,1.01,10.8,8.1,0,0,0,0,Former,Moderate,1,1.1,3,4,1,1,2025-02-12,0
P100281,53,Female,27.2,117.0,93.0,75.0,93.2,36.8,12.0,132.0,4.4,174.0,0.97,13.0,8.1,0,0,1,0,Never,High,2,7.4,3,1,0,4,2025-01-23,0
P100282,66,Female,19.8,122.0,72.0,74.0,98.2,36.9,20.0,137.0,7.9,143.0,1.12,13.3,7.7,0,1,0,0,Never,Moderate,1,3.0,8,1,1,12,2025-10-05,0
P100283,53,Female,35.9,131.0,95.0,106.0,96.6,36.4,18.0,110.0,5.1,131.0,0.9,14.3,6.1,0,1,0,0,Former,Moderate,0,3.5,5,0,0,17,2025-09-09,0
P100284,50,Female,28.4,102.0,82.0,72.0,93.3,37.4,18.0,70.0,5.9,201.0,1.2,11.4,6.4,0,0,0,0,Never,Moderate,0,1.0,3,1,0,9,2025-12-18,0
P100285,86,Female,22.8,150.0,79.0,88.0,98.7,36.0,17.0,69.0,6.6,259.0,1.52,13.7,5.1,0,1,0,1,Never,High,1,7.9,6,2,3,1,2025-04-14,0
P100286,29,Male,23.9,113.0,75.0,98.0,95.9,36.5,16.0,154.0,5.5,172.0,1.29,15.5,6.2,0,0,0,0,Never,Low,0,3.1,3,0,1,26,2025-04-23,0
P100287,59,Female,,125.0,73.0,84.0,96.1,36.8,27.0,112.0,5.8,212.0,0.93,13.2,7.6,0,0,0,0,Never,Low,2,5.8,5,1,0,18,2025-11-06,0
P100288,57,Male,21.8,129.0,65.0,68.0,93.8,37.0,18.0,130.0,5.7,103.0,0.78,15.3,6.6,0,0,0,0,Never,Moderate,1,2.0,5,3,0,17,2024-10-03,0
P100289,52,Male,32.8,133.0,89.0,61.0,97.4,37.1,19.0,120.0,6.3,209.0,1.06,15.0,8.6,1,0,1,0,Current,High,4,9.5,1,2,0,13,2024-06-05,1
P100290,76,Female,39.1,129.0,103.0,85.0,97.4,37.5,14.0,126.0,5.2,154.0,1.63,9.3,7.5,0,1,0,0,Never,High,1,4.7,4,2,2,1,2025-04-11,0
P100291,37,Female,31.3,129.0,65.0,96.0,96.4,36.8,21.0,122.0,5.2,180.0,0.95,11.8,7.4,0,0,0,0,Never,Moderate,1,3.7,3,0,0,9,2025-08-12,0
P100292,87,Male,27.0,135.0,75.0,83.0,95.7,36.4,18.0,143.0,4.2,198.0,1.35,17.8,5.3,0,0,1,0,Never,Moderate,1,3.1,6,0,1,17,2024-05-28,0
P100293,42,Female,25.3,123.0,89.0,91.0,100.0,36.7,20.0,84.0,4.0,132.0,1.2,14.2,4.5,0,0,0,0,Never,High,2,7.9,5,0,0,26,2024-02-08,0
P100294,57,Female,22.5,120.0,82.0,107.0,94.3,36.6,21.0,155.0,4.7,315.0,1.24,12.3,4.7,0,1,0,0,Current,High,0,3.9,4,0,2,10,2024-03-30,0
P100295,56,Female,38.2,151.0,91.0,86.0,95.2,37.1,18.0,87.0,6.6,172.0,1.37,13.7,9.2,0,0,0,0,Former,Moderate,0,2.7,4,0,1,20,2025-12-23,0
P100296,80,Male,26.5,100.0,83.0,63.0,97.8,36.3,16.0,126.0,5.9,218.0,0.72,15.7,3.5,0,1,0,0,Never,Low,1,1.0,5,3,0,1,2024-03-26,1
P100297,50,Female,38.5,129.0,76.0,77.0,94.7,36.7,10.0,71.0,6.4,252.0,0.73,15.5,7.4,0,1,0,0,Former,Moderate,0,6.3,2,0,1,4,2024-08-29,0
P100298,38,Male,34.7,123.0,79.0,92.0,94.5,37.6,17.0,104.0,6.0,206.0,,14.0,7.4,0,0,0,0,Never,Moderate,1,5.1,6,0,0,19,2025-07-16,0
P100299,19,Female,18.4,135.0,56.0,73.0,98.5,36.9,16.0,83.0,5.7,148.0,1.25,12.3,5.6,0,0,0,0,Never,Moderate,0,10.5,3,1,0,18,2024-11-29,0
P100300,44,Male,24.0,107.0,70.0,94.0,97.6,36.3,14.0,112.0,4.9,199.0,1.33,13.9,6.9,0,0,0,0,Never,Low,1,1.4,2,0,0,14,2024-11-27,0
P100301,78,Female,24.0,127.0,93.0,75.0,97.4,36.6,23.0,143.0,6.2,125.0,1.07,12.3,7.3,0,1,0,0,Never,Moderate,1,1.0,5,1,1,22,2024-03-30,1
P100302,18,Male,27.1,126.0,92.0,80.0,96.8,35.7,21.0,109.0,5.6,182.0,1.18,13.7,4.7,0,0,0,0,Former,High,0,3.8,4,0,0,7,2025-07-08,0
P100303,83,Male,27.2,154.0,98.0,72.0,95.3,36.8,12.0,187.0,8.2,259.0,0.98,14.9,5.4,0,1,0,0,Never,Moderate,2,3.6,6,3,3,3,2024-05-20,0
P100304,57,Male,43.1,138.0,87.0,78.0,96.0,37.6,19.0,141.0,5.6,141.0,0.79,14.0,6.7,1,0,0,0,Never,Low,5,5.4,9,0,1,13,2024-08-12,0
P100305,28,Female,21.9,109.0,58.0,79.0,96.4,36.2,15.0,100.0,6.2,164.0,0.56,13.1,6.8,0,1,0,0,Never,Moderate,0,1.0,2,2,0,10,2024-09-20,0
P100306,40,Male,28.7,123.0,75.0,57.0,98.0,36.1,19.0,107.0,5.6,265.0,0.93,17.4,4.2,0,0,0,0,Former,Moderate,0,3.1,2,1,1,17,2025-04-19,0
P100307,58,Female,30.7,148.0,96.0,71.0,97.3,36.5,15.0,127.0,5.3,188.0,0.93,11.8,7.0,0,0,0,0,Never,Moderate,1,2.9,10,0,0,16,2025-02-03,0
P100308,41,Male,27.5,111.0,98.0,61.0,94.8,37.3,16.0,135.0,6.5,161.0,1.25,15.1,7.1,0,0,0,0,Never,High,0,6.0,5,1,0,1,2024-06-17,0
P100309,25,Male,28.1,128.0,94.0,71.0,97.9,37.7,21.0,64.0,7.2,210.0,1.08,12.9,8.8,0,0,0,0,Never,Moderate,0,1.0,5,2,1,11,2025-11-25,0
P100310,66,Female,22.1,134.0,81.0,66.0,93.5,37.0,21.0,137.0,6.2,177.0,1.06,14.6,6.8,0,1,0,0,Never,High,0,2.4,7,1,0,20,2025-08-12,0
P100311,67,Female,28.1,127.0,70.0,88.0,95.9,36.2,23.0,73.0,5.4,92.0,1.07,14.9,6.0,0,0,0,0,Never,High,1,3.1,6,2,0,4,2024-06-26,0
P100312,26,Male,30.2,175.0,80.0,88.0,94.4,36.8,17.0,127.0,5.9,143.0,0.81,13.3,8.4,0,0,0,0,Never,Moderate,2,4.5,5,0,0,23,2024-08-13,0
P100313,38,Male,29.2,124.0,81.0,83.0,95.0,37.7,13.0,148.0,5.9,273.0,0.47,13.6,9.1,0,0,1,0,Former,High,1,2.4,4,2,2,7,2025-08-27,0
P100314,35,Male,30.5,138.0,97.0,61.0,100.0,36.6,21.0,120.0,7.6,207.0,0.62,15.6,4.1,1,0,0,0,Never,Moderate,0,8.5,4,0,1,5,2024-06-25,0
P100315,66,Female,34.8,121.0,85.0,75.0,93.9,36.9,21.0,55.0,6.7,251.0,1.27,12.8,5.8,0,0,0,0,Never,Low,0,8.3,2,1,2,11,2024-08-12,0
P100316,71,Female,32.4,143.0,83.0,60.0,95.0,36.9,20.0,55.0,5.2,156.0,1.02,15.3,2.6,0,1,0,0,Never,Moderate,0,6.3,10,1,0,6,2024-05-17,0
P100317,71,Male,27.9,149.0,84.0,74.0,97.4,36.0,15.0,135.0,7.2,193.0,0.7,12.8,4.9,0,0,0,0,Never,Moderate,3,4.8,4,3,1,10,2025-11-28,0
P100318,86,Female,21.4,126.0,88.0,84.0,95.7,37.3,14.0,55.0,6.9,189.0,1.49,14.8,9.8,0,0,0,0,Former,Low,1,1.0,3,1,2,15,2024-10-15,0
P100319,74,Male,24.4,134.0,90.0,88.0,96.8,37.2,20.0,138.0,6.9,174.0,1.55,18.0,4.7,0,1,0,0,Never,Moderate,2,9.3,4,2,2,26,2025-07-17,1
P100320,41,Male,26.4,116.0,74.0,82.0,99.1,35.8,15.0,145.0,6.1,203.0,1.31,15.2,7.8,0,0,0,0,Never,Moderate,1,1.0,7,2,1,14,2024-06-17,0
P100321,25,Female,28.8,110.0,70.0,91.0,97.7,36.1,17.0,147.0,6.4,153.0,1.04,12.2,7.6,0,0,0,0,Never,Moderate,0,1.0,3,1,1,6,2024-06-20,0
P100322,62,Female,25.0,151.0,96.0,79.0,95.7,36.3,28.0,106.0,6.3,241.0,1.12,12.0,5.7,1,1,0,0,Former,Moderate,2,2.2,7,6,1,1,2025-01-28,1
P100323,84,Male,22.6,127.0,68.0,73.0,96.3,37.2,25.0,133.0,6.0,213.0,1.1,14.4,5.9,0,1,0,0,Never,Low,1,4.4,9,2,0,18,2024-10-06,0
P100324,89,Female,21.3,96.0,101.0,86.0,97.5,36.4,21.0,126.0,6.4,188.0,1.16,14.2,9.6,0,0,0,0,Never,High,0,3.7,7,0,0,14,2025-08-10,0
P100325,34,Male,18.9,160.0,62.0,87.0,97.6,37.0,16.0,58.0,5.5,200.0,1.13,12.4,8.7,0,0,0,0,Current,Moderate,0,7.3,4,0,0,1,2025-03-28,0
P100326,35,Female,26.3,117.0,75.0,70.0,96.5,36.7,15.0,135.0,5.9,184.0,1.15,12.7,11.3,0,0,0,0,Former,Moderate,1,2.9,6,1,1,8,2025-09-12,1
P100327,20,Male,19.9,124.0,90.0,81.0,97.1,36.8,21.0,155.0,5.5,130.0,1.04,14.8,2.0,0,0,0,0,Never,Moderate,1,4.8,3,0,1,6,2025-05-02,0
P100328,28,Male,22.3,157.0,81.0,72.0,97.2,37.0,23.0,132.0,5.3,157.0,0.4,16.9,7.9,1,0,0,0,Never,High,0,2.2,6,0,0,32,2024-10-11,0
P100329,58,Male,25.5,131.0,69.0,52.0,96.3,36.9,16.0,96.0,5.7,188.0,1.35,17.4,2.0,0,0,0,0,Never,Moderate,0,8.6,7,0,0,10,2025-06-29,1
P100330,57,Female,20.6,130.0,87.0,81.0,95.4,36.8,16.0,139.0,5.9,182.0,1.08,13.0,6.7,0,0,0,0,Never,Moderate,1,5.3,4,1,0,14,2025-11-12,0
P100331,45,Female,29.5,111.0,82.0,60.0,97.8,37.0,18.0,157.0,4.1,220.0,0.6,11.5,6.4,0,0,0,0,Never,Moderate,0,4.0,1,0,1,14,2024-02-05,0
P100332,40,Male,31.3,103.0,79.0,80.0,97.0,36.9,13.0,151.0,6.6,216.0,1.03,14.8,4.5,0,0,0,0,Never,Low,1,1.0,3,0,2,13,2025-07-02,0
P100333,78,Female,24.6,133.0,77.0,58.0,92.8,36.7,13.0,153.0,6.4,174.0,1.17,13.5,5.6,1,1,1,0,Never,Low,1,2.7,10,3,1,17,2024-01-21,1
P100334,51,Female,25.2,138.0,82.0,67.0,95.0,36.6,14.0,56.0,5.3,159.0,0.56,15.0,6.2,1,0,0,0,Former,Moderate,0,5.0,2,0,0,20,2024-08-31,0
P100335,77,Male,30.3,140.0,78.0,71.0,95.6,37.7,20.0,131.0,6.7,224.0,0.9,13.9,7.7,0,0,0,0,Never,High,1,1.8,4,1,1,9,2025-02-26,1
P100336,88,Female,23.8,128.0,109.0,90.0,96.1,36.6,19.0,141.0,5.8,202.0,0.8,11.7,4.5,0,1,0,0,Former,Moderate,3,2.3,12,1,1,8,2025-09-22,0
P100337,41,Female,23.4,131.0,79.0,70.0,98.7,37.5,22.0,147.0,5.2,171.0,0.7,13.2,5.3,0,0,0,0,Former,Moderate,1,9.0,6,1,1,7,2025-05-25,0
P100338,32,Male,33.7,99.0,77.0,63.0,100.0,36.5,12.0,127.0,5.9,152.0,1.11,14.1,7.8,0,0,0,0,Current,Low,0,2.4,4,0,0,33,2024-04-04,0
P100339,87,Male,32.1,144.0,79.0,80.0,92.1,37.2,13.0,173.0,7.5,169.0,0.94,14.1,8.2,0,0,1,0,Former,Moderate,3,2.6,10,1,2,9,2025-08-08,1
P100340,64,Male,30.6,136.0,101.0,73.0,97.0,37.7,20.0,55.0,6.2,210.0,1.07,13.3,12.1,0,1,0,0,Current,Moderate,0,7.2,4,0,1,17,2025-02-04,0
P100341,39,Female,32.3,164.0,65.0,85.0,96.6,36.6,15.0,130.0,5.0,259.0,1.17,11.3,7.1,0,0,0,0,Never,Moderate,1,7.2,8,0,1,15,2025-02-21,1
P100342,63,Female,17.2,134.0,86.0,64.0,96.2,36.5,15.0,131.0,5.6,187.0,0.92,14.1,8.1,0,0,0,0,Never,Moderate,2,2.7,4,3,0,1,2024-12-27,1
P100343,55,Male,34.5,117.0,80.0,79.0,97.5,36.6,22.0,144.0,6.6,163.0,1.23,15.0,6.4,1,0,0,0,Current,Low,0,5.1,6,2,2,19,2024-08-30,0
P100344,84,Male,29.5,135.0,70.0,106.0,96.8,36.8,16.0,172.0,6.6,277.0,1.48,13.4,9.6,1,0,0,0,Current,High,1,4.4,11,1,4,1,2025-07-23,1
P100345,36,Male,32.8,125.0,73.0,73.0,95.8,37.0,16.0,78.0,6.5,181.0,1.19,15.8,4.9,0,0,0,0,Former,High,0,4.4,6,0,0,17,2025-07-08,0
P100346,90,Male,29.5,144.0,88.0,78.0,96.6,36.8,17.0,172.0,6.6,165.0,1.29,11.8,6.7,0,0,0,0,Never,Low,1,3.6,4,0,2,14,2024-02-20,0
P100347,86,Male,27.8,137.0,76.0,56.0,97.5,36.6,17.0,147.0,6.9,180.0,1.35,14.0,7.3,0,0,0,0,Current,High,0,11.1,7,2,2,1,2024-03-29,1
P100348,31,Male,26.1,108.0,83.0,66.0,97.3,37.8,20.0,102.0,7.4,178.0,1.05,14.9,7.8,0,0,0,0,Never,Low,0,1.6,5,4,1,5,2024-12-01,0
P100349,30,Female,29.4,102.0,98.0,82.0,96.8,36.7,14.0,77.0,4.3,243.0,1.18,14.9,8.7,0,1,0,0,Never,Moderate,0,1.1,1,0,1,17,2025-09-14,0
P100350,56,Male,25.9,137.0,84.0,72.0,95.4,36.5,17.0,120.0,8.0,131.0,0.69,13.8,6.4,0,0,0,0,Current,Moderate,0,2.2,2,2,1,25,2025-04-05,0
P100351,21,Female,32.0,152.0,66.0,83.0,100.0,37.2,22.0,117.0,6.3,218.0,0.89,14.9,8.6,0,0,0,0,Never,Moderate,0,6.1,4,0,0,8,2025-01-01,0
P100352,39,Male,19.3,132.0,73.0,81.0,97.1,37.2,25.0,122.0,8.0,195.0,1.08,13.6,4.0,0,0,0,0,Current,Moderate,0,3.0,2,1,1,18,2024-10-30,0
P100353,49,Male,24.7,146.0,79.0,60.0,97.9,37.5,13.0,90.0,4.9,174.0,0.98,15.8,7.3,0,0,0,0,Never,High,2,5.1,3,1,0,24,2025-09-07,0
P100354,88,Female,38.1,154.0,81.0,88.0,95.6,37.8,19.0,140.0,6.6,182.0,1.81,15.7,3.0,0,0,0,0,Former,High,1,6.2,9,2,2,1,2025-12-10,1
P100355,90,Female,24.2,141.0,86.0,61.0,96.8,37.0,17.0,105.0,6.4,185.0,1.07,11.7,6.3,0,0,0,0,Never,Low,2,1.5,8,2,0,16,2025-05-30,1
P100356,29,Female,26.3,116.0,84.0,67.0,96.8,36.7,18.0,151.0,6.3,198.0,0.44,13.4,11.8,0,0,0,0,Former,Moderate,0,5.7,2,1,2,18,2025-10-21,0
P100357,83,Female,22.9,139.0,101.0,79.0,93.1,35.8,15.0,178.0,6.6,178.0,1.11,14.0,7.3,0,0,0,0,Current,High,3,5.9,6,3,2,16,2024-01-21,1
P100358,24,Male,29.2,149.0,80.0,95.0,95.2,36.3,21.0,79.0,5.8,193.0,1.15,12.7,5.8,0,0,0,0,Former,Moderate,0,1.0,5,0,0,10,2025-08-14,0
P100359,72,Male,23.7,144.0,72.0,64.0,95.2,36.9,20.0,118.0,6.8,165.0,0.82,15.2,7.8,0,1,0,0,Former,High,0,1.0,3,0,1,16,2025-07-14,0
P100360,79,Female,26.5,148.0,95.0,78.0,95.4,36.2,27.0,151.0,6.1,278.0,1.08,12.4,6.7,0,0,0,0,Never,Moderate,1,3.7,2,1,2,24,2024-10-11,1
P100361,83,Female,31.9,128.0,97.0,78.0,94.6,36.0,13.0,128.0,5.7,233.0,1.08,11.9,4.6,1,1,0,1,Never,High,4,2.6,6,0,0,11,2025-01-15,1
P100362,34,Female,23.9,127.0,83.0,84.0,96.6,36.8,12.0,62.0,6.0,214.0,0.94,12.6,3.1,0,0,0,0,Current,Moderate,1,4.5,3,0,0,26,2024-10-05,0
P100363,83,Female,31.6,134.0,82.0,90.0,99.0,37.2,25.0,148.0,5.7,178.0,0.93,12.5,6.8,0,0,1,1,Current,Moderate,2,3.9,8,3,1,18,2024-02-01,1
P100364,26,Male,31.8,128.0,87.0,71.0,96.7,36.7,18.0,86.0,5.4,226.0,1.24,15.8,6.4,0,0,0,1,Never,Low,0,2.2,2,1,0,29,2025-07-03,0
P100365,55,Male,33.0,152.0,80.0,88.0,94.4,37.2,16.0,120.0,4.6,206.0,1.62,14.6,6.3,0,0,0,0,Current,Low,0,2.8,8,0,1,6,2024-01-23,1
P100366,52,Male,28.2,92.0,62.0,92.0,94.6,37.1,19.0,78.0,5.9,200.0,0.77,18.0,8.5,1,0,0,0,Never,High,0,1.7,4,1,0,14,2025-05-22,0
P100367,41,Female,44.4,131.0,87.0,97.0,95.8,37.4,13.0,138.0,4.9,175.0,0.61,12.4,9.6,0,0,0,0,Never,Moderate,1,4.4,4,2,0,20,2024-04-29,0
P100368,19,Female,33.0,127.0,89.0,82.0,94.0,37.9,19.0,92.0,5.4,205.0,0.78,13.9,8.3,0,0,0,0,Never,Moderate,0,11.6,5,0,0,22,2025-02-02,0
P100369,74,Male,29.2,112.0,98.0,78.0,97.0,38.1,18.0,148.0,5.1,259.0,1.47,14.4,6.2,0,1,0,0,Former,High,1,2.1,4,2,3,1,2024-07-14,0
P100370,42,Female,22.9,142.0,74.0,70.0,98.9,37.2,22.0,103.0,5.7,198.0,0.9,11.3,7.1,0,1,0,0,Current,High,0,1.5,4,0,0,30,2025-12-21,0
P100371,66,Female,27.0,122.0,85.0,58.0,95.5,36.6,21.0,98.0,6.8,185.0,1.15,15.6,9.1,0,0,0,0,Never,Moderate,0,3.6,2,1,1,8,2024-03-14,0
P100372,47,Male,34.9,126.0,84.0,73.0,96.6,36.8,21.0,126.0,5.2,199.0,0.74,14.8,8.6,0,0,1,0,Never,High,1,5.1,5,1,0,8,2025-10-06,0
P100373,45,Male,36.4,163.0,83.0,77.0,95.7,37.6,19.0,73.0,4.9,197.0,1.48,13.4,8.0,1,1,0,0,Never,Low,0,1.0,4,0,1,24,2025-10-29,1
P100374,82,Female,35.2,153.0,85.0,75.0,95.4,36.4,24.0,181.0,6.9,174.0,1.01,13.8,5.9,1,1,0,0,Current,Low,3,5.2,10,1,2,7,2025-04-07,1
P100375,24,Female,31.6,139.0,81.0,83.0,96.8,37.5,20.0,114.0,6.3,167.0,0.99,14.8,9.1,0,0,0,0,Current,Low,0,4.7,2,0,0,31,2024-06-03,0
P100376,71,Male,21.0,141.0,85.0,59.0,95.3,36.7,16.0,96.0,6.4,225.0,0.84,13.3,9.7,1,1,1,0,Never,Low,0,3.0,10,1,0,15,2025-08-24,1
P100377,72,Male,30.0,132.0,91.0,74.0,95.0,36.9,15.0,102.0,5.6,241.0,0.82,14.7,8.6,0,1,0,0,Former,High,1,2.1,3,0,1,15,2025-03-29,0
P100378,45,Male,,165.0,94.0,100.0,93.6,36.4,16.0,112.0,5.2,281.0,0.98,16.2,12.9,0,1,0,0,Never,Moderate,0,3.2,8,0,2,10,2024-12-21,0
P100379,37,Female,19.8,144.0,74.0,88.0,96.6,36.1,20.0,145.0,5.3,212.0,0.99,,8.5,0,0,0,0,Never,High,0,1.4,7,0,1,6,2024-01-17,0
P100380,18,Male,28.7,115.0,78.0,83.0,98.4,36.7,13.0,75.0,5.4,199.0,1.15,15.4,9.3,0,0,0,0,Former,Moderate,1,2.8,7,1,0,21,2025-04-20,0
P100381,86,Female,30.2,113.0,80.0,81.0,97.8,37.5,19.0,106.0,4.7,229.0,0.64,12.8,8.3,1,0,0,0,Never,Moderate,1,1.4,4,0,0,25,2025-04-21,0
P100382,87,Male,32.2,146.0,79.0,72.0,99.2,36.4,15.0,117.0,5.4,160.0,0.84,12.2,6.7,0,1,1,1,Never,Low,4,4.1,9,3,0,17,2024-06-04,1
P100383,35,Male,30.1,129.0,65.0,55.0,95.3,37.6,14.0,163.0,6.7,219.0,0.76,14.2,4.6,0,0,0,0,Never,Moderate,0,2.8,3,0,2,16,2024-02-06,1
P100384,20,Male,30.3,104.0,80.0,81.0,98.0,36.5,14.0,142.0,5.6,234.0,0.94,13.8,5.5,0,0,0,0,Current,High,1,3.9,6,0,1,24,2025-01-08,0
P100385,26,Female,22.4,136.0,85.0,47.0,94.5,36.3,18.0,163.0,6.6,234.0,0.61,13.0,5.5,0,0,0,0,Never,Moderate,1,2.2,3,1,2,7,2024-06-06,0
P100386,22,Male,27.0,124.0,79.0,72.0,97.8,36.9,21.0,108.0,6.4,258.0,,13.8,4.6,0,0,0,0,Never,Moderate,2,6.1,9,2,1,19,2024-10-04,0
P100387,78,Female,19.7,144.0,84.0,76.0,99.5,37.1,16.0,167.0,5.9,172.0,,13.5,6.4,1,1,0,0,Never,High,0,1.0,8,2,1,16,2024-04-30,0
P100388,83,Male,17.1,143.0,88.0,71.0,97.4,36.9,11.0,162.0,5.9,176.0,1.06,14.1,7.0,0,1,1,0,Current,Moderate,1,4.3,14,2,1,10,2025-01-11,1
P100389,29,Female,31.4,119.0,95.0,102.0,99.5,36.9,29.0,133.0,6.4,187.0,0.72,14.4,9.4,0,0,0,0,Never,Moderate,0,1.2,5,0,0,14,2025-08-21,0
P100390,72,Male,23.6,145.0,79.0,98.0,95.4,37.6,22.0,143.0,6.7,153.0,0.78,15.5,4.6,0,1,0,0,Current,High,0,4.8,9,2,2,6,2024-02-16,1
P100391,31,Male,32.0,121.0,69.0,88.0,96.3,36.8,21.0,88.0,6.5,215.0,1.02,13.2,8.8,0,0,1,0,Never,Moderate,0,15.9,3,2,0,5,2024-10-21,0
P100392,44,Female,33.3,124.0,81.0,65.0,94.9,36.6,24.0,175.0,5.7,221.0,1.29,15.1,7.5,0,0,0,0,Never,High,1,1.9,4,0,1,20,2025-05-18,0
P100393,61,Female,24.3,124.0,101.0,99.0,96.6,36.2,18.0,105.0,6.1,216.0,1.26,12.1,7.8,0,0,0,0,Never,High,1,1.9,1,0,0,20,2024-12-16,0
P100394,70,Female,30.6,154.0,72.0,83.0,97.0,37.4,18.0,135.0,5.8,201.0,1.37,11.5,6.8,0,1,0,0,Never,Moderate,2,1.9,8,1,0,16,2025-08-08,1
P100395,81,Male,24.1,131.0,90.0,65.0,96.5,36.6,23.0,141.0,6.1,233.0,1.44,16.2,11.2,0,1,0,0,Current,Moderate,1,3.8,8,3,3,5,2025-08-05,1
P100396,21,Female,17.9,152.0,92.0,76.0,95.6,36.6,23.0,59.0,4.8,217.0,0.87,12.3,5.4,0,0,0,0,Never,Low,1,2.4,2,2,0,25,2025-02-03,0
P100397,32,Male,28.1,160.0,57.0,88.0,95.6,37.3,20.0,107.0,5.5,172.0,1.47,14.7,5.9,0,0,0,0,Never,Moderate,0,3.3,7,0,1,16,2024-03-27,0
P100398,38,Female,25.1,118.0,85.0,69.0,97.1,37.8,21.0,117.0,5.5,90.0,1.18,11.3,7.2,0,0,0,0,Former,Moderate,0,1.1,12,0,0,25,2025-04-19,0
P100399,40,Female,25.2,90.0,87.0,78.0,96.2,36.9,14.0,106.0,5.3,182.0,0.7,12.7,7.8,0,0,0,0,Never,Low,0,3.3,2,0,0,25,2024-11-05,0
P100400,90,Female,37.8,155.0,82.0,80.0,94.4,36.7,17.0,118.0,7.0,196.0,0.93,13.0,7.4,1,1,0,0,Never,Moderate,1,3.0,6,0,1,11,2025-07-08,0
P100401,74,Female,19.6,129.0,77.0,63.0,93.1,36.8,24.0,169.0,4.8,197.0,1.11,12.6,6.9,0,0,1,0,Never,High,1,3.3,3,2,1,19,2024-02-07,1
P100402,41,Female,29.5,116.0,76.0,73.0,95.4,36.6,21.0,81.0,6.0,188.0,1.22,12.4,8.1,0,0,0,0,Former,Moderate,0,6.8,2,2,0,17,2025-06-06,0
P100403,88,Female,22.3,127.0,81.0,64.0,94.0,36.6,13.0,74.0,5.4,175.0,1.05,13.3,8.2,0,0,0,0,Former,Moderate,0,2.4,9,4,0,13,2025-10-06,0
P100404,54,Male,32.2,125.0,79.0,86.0,95.0,36.6,16.0,92.0,5.1,163.0,0.74,16.1,6.9,1,0,0,0,Current,Low,0,1.3,0,1,0,15,2025-10-12,0
P100405,54,Male,29.1,155.0,77.0,65.0,95.7,37.3,23.0,139.0,5.2,156.0,1.23,13.2,10.7,1,1,0,0,Never,Low,2,3.9,9,1,0,5,2024-12-12,1
P100406,49,Female,29.5,135.0,78.0,80.0,96.2,36.8,20.0,141.0,6.2,212.0,0.68,9.4,7.9,0,1,0,0,Current,Low,1,2.0,10,0,2,1,2025-11-21,1
P100407,28,Female,22.6,151.0,93.0,59.0,95.3,37.5,19.0,129.0,4.0,236.0,,15.1,6.4,0,0,0,0,Never,Low,0,3.7,6,1,0,7,2025-11-25,0
P100408,86,Female,23.5,145.0,72.0,62.0,100.0,36.7,19.0,150.0,6.4,147.0,1.12,12.2,9.5,0,1,0,0,Never,High,0,1.7,7,1,1,16,2024-03-11,0
P100409,19,Female,32.3,123.0,63.0,62.0,94.2,36.6,18.0,115.0,5.5,193.0,0.53,12.3,2.9,0,0,0,0,Former,High,4,1.5,2,1,0,12,2025-06-19,0
P100410,30,Male,36.7,123.0,93.0,73.0,98.7,37.4,16.0,90.0,4.7,225.0,1.44,,4.7,0,0,0,0,Never,Moderate,2,2.8,3,1,1,6,2024-04-13,0
P100411,34,Male,30.0,140.0,79.0,78.0,96.2,36.8,15.0,76.0,5.8,188.0,0.96,12.6,6.6,1,0,0,0,Never,Low,0,1.1,6,1,0,16,2024-09-28,0
P100412,38,Female,22.8,145.0,77.0,80.0,95.3,36.7,22.0,66.0,4.6,222.0,0.63,12.6,4.6,0,1,0,0,Never,High,3,1.7,7,0,0,13,2024-11-01,0
P100413,27,Female,29.3,146.0,80.0,55.0,97.6,36.8,19.0,100.0,5.5,236.0,0.94,12.8,8.6,0,0,0,0,Current,High,1,5.1,3,0,0,25,2025-05-25,0
P100414,19,Male,40.1,124.0,82.0,74.0,95.7,37.5,20.0,134.0,4.3,210.0,0.42,15.3,8.5,0,0,0,0,Former,Moderate,1,1.7,6,1,0,24,2024-03-23,1
P100415,67,Male,28.0,137.0,78.0,67.0,95.0,37.0,20.0,123.0,7.8,176.0,1.15,13.8,10.3,0,1,0,0,Current,High,1,1.2,7,0,1,23,2024-02-18,1
P100416,88,Male,35.1,146.0,89.0,82.0,99.7,37.4,23.0,120.0,7.0,245.0,1.36,10.9,5.8,0,1,0,0,Former,High,1,5.1,8,6,3,1,2025-09-09,1
P100417,26,Male,23.7,123.0,71.0,73.0,92.5,36.7,20.0,71.0,5.7,185.0,1.68,12.6,8.1,0,0,0,0,Former,Low,1,2.8,6,1,1,6,2024-11-17,0
P100418,39,Female,27.3,111.0,78.0,75.0,96.1,37.3,21.0,200.0,4.8,185.0,0.99,14.9,9.6,0,0,0,0,Never,Moderate,0,1.4,5,0,1,16,2025-01-31,0
P100419,54,Female,30.7,119.0,60.0,67.0,96.8,36.9,19.0,84.0,5.6,215.0,0.83,11.9,7.3,0,0,0,0,Never,Moderate,0,1.5,9,1,0,17,2024-10-11,0
P100420,85,Female,29.6,132.0,96.0,97.0,99.0,37.2,15.0,123.0,6.0,184.0,1.16,14.0,9.0,1,1,0,0,Never,Moderate,2,2.0,9,2,0,17,2025-04-06,0
P100421,68,Female,23.5,145.0,81.0,61.0,95.8,37.3,17.0,150.0,6.2,186.0,1.46,12.1,6.8,0,0,0,0,Never,Moderate,3,3.0,4,1,2,9,2024-05-30,0
P100422,73,Male,23.3,156.0,90.0,71.0,100.0,36.3,20.0,118.0,6.4,181.0,1.21,15.8,9.6,0,1,0,0,Never,Moderate,1,3.8,6,1,0,19,2024-11-05,0
P100423,60,Male,32.6,110.0,87.0,77.0,97.9,36.8,20.0,86.0,6.1,188.0,1.26,14.7,5.5,1,0,1,0,Never,Moderate,1,5.6,6,1,0,16,2025-05-16,1
P100424,48,Male,33.7,122.0,87.0,73.0,92.2,37.3,23.0,140.0,6.1,202.0,1.21,,3.9,0,0,1,0,Current,High,1,1.8,9,2,0,22,2025-04-25,1
P100425,32,Male,35.4,124.0,81.0,67.0,93.9,37.4,16.0,62.0,5.4,120.0,1.09,12.8,6.2,0,0,0,0,Never,Low,0,1.9,3,1,0,8,2024-05-15,0
P100426,81,Female,36.9,149.0,88.0,54.0,96.9,37.4,19.0,179.0,6.5,191.0,0.7,11.0,6.8,1,1,0,0,Never,High,1,1.5,9,1,1,14,2025-12-18,1
P100427,76,Male,28.2,126.0,74.0,68.0,94.4,36.9,18.0,127.0,5.5,128.0,0.67,16.0,7.9,0,0,0,0,Former,Moderate,3,3.1,4,4,0,11,2024-05-13,0
P100428,19,Male,25.9,121.0,68.0,64.0,97.5,37.6,24.0,98.0,4.5,180.0,0.46,12.7,7.9,0,0,0,0,Never,Low,1,3.5,2,0,0,12,2024-12-26,0
P100429,70,Female,34.5,110.0,82.0,96.0,95.7,36.5,19.0,66.0,7.7,208.0,0.72,12.6,5.6,1,1,1,0,Never,Moderate,3,4.5,9,0,1,10,2025-05-22,1
P100430,24,Female,31.2,137.0,74.0,103.0,94.3,36.1,19.0,67.0,5.9,183.0,0.62,13.1,5.0,0,0,0,0,Former,Low,2,2.7,5,1,0,11,2024-04-06,0
P100431,71,Male,22.4,132.0,98.0,75.0,94.8,36.7,18.0,114.0,7.7,222.0,1.58,14.9,10.3,0,1,0,0,Never,Low,0,1.3,10,1,2,15,2025-12-26,1
P100432,78,Male,22.1,124.0,87.0,59.0,98.0,37.4,17.0,183.0,5.9,208.0,0.89,13.9,6.7,0,0,0,0,Never,Moderate,5,1.4,3,2,1,4,2024-09-28,1
P100433,27,Female,30.1,125.0,73.0,85.0,92.9,36.3,13.0,116.0,7.7,113.0,0.96,10.8,6.0,0,0,0,0,Current,High,1,3.3,1,1,2,2,2024-01-04,1
P100434,49,Female,26.6,151.0,79.0,64.0,98.4,36.1,14.0,124.0,5.9,241.0,0.93,11.4,7.6,0,0,0,0,Current,Moderate,0,1.3,8,1,1,5,2024-03-04,0
P100435,27,Female,27.4,112.0,82.0,69.0,98.4,35.9,19.0,121.0,6.6,204.0,0.99,11.6,5.1,0,1,0,0,Never,Moderate,0,4.8,3,0,1,15,2025-02-23,0
P100436,59,Male,33.1,119.0,82.0,68.0,95.9,37.2,18.0,196.0,5.9,173.0,1.05,10.6,5.6,0,0,0,0,Never,Low,1,4.3,3,1,2,1,2024-05-21,1
P100437,85,Male,31.4,157.0,87.0,70.0,94.0,36.1,19.0,103.0,6.4,177.0,0.75,15.2,8.6,0,0,1,0,Never,Moderate,3,7.1,9,2,0,11,2024-03-28,1
P100438,23,Male,,130.0,81.0,72.0,97.5,37.1,21.0,162.0,5.4,116.0,1.09,15.4,5.0,0,0,0,0,Current,Low,0,2.2,4,0,1,18,2024-04-04,1
P100439,47,Female,17.5,143.0,68.0,60.0,95.6,36.6,18.0,98.0,5.3,203.0,0.8,11.6,4.3,0,1,0,0,Never,High,0,2.5,8,0,0,23,2025-06-17,1
P100440,89,Female,28.8,144.0,63.0,68.0,93.8,36.4,17.0,94.0,7.2,220.0,0.92,15.2,6.3,0,0,0,1,Current,Moderate,1,12.6,8,1,1,26,2024-06-15,1
P100441,39,Female,31.1,130.0,78.0,88.0,99.9,36.3,17.0,107.0,5.7,169.0,0.88,13.0,7.5,0,0,0,0,Never,High,0,3.6,5,1,0,14,2025-08-25,0
P100442,27,Female,19.6,123.0,86.0,76.0,94.9,36.9,19.0,105.0,6.3,161.0,1.16,14.5,9.7,0,0,0,1,Never,Low,0,1.1,6,3,0,17,2024-05-22,1
P100443,53,Female,24.1,146.0,79.0,78.0,93.9,36.4,17.0,132.0,6.6,200.0,0.83,14.4,7.7,1,0,0,0,Never,Low,2,3.0,6,0,1,17,2024-11-01,0
P100444,55,Male,23.1,152.0,95.0,49.0,97.0,36.8,22.0,55.0,7.1,240.0,1.04,14.4,8.0,0,0,0,0,Never,Low,0,5.3,4,1,1,10,2025-04-29,0
P100445,66,Male,27.6,152.0,82.0,87.0,96.4,37.0,18.0,120.0,6.4,236.0,1.16,11.6,5.0,0,0,0,0,Current,High,1,5.7,3,0,0,13,2025-06-11,0
P100446,40,Female,36.0,111.0,95.0,68.0,99.2,37.1,19.0,89.0,4.3,226.0,1.04,13.5,7.4,0,0,0,0,Never,Moderate,0,2.7,5,0,0,20,2024-04-14,0
P100447,87,Male,38.0,159.0,96.0,89.0,95.8,37.3,15.0,93.0,6.0,272.0,1.17,15.4,4.8,0,0,0,0,Never,Moderate,0,5.1,7,0,1,19,2025-06-22,1
P100448,56,Male,23.3,127.0,93.0,78.0,95.8,36.9,22.0,68.0,5.8,230.0,0.62,13.6,8.8,0,1,1,0,Never,Low,1,4.9,7,1,0,14,2025-06-21,0
P100449,38,Male,30.2,118.0,69.0,69.0,97.1,36.3,23.0,97.0,5.7,239.0,1.0,14.8,7.2,0,0,0,0,Never,Low,0,7.7,3,1,0,15,2025-06-19,0
P100450,88,Male,30.4,134.0,84.0,56.0,96.9,37.0,13.0,101.0,7.4,198.0,0.86,14.6,6.9,1,0,1,0,Never,Low,3,4.7,10,7,1,11,2025-06-12,1
P100451,85,Female,29.5,150.0,96.0,102.0,96.9,37.1,19.0,103.0,7.2,182.0,0.61,11.8,8.0,0,0,0,0,Never,Low,1,4.3,7,1,1,25,2024-11-16,0
P100452,54,Female,29.6,142.0,85.0,86.0,97.0,36.7,18.0,55.0,5.7,238.0,0.88,13.1,6.0,0,0,0,0,Never,Low,1,2.5,5,0,0,15,2024-07-24,0
P100453,19,Female,29.1,124.0,86.0,86.0,96.8,36.7,19.0,110.0,7.6,158.0,0.76,12.4,6.0,0,0,0,0,Former,Low,1,10.0,1,0,1,17,2024-08-21,0
P100454,61,Male,36.3,148.0,69.0,98.0,95.8,38.0,20.0,86.0,5.6,211.0,1.86,15.2,5.1,0,1,0,0,Never,Moderate,0,2.2,3,1,1,19,2024-08-18,0
P100455,58,Male,33.2,135.0,102.0,79.0,98.0,36.2,10.0,56.0,5.7,172.0,1.3,13.7,10.6,1,1,1,0,Never,Moderate,2,4.7,6,0,0,18,2025-10-31,0
P100456,28,Male,22.0,120.0,73.0,92.0,95.9,37.0,21.0,89.0,4.6,208.0,1.15,13.5,6.5,1,0,0,0,Never,Moderate,0,3.9,5,1,0,12,2025-09-10,0
P100457,64,Male,31.6,122.0,63.0,70.0,97.9,37.3,22.0,87.0,4.6,,0.93,,6.4,0,0,0,1,Never,Moderate,1,2.2,5,1,0,18,2025-07-11,0
P100458,79,Female,32.1,142.0,80.0,85.0,99.0,36.6,22.0,119.0,5.1,201.0,1.04,16.5,8.4,1,1,1,0,Former,Low,2,5.8,12,4,0,15,2024-05-12,1
P100459,25,Female,29.1,128.0,56.0,68.0,95.3,36.7,15.0,88.0,6.4,194.0,1.65,12.5,7.0,0,0,0,0,Never,Moderate,1,6.2,4,1,1,15,2025-06-26,0
P100460,70,Female,33.4,111.0,72.0,70.0,100.0,36.6,18.0,65.0,6.7,215.0,0.88,11.5,2.4,0,1,0,0,Never,High,0,5.2,7,0,1,15,2024-02-19,1
P100461,28,Male,28.5,144.0,106.0,77.0,95.2,36.8,16.0,77.0,4.7,221.0,1.01,15.5,11.0,0,1,0,0,Never,Moderate,0,1.4,2,0,0,9,2025-06-27,0
P100462,72,Female,28.5,126.0,80.0,61.0,95.2,37.2,11.0,56.0,6.2,142.0,1.58,13.5,6.0,0,0,0,0,Never,High,2,2.3,7,0,1,17,2024-10-20,0
P100463,48,Male,28.1,159.0,68.0,80.0,97.5,36.7,16.0,151.0,6.5,193.0,0.79,15.4,5.3,0,0,0,0,Never,High,0,1.4,7,0,1,12,2025-11-20,0
P100464,18,Male,17.0,104.0,80.0,72.0,97.3,38.4,14.0,152.0,4.0,179.0,0.95,15.6,6.7,0,0,0,0,Never,Low,0,1.8,2,2,1,14,2025-06-22,0
P100465,88,Female,27.1,133.0,75.0,52.0,96.6,36.6,19.0,169.0,7.9,202.0,1.11,14.8,6.0,0,1,1,0,Former,Low,0,5.5,8,1,2,6,2025-02-20,1
P100466,30,Male,24.0,118.0,89.0,71.0,98.0,37.5,12.0,88.0,6.5,179.0,0.69,13.0,6.0,0,0,0,0,Current,Low,0,1.0,1,1,0,13,2025-05-26,0
P100467,61,Male,21.3,117.0,74.0,72.0,97.0,37.1,15.0,159.0,6.7,243.0,1.25,14.8,7.2,0,0,0,1,Never,Moderate,1,3.1,5,2,3,18,2025-11-14,0
P100468,31,Female,35.0,121.0,84.0,86.0,100.0,36.9,16.0,123.0,6.7,192.0,0.63,10.8,3.3,0,0,1,0,Never,High,0,3.7,3,0,2,14,2024-01-10,0
P100469,86,Male,30.1,166.0,73.0,79.0,96.4,37.5,21.0,90.0,4.4,232.0,1.33,14.1,8.5,1,0,0,1,Never,High,1,8.7,6,2,0,1,2025-10-17,1
P100470,71,Female,27.3,137.0,109.0,93.0,95.0,36.0,28.0,94.0,5.9,159.0,1.18,14.2,8.9,1,0,0,0,Current,Moderate,0,3.1,7,1,0,25,2024-08-24,1
P100471,76,Male,24.6,122.0,89.0,82.0,95.5,37.0,19.0,111.0,7.2,184.0,1.33,13.3,3.6,0,0,0,0,Never,Moderate,1,3.0,11,2,1,1,2024-06-16,1
P100472,49,Female,29.0,101.0,80.0,69.0,97.3,36.4,14.0,115.0,5.8,172.0,0.94,16.5,7.9,0,1,0,0,Never,High,0,5.2,2,0,0,12,2024-09-17,1
P100473,52,Male,32.7,103.0,79.0,75.0,97.4,36.6,16.0,125.0,6.5,210.0,1.12,14.6,5.3,1,0,0,0,Current,Moderate,0,1.0,11,2,0,13,2024-07-24,0
P100474,64,Male,23.2,125.0,77.0,72.0,96.9,36.6,20.0,114.0,7.3,150.0,,11.9,6.1,0,0,1,0,Former,Moderate,2,5.4,4,1,1,20,2025-01-05,1
P100475,75,Female,27.5,124.0,76.0,82.0,95.0,36.3,13.0,104.0,6.7,130.0,0.68,14.3,7.7,0,1,0,0,Former,Low,0,4.9,8,1,1,15,2024-09-26,0
P100476,79,Male,32.0,132.0,76.0,77.0,98.5,36.0,22.0,165.0,5.9,171.0,0.75,17.9,8.7,0,1,0,0,Never,Moderate,1,3.5,7,2,1,1,2025-01-23,1
P100477,19,Female,17.4,90.0,97.0,68.0,100.0,37.0,19.0,102.0,5.9,216.0,1.07,9.8,7.7,0,0,0,0,Former,Low,0,4.9,0,0,1,18,2024-05-11,0
P100478,66,Male,27.2,132.0,77.0,76.0,96.6,36.8,18.0,109.0,4.5,164.0,1.28,15.7,4.2,0,1,0,0,Never,Low,1,3.1,8,1,0,13,2024-10-14,0
P100479,25,Female,25.3,146.0,59.0,82.0,99.8,36.6,12.0,100.0,5.9,205.0,0.96,11.7,7.1,0,0,0,0,Never,Low,1,1.0,3,0,0,16,2025-02-18,0
P100480,39,Female,26.8,158.0,70.0,64.0,98.1,37.2,21.0,106.0,6.3,170.0,1.22,13.1,8.0,0,0,1,0,Current,Moderate,1,2.5,2,3,0,8,2024-08-23,0
P100481,78,Male,24.9,103.0,93.0,80.0,100.0,37.0,15.0,69.0,6.3,128.0,0.98,,5.5,0,0,0,1,Former,Moderate,2,4.0,9,0,0,11,2024-09-09,1
P100482,36,Male,28.2,117.0,79.0,57.0,97.4,36.7,19.0,74.0,6.7,227.0,1.31,15.9,5.3,0,0,1,0,Never,High,2,12.5,8,1,1,6,2025-09-03,0
P100483,76,Female,37.5,121.0,82.0,89.0,96.7,38.3,17.0,202.0,6.4,,1.06,12.7,6.9,0,0,0,0,Former,Moderate,1,1.4,10,2,1,16,2024-07-09,1
P100484,51,Female,25.8,135.0,94.0,82.0,98.0,37.3,12.0,55.0,5.9,193.0,0.78,14.9,8.1,0,0,0,0,Never,Low,1,5.9,2,1,0,10,2024-08-12,0
P100485,34,Male,29.0,109.0,73.0,96.0,95.7,38.0,17.0,119.0,7.3,197.0,1.35,13.1,5.9,0,0,0,0,Former,Moderate,1,3.5,1,1,1,4,2025-02-15,0
P100486,42,Male,37.9,160.0,88.0,63.0,97.2,36.6,14.0,123.0,4.8,187.0,1.21,14.3,7.5,0,0,0,0,Former,Moderate,0,2.9,5,1,0,11,2025-07-25,0
P100487,56,Female,24.6,133.0,76.0,90.0,98.9,36.9,16.0,149.0,7.1,156.0,0.89,9.7,4.5,0,0,0,0,Former,High,0,2.3,6,1,3,6,2024-03-26,0
P100488,73,Female,36.9,133.0,89.0,87.0,98.0,36.2,20.0,129.0,7.3,245.0,0.95,17.1,7.5,1,1,0,0,Never,High,1,3.9,6,1,2,13,2024-08-16,0
P100489,62,Male,27.5,161.0,79.0,74.0,96.4,36.6,20.0,180.0,6.7,191.0,1.2,17.5,3.4,0,0,0,1,Never,Moderate,2,4.6,10,0,2,14,2024-12-06,1
P100490,86,Male,36.8,136.0,82.0,71.0,96.9,36.5,18.0,127.0,5.9,209.0,0.83,,7.6,0,0,0,0,Never,Low,2,3.8,8,2,0,13,2025-04-10,1
P100491,81,Female,31.4,143.0,92.0,63.0,97.9,38.3,15.0,165.0,6.5,176.0,1.18,15.5,8.8,1,0,0,0,Former,Moderate,1,3.1,5,4,1,1,2024-09-18,0
P100492,72,Male,29.1,122.0,91.0,60.0,97.8,36.5,16.0,152.0,5.3,212.0,1.02,13.7,6.7,0,0,0,0,Never,Low,0,7.0,5,0,1,8,2025-09-09,1
P100493,62,Male,27.2,110.0,81.0,67.0,97.9,36.7,16.0,168.0,5.4,239.0,1.1,14.5,8.1,0,1,0,0,Never,Low,1,5.0,5,1,1,20,2025-03-30,0
P100494,39,Female,24.3,120.0,77.0,61.0,97.1,36.1,11.0,111.0,5.8,201.0,0.4,13.6,7.5,0,0,0,0,Never,Low,0,2.8,4,1,0,20,2024-04-29,0
P100495,48,Male,27.9,169.0,98.0,95.0,95.0,37.1,18.0,126.0,5.0,209.0,0.74,15.2,4.2,0,1,1,0,Never,Moderate,0,4.8,3,0,0,22,2024-01-23,0
P100496,26,Female,32.2,140.0,86.0,58.0,95.3,36.3,12.0,95.0,5.3,228.0,1.0,11.6,4.6,0,0,0,0,Never,Moderate,0,4.4,0,0,0,20,2024-11-10,1
P100497,45,Male,27.4,136.0,78.0,78.0,97.3,37.3,18.0,117.0,4.7,222.0,1.28,12.9,6.3,0,1,0,0,Former,Moderate,0,3.9,4,0,0,21,2024-07-24,0
P100498,85,Female,25.9,120.0,78.0,81.0,98.0,35.9,13.0,126.0,6.8,235.0,1.07,11.2,6.7,0,0,0,0,Never,Low,0,1.4,3,0,1,16,2025-03-18,0
P100499,49,Male,26.2,147.0,92.0,80.0,97.8,36.7,14.0,55.0,7.3,207.0,1.2,14.0,5.4,0,1,0,0,Current,Moderate,1,3.8,7,0,1,10,2025-01-31,0
P100500,26,Female,32.7,106.0,82.0,81.0,95.3,35.9,20.0,103.0,7.5,207.0,0.51,12.7,4.6,0,0,1,0,Former,Low,0,3.6,3,4,1,19,2024-09-07,0
P100501,65,Male,33.9,107.0,81.0,87.0,96.2,36.6,18.0,146.0,5.0,204.0,0.92,13.9,2.0,0,1,0,0,Former,Low,1,1.6,4,1,1,3,2024-05-15,0
P100502,88,Male,24.0,127.0,85.0,71.0,94.4,36.7,11.0,72.0,,228.0,1.19,15.0,10.3,1,1,0,0,Never,Moderate,0,3.1,7,1,0,7,2024-09-17,0
P100503,81,Female,24.0,169.0,87.0,77.0,94.0,36.5,16.0,83.0,6.1,179.0,1.08,11.1,10.4,0,0,0,0,Former,Moderate,1,3.8,10,0,0,21,2024-03-28,1
P100504,38,Female,29.5,163.0,81.0,72.0,96.6,36.5,19.0,150.0,6.4,215.0,1.18,11.9,5.3,0,0,1,0,Former,Moderate,1,4.5,7,5,1,7,2024-04-24,1
P100505,51,Female,35.4,124.0,94.0,92.0,98.9,37.3,16.0,159.0,5.7,282.0,0.93,12.1,4.1,1,0,0,1,Never,High,0,3.5,3,2,2,22,2024-11-27,1
P100506,56,Male,33.5,121.0,95.0,101.0,96.7,37.9,17.0,91.0,6.8,209.0,0.95,15.8,9.9,0,0,0,0,Never,High,2,3.5,3,3,1,11,2025-10-20,0
P100507,36,Male,21.0,102.0,86.0,62.0,99.9,37.0,19.0,116.0,6.2,150.0,1.14,14.9,2.8,0,1,0,0,Never,High,0,1.8,7,0,0,19,2024-12-31,0
P100508,37,Female,26.1,132.0,95.0,52.0,96.2,36.4,18.0,107.0,4.2,184.0,0.81,13.7,9.1,0,0,0,0,Former,Moderate,2,2.8,2,2,0,21,2024-05-05,0
P100509,35,Female,22.7,133.0,81.0,83.0,96.6,36.8,15.0,150.0,5.8,219.0,0.7,11.8,8.3,0,0,0,0,Current,Low,0,1.0,4,0,1,32,2024-11-24,0
P100510,90,Male,26.1,150.0,91.0,89.0,94.7,36.6,18.0,101.0,5.3,170.0,1.25,14.7,6.3,0,0,0,0,Current,Moderate,3,3.0,8,0,0,22,2024-06-10,1
P100511,72,Female,35.8,150.0,93.0,99.0,95.9,37.2,17.0,103.0,5.7,158.0,0.8,12.0,9.8,0,0,0,0,Current,Moderate,2,1.0,4,2,0,5,2025-08-22,1
P100512,79,Female,20.1,132.0,94.0,85.0,94.4,36.9,24.0,164.0,5.9,143.0,1.48,12.1,5.7,1,0,0,0,Never,Moderate,0,2.4,8,1,2,25,2025-09-06,0
P100513,77,Female,19.1,145.0,93.0,93.0,93.7,36.0,18.0,82.0,6.9,187.0,,13.8,8.7,0,1,1,1,Never,Low,3,6.2,7,6,1,4,2024-11-26,1
P100514,88,Female,23.2,125.0,91.0,96.0,94.4,37.3,18.0,101.0,6.3,,1.03,12.2,6.5,1,1,0,0,Never,Moderate,2,4.4,6,2,1,12,2024-11-02,0
P100515,25,Female,29.0,138.0,100.0,94.0,96.7,37.3,19.0,112.0,5.2,175.0,1.38,13.0,4.6,0,0,0,0,Never,High,0,1.0,3,0,0,3,2025-08-07,0
P100516,82,Female,30.7,127.0,79.0,87.0,95.2,37.5,17.0,171.0,8.2,228.0,1.65,12.8,11.1,1,1,1,0,Never,High,4,3.6,7,6,4,1,2024-03-27,1
P100517,22,Female,29.8,136.0,79.0,61.0,95.6,36.5,15.0,65.0,4.8,184.0,0.89,11.4,5.6,0,0,0,0,Former,Low,2,1.8,4,1,0,9,2025-02-07,0
P100518,52,Female,33.6,139.0,80.0,76.0,97.2,37.0,20.0,87.0,6.2,180.0,1.32,12.3,6.1,0,0,0,0,Former,Moderate,1,3.2,4,1,0,13,2025-06-07,0
P100519,61,Female,18.3,134.0,79.0,80.0,93.7,36.2,20.0,135.0,6.6,215.0,1.25,12.4,8.6,1,0,0,0,Never,Low,0,2.4,3,2,1,17,2025-07-05,1
P100520,44,Male,33.7,145.0,62.0,75.0,96.6,36.8,25.0,137.0,6.0,137.0,0.84,14.0,9.5,0,0,1,0,Current,Low,0,13.3,4,1,0,3,2024-04-24,1
P100521,28,Female,25.9,103.0,94.0,76.0,98.0,37.0,21.0,115.0,4.8,258.0,1.06,10.5,4.4,0,0,0,0,Never,Low,0,12.0,4,0,2,1,2025-07-18,0
P100522,32,Female,31.3,112.0,71.0,95.0,98.2,36.5,21.0,105.0,4.8,215.0,0.7,12.1,9.9,0,0,0,0,Former,High,0,3.0,4,0,0,29,2025-03-11,0
P100523,78,Female,20.6,131.0,85.0,67.0,97.4,37.0,21.0,122.0,6.8,235.0,0.65,14.6,7.0,1,0,0,0,Never,Moderate,0,2.1,12,1,1,16,2024-07-15,0
P100524,41,Female,27.5,106.0,67.0,86.0,96.4,36.9,16.0,58.0,6.7,185.0,1.11,13.9,6.8,0,0,0,0,Former,Moderate,1,3.7,2,0,1,14,2025-06-22,0
P100525,40,Male,28.7,124.0,88.0,80.0,95.4,36.6,14.0,114.0,5.7,214.0,1.13,14.0,6.7,0,0,0,0,Never,High,1,1.3,3,0,0,22,2024-08-11,0
P100526,85,Female,33.5,130.0,76.0,66.0,96.4,37.5,14.0,170.0,5.1,230.0,0.77,11.4,7.0,0,0,0,1,Former,Moderate,3,4.9,6,0,1,13,2024-04-03,1
P100527,28,Male,19.3,152.0,69.0,63.0,99.5,36.7,20.0,62.0,5.6,192.0,0.89,14.8,3.9,0,0,0,0,Never,Low,0,6.9,2,1,0,9,2024-06-29,0
P100528,84,Male,27.7,139.0,86.0,56.0,97.0,36.9,23.0,91.0,7.7,162.0,0.77,16.1,7.8,0,0,0,0,Never,Moderate,2,6.4,6,1,1,4,2024-12-07,0
P100529,85,Male,21.9,154.0,77.0,82.0,96.3,36.1,21.0,104.0,5.4,159.0,0.98,16.9,7.4,0,0,0,0,Former,Low,1,6.3,13,1,0,16,2024-10-30,0
P100530,61,Female,30.1,138.0,77.0,75.0,97.5,37.1,17.0,102.0,5.7,179.0,0.91,12.4,6.3,0,0,0,0,Never,Moderate,2,4.5,2,1,0,16,2025-12-22,0
P100531,30,Female,31.5,120.0,83.0,66.0,96.6,36.6,24.0,173.0,5.7,204.0,1.15,11.6,7.4,0,0,0,0,Never,High,2,6.4,2,1,1,7,2024-12-11,0
P100532,29,Female,34.2,132.0,89.0,53.0,96.9,37.3,16.0,76.0,6.6,189.0,0.8,13.9,6.6,0,0,0,0,Never,High,1,1.0,5,1,1,19,2025-04-11,0
P100533,38,Male,24.7,143.0,73.0,81.0,96.1,36.1,14.0,70.0,5.3,176.0,0.61,15.1,6.9,0,0,0,0,Never,Moderate,1,2.1,2,0,0,23,2025-07-08,0
P100534,60,Male,32.3,153.0,73.0,74.0,95.8,37.0,19.0,141.0,6.5,221.0,1.51,14.6,7.8,0,0,0,0,Former,Moderate,0,4.6,7,0,2,1,2024-07-03,1
P100535,29,Female,34.6,127.0,81.0,67.0,98.3,35.7,23.0,86.0,6.9,177.0,1.08,12.2,6.5,0,0,0,0,Never,High,0,2.2,5,0,1,23,2024-04-27,0
P100536,51,Male,19.0,104.0,87.0,64.0,93.0,37.1,15.0,140.0,4.6,172.0,1.25,12.6,5.4,0,0,0,0,Never,Moderate,0,15.9,5,0,0,17,2024-08-31,1
P100537,26,Female,30.7,100.0,95.0,73.0,97.4,36.7,12.0,101.0,4.4,231.0,1.1,14.2,8.5,0,0,0,0,Never,Moderate,3,2.0,4,0,0,14,2024-05-04,0
P100538,57,Female,32.5,127.0,72.0,82.0,95.6,37.0,18.0,129.0,5.9,216.0,1.28,14.5,4.8,0,1,0,0,Never,Low,0,7.5,6,2,0,18,2025-11-15,0
P100539,19,Female,26.2,90.0,77.0,72.0,93.1,36.5,21.0,55.0,6.4,,1.03,12.7,9.1,1,0,0,0,Never,Low,1,3.2,5,0,0,15,2024-02-14,0
P100540,69,Male,21.2,165.0,95.0,62.0,94.7,36.3,10.0,131.0,6.4,144.0,1.19,17.2,6.3,0,0,1,0,Never,Low,1,5.2,9,0,0,4,2025-04-03,1
P100541,22,Male,32.4,139.0,100.0,75.0,96.4,36.6,21.0,115.0,6.5,153.0,0.95,15.0,8.8,0,0,0,0,Never,Moderate,0,1.1,3,0,0,14,2025-05-02,0
P100542,32,Male,21.3,119.0,71.0,89.0,96.7,36.9,13.0,100.0,4.2,194.0,0.82,14.3,9.9,0,0,0,0,Former,Low,1,1.5,2,1,0,10,2025-12-27,0
P100543,30,Female,26.6,111.0,73.0,76.0,97.8,37.1,21.0,65.0,,240.0,1.19,11.4,6.9,0,0,0,0,Never,Moderate,3,3.3,7,0,0,16,2025-12-13,0
P100544,78,Male,27.3,153.0,87.0,77.0,98.0,37.0,11.0,125.0,4.0,250.0,1.01,12.0,8.7,0,0,0,0,Never,Moderate,1,1.6,9,1,1,16,2025-06-02,0
P100545,21,Female,31.2,110.0,74.0,72.0,93.7,36.3,13.0,132.0,6.7,224.0,0.95,12.4,8.3,0,0,0,0,Never,High,0,4.0,5,1,1,7,2024-09-30,0
P100546,49,Male,24.2,115.0,74.0,65.0,97.2,37.7,20.0,93.0,7.0,268.0,1.1,15.2,7.4,0,0,0,0,Former,Low,2,2.1,4,1,2,19,2025-05-09,0
P100547,61,Male,23.9,120.0,85.0,65.0,97.8,37.0,22.0,96.0,5.7,203.0,1.16,18.0,8.2,0,0,0,0,Current,Moderate,1,2.6,7,1,0,16,2024-12-16,0
P100548,55,Male,28.0,135.0,98.0,56.0,96.9,36.5,18.0,141.0,4.0,237.0,0.73,14.7,6.4,1,0,1,0,Never,High,1,5.7,4,1,1,17,2024-06-17,1
P100549,67,Female,32.7,145.0,70.0,90.0,97.4,37.0,26.0,175.0,5.9,173.0,1.11,14.1,10.3,0,0,0,1,Never,High,1,3.0,11,1,1,9,2024-05-10,0
P100550,76,Female,39.4,155.0,99.0,82.0,93.0,36.9,14.0,150.0,7.2,136.0,0.79,12.0,7.2,1,0,0,0,Current,High,1,1.8,6,0,2,21,2024-06-13,1
P100551,46,Male,19.7,149.0,76.0,77.0,94.7,36.7,14.0,119.0,6.2,183.0,1.04,14.9,5.5,0,0,1,0,Current,Low,2,2.1,7,3,0,18,2024-01-08,1
P100552,78,Female,29.1,135.0,87.0,80.0,99.0,36.7,17.0,109.0,7.9,190.0,1.3,13.3,6.1,0,1,0,0,Never,Moderate,1,9.3,9,0,1,6,2025-03-26,1
P100553,41,Female,21.9,148.0,97.0,80.0,96.0,37.3,17.0,109.0,5.5,293.0,1.48,11.8,8.8,0,0,0,0,Former,High,0,2.9,6,2,2,6,2025-04-28,0
P100554,89,Female,32.8,125.0,88.0,67.0,100.0,37.7,19.0,73.0,8.2,195.0,1.28,15.2,5.2,1,0,0,1,Never,Low,0,1.5,5,2,1,28,2024-06-16,0
P100555,54,Female,22.6,102.0,79.0,72.0,94.2,35.8,15.0,107.0,4.1,,1.25,13.0,10.8,0,0,0,0,Never,High,0,3.8,2,0,0,30,2024-10-25,0
P100556,71,Male,24.0,123.0,90.0,70.0,99.3,37.4,20.0,155.0,5.5,232.0,0.76,16.3,9.6,0,0,0,0,Former,Moderate,1,1.5,4,1,1,14,2024-06-19,1
P100557,81,Male,24.4,122.0,82.0,106.0,95.4,36.8,20.0,119.0,5.1,166.0,1.24,14.6,4.5,0,1,1,0,Never,Moderate,0,6.5,4,3,0,20,2025-06-14,0
P100558,75,Female,27.1,124.0,89.0,88.0,98.1,36.9,24.0,95.0,6.9,200.0,0.76,12.7,8.5,1,0,0,0,Current,Low,3,3.5,4,3,1,6,2025-02-17,1
P100559,80,Male,29.2,119.0,82.0,78.0,96.0,37.5,16.0,92.0,5.2,228.0,1.43,13.4,5.1,0,0,0,0,Never,High,0,3.1,6,1,1,20,2024-10-26,0
P100560,57,Male,30.0,125.0,91.0,92.0,96.7,35.5,19.0,112.0,,160.0,0.72,14.1,5.3,0,0,0,0,Never,Low,0,1.0,7,2,1,3,2025-03-27,0
P100561,21,Male,27.5,139.0,66.0,91.0,97.6,37.2,20.0,64.0,6.2,253.0,0.64,16.8,6.1,0,0,0,0,Former,Moderate,0,4.9,2,0,1,4,2025-05-27,0
P100562,53,Female,20.6,162.0,72.0,59.0,95.4,37.4,18.0,81.0,6.1,238.0,1.22,11.9,5.5,0,1,0,0,Current,Moderate,1,3.5,7,0,0,33,2025-09-17,0
P100563,31,Male,,100.0,67.0,73.0,97.9,36.5,17.0,162.0,5.6,208.0,1.41,15.6,8.5,0,0,0,0,Never,Moderate,0,1.0,3,0,2,16,2025-10-03,0
P100564,82,Male,27.2,114.0,83.0,76.0,96.0,36.1,11.0,81.0,5.3,262.0,1.39,14.1,7.5,0,0,1,0,Current,High,1,2.4,7,3,1,4,2025-02-13,1
P100565,35,Female,33.5,117.0,66.0,83.0,96.8,37.6,18.0,81.0,6.3,180.0,0.86,14.1,7.8,0,0,0,0,Former,High,1,1.3,5,0,0,23,2024-06-24,0
P100566,34,Male,23.8,143.0,74.0,73.0,91.7,35.9,20.0,119.0,5.2,225.0,0.67,14.9,7.0,0,0,0,0,Former,High,0,3.9,10,0,0,21,2025-12-07,0
P100567,36,Male,19.2,127.0,70.0,75.0,95.9,37.0,18.0,94.0,6.4,206.0,0.84,12.6,5.9,0,0,0,0,Never,High,2,2.7,2,1,0,4,2024-07-17,0
P100568,64,Male,27.3,121.0,98.0,70.0,98.8,37.3,15.0,118.0,7.4,171.0,1.08,14.8,6.0,0,0,0,0,Never,High,0,1.0,5,0,1,17,2024-04-11,0
P100569,59,Male,34.2,145.0,73.0,89.0,97.8,37.0,12.0,144.0,5.7,172.0,1.01,17.8,9.2,0,1,1,0,Former,Moderate,0,4.0,3,2,1,16,2025-01-22,1
P100570,87,Female,28.3,153.0,71.0,59.0,98.1,37.1,20.0,65.0,7.5,,0.82,13.7,6.3,0,0,0,0,Never,Low,1,3.6,4,1,2,22,2024-03-25,1
P100571,48,Female,26.5,131.0,84.0,71.0,96.6,36.7,18.0,138.0,6.0,235.0,1.35,14.6,9.8,1,0,0,0,Current,Moderate,0,2.3,10,2,0,11,2024-12-04,0
P100572,38,Male,23.0,117.0,98.0,54.0,99.5,37.0,23.0,89.0,6.3,229.0,1.33,15.0,5.7,0,0,0,0,Never,Low,2,3.7,5,0,0,4,2024-12-19,0
P100573,21,Female,36.6,133.0,79.0,64.0,97.0,36.4,13.0,97.0,,171.0,1.44,14.4,7.1,0,0,0,0,Never,Moderate,0,3.1,1,3,1,3,2025-09-17,0
P100574,18,Female,22.1,124.0,80.0,80.0,95.3,36.5,16.0,174.0,4.9,222.0,0.44,12.1,7.6,0,0,0,0,Never,Low,1,3.5,3,0,1,9,2025-11-25,0
P100575,45,Female,23.7,127.0,95.0,80.0,98.0,36.8,13.0,62.0,5.2,181.0,0.76,13.0,9.4,0,0,0,0,Never,Low,1,6.3,4,2,0,11,2024-02-12,0
P100576,85,Female,30.5,127.0,93.0,72.0,98.2,36.0,22.0,139.0,7.5,260.0,1.18,14.5,8.9,1,1,1,0,Never,Moderate,1,3.2,7,2,2,8,2025-03-16,1
P100577,56,Female,17.8,148.0,87.0,89.0,97.6,37.1,22.0,153.0,5.6,241.0,1.02,12.7,7.6,0,0,0,0,Current,Moderate,0,2.2,4,2,2,10,2025-05-03,1
P100578,83,Male,34.1,140.0,78.0,92.0,95.8,35.6,25.0,94.0,6.9,230.0,0.97,16.2,7.1,1,0,0,1,Never,High,2,4.2,6,4,1,21,2024-05-25,1
P100579,25,Male,30.7,147.0,85.0,75.0,97.0,37.0,20.0,84.0,5.5,226.0,0.69,13.1,5.2,0,0,0,0,Never,High,0,4.7,3,0,0,4,2024-02-13,0
P100580,24,Female,32.2,152.0,67.0,79.0,99.0,37.0,21.0,94.0,5.3,192.0,,13.3,6.6,0,0,0,0,Former,Moderate,0,1.6,2,1,0,1,2024-12-07,0
P100581,78,Female,30.4,143.0,77.0,71.0,97.4,36.4,20.0,93.0,4.9,214.0,1.65,12.8,11.5,0,1,0,1,Current,High,1,2.5,4,2,2,5,2024-02-20,0
P100582,25,Female,26.7,120.0,95.0,84.0,93.8,36.2,20.0,110.0,4.0,254.0,0.53,17.2,5.1,0,0,0,0,Current,Moderate,0,6.7,6,0,1,6,2025-09-20,0
P100583,21,Male,22.0,146.0,93.0,62.0,95.4,36.6,18.0,138.0,5.2,213.0,0.48,14.0,5.9,0,0,0,0,Never,Moderate,1,3.9,3,0,0,15,2025-12-07,0
P100584,47,Male,26.8,140.0,86.0,98.0,95.3,37.1,20.0,99.0,5.6,163.0,0.66,15.2,4.2,0,0,0,0,Never,High,1,2.0,4,4,0,1,2025-03-05,0
P100585,85,Female,22.4,180.0,65.0,90.0,95.1,37.0,25.0,151.0,5.5,243.0,1.16,10.2,5.5,0,1,0,0,Never,High,1,4.6,9,1,3,18,2024-10-13,1
P100586,68,Male,30.0,139.0,71.0,62.0,92.7,36.2,19.0,164.0,6.2,169.0,0.98,12.8,4.6,0,0,0,0,Current,Moderate,1,1.2,11,1,1,25,2025-07-21,1
P100587,25,Female,31.7,141.0,74.0,67.0,99.9,36.9,18.0,123.0,7.4,194.0,1.04,13.7,4.5,0,0,0,0,Current,Moderate,0,3.2,4,3,1,9,2024-09-17,0
P100588,79,Female,35.2,140.0,82.0,81.0,94.9,36.9,19.0,136.0,7.6,177.0,0.89,12.8,7.6,0,1,0,0,Never,High,3,12.8,9,2,1,24,2025-10-28,1
P100589,79,Female,,134.0,71.0,72.0,95.1,36.9,17.0,96.0,6.2,,1.11,12.8,8.5,1,1,0,0,Former,Moderate,2,1.8,7,2,0,32,2025-10-16,0
P100590,76,Male,32.3,131.0,81.0,83.0,93.0,36.3,19.0,55.0,6.2,202.0,1.1,14.1,7.7,0,0,0,0,Never,Moderate,2,4.6,4,1,0,15,2024-12-19,0
P100591,83,Female,26.0,141.0,102.0,72.0,98.1,36.9,17.0,138.0,6.8,278.0,1.54,12.9,5.0,0,1,0,0,Current,Moderate,2,4.7,9,1,3,11,2024-03-03,1
P100592,35,Female,25.0,139.0,85.0,94.0,96.3,37.3,22.0,137.0,5.9,207.0,1.45,10.6,3.6,0,0,0,0,Never,High,0,9.3,5,0,2,2,2025-11-30,1
P100593,89,Female,30.0,156.0,87.0,76.0,95.9,37.1,22.0,128.0,6.9,308.0,1.07,13.1,2.9,0,0,0,1,Former,High,4,4.5,4,3,2,1,2024-03-19,1
P100594,41,Female,25.5,136.0,71.0,105.0,96.0,37.0,26.0,142.0,6.0,189.0,1.21,12.9,4.6,0,1,1,0,Never,Low,3,1.8,10,1,1,23,2024-08-18,1
P100595,76,Male,28.9,127.0,67.0,83.0,97.6,37.6,18.0,97.0,6.3,203.0,1.12,16.2,4.9,1,1,0,0,Never,Moderate,2,2.7,7,1,0,21,2025-10-07,0
P100596,60,Female,22.0,128.0,70.0,60.0,95.6,36.9,19.0,132.0,5.4,191.0,1.25,14.5,6.1,0,0,0,0,Never,Moderate,1,3.4,4,1,0,16,2024-03-25,0
P100597,74,Female,22.9,112.0,67.0,101.0,92.9,36.4,19.0,168.0,6.5,197.0,1.18,9.0,7.5,0,0,0,1,Never,Low,4,8.6,4,1,2,13,2024-07-13,1
P100598,63,Female,30.8,162.0,84.0,89.0,94.2,36.4,19.0,138.0,4.0,209.0,1.25,12.1,6.2,0,0,0,0,Current,Moderate,2,5.5,6,2,0,20,2025-05-09,0
P100599,64,Female,32.1,124.0,87.0,81.0,94.1,36.9,22.0,162.0,6.2,252.0,1.28,15.9,10.2,1,0,0,1,Never,Moderate,1,9.1,9,1,2,19,2025-06-25,1
P100600,62,Male,22.4,150.0,73.0,84.0,97.0,36.1,12.0,161.0,4.1,163.0,1.15,16.0,11.6,0,1,0,0,Never,Moderate,0,11.2,7,3,2,4,2024-11-14,1
P100601,74,Female,31.0,140.0,85.0,62.0,98.2,36.6,20.0,74.0,6.4,195.0,1.11,13.9,6.8,0,1,0,0,Former,Low,2,4.4,6,2,0,11,2025-07-16,1
P100602,71,Male,24.7,140.0,98.0,54.0,99.1,37.0,25.0,141.0,5.2,218.0,1.35,13.8,3.2,0,0,1,0,Former,High,1,6.1,5,1,1,14,2024-08-09,1
P100603,27,Male,27.6,127.0,100.0,75.0,93.6,37.4,23.0,86.0,6.7,244.0,0.89,15.7,5.9,0,0,0,0,Never,Moderate,0,2.6,6,0,2,5,2025-12-23,0
P100604,78,Female,34.9,122.0,91.0,93.0,97.6,36.0,22.0,78.0,6.3,113.0,0.92,10.9,6.5,0,1,1,0,Former,Low,1,1.4,6,0,1,12,2024-05-15,1
P100605,57,Male,31.7,116.0,81.0,81.0,95.4,36.8,21.0,103.0,5.9,142.0,0.59,13.8,8.4,1,0,0,0,Never,High,0,1.1,5,1,0,22,2024-10-04,1
P100606,41,Male,31.6,160.0,89.0,97.0,100.0,36.8,16.0,172.0,,197.0,1.09,15.1,4.3,0,0,0,0,Current,Moderate,0,3.0,3,1,1,16,2025-11-15,0
P100607,55,Female,37.4,135.0,96.0,92.0,99.0,36.8,15.0,94.0,5.1,238.0,1.21,14.1,3.8,0,0,0,0,Former,Low,2,3.1,6,0,0,27,2024-09-15,0
P100608,88,Female,23.8,156.0,64.0,76.0,99.6,36.9,15.0,57.0,7.3,177.0,0.63,13.5,7.5,0,0,0,0,Current,High,1,1.3,8,1,1,10,2025-12-26,1
P100609,80,Male,22.4,159.0,99.0,90.0,97.9,36.8,14.0,67.0,6.8,220.0,0.92,15.2,5.9,0,0,0,0,Former,High,0,2.0,5,2,1,22,2025-09-25,0
P100610,78,Male,23.7,128.0,78.0,94.0,97.2,37.5,21.0,134.0,5.7,,1.29,14.8,5.9,0,0,0,0,Former,High,4,1.3,6,1,1,9,2025-08-30,0
P100611,51,Male,26.2,139.0,77.0,75.0,95.8,37.4,23.0,86.0,4.9,195.0,0.96,14.1,5.2,0,0,0,0,Never,Moderate,1,1.8,4,2,0,9,2025-05-02,1
P100612,75,Female,16.0,136.0,80.0,73.0,95.4,37.9,20.0,55.0,5.8,186.0,1.09,15.2,6.2,0,0,1,0,Never,Moderate,0,3.2,8,0,0,8,2024-04-30,0
P100613,46,Male,26.4,112.0,85.0,78.0,95.1,36.8,21.0,62.0,5.7,213.0,1.24,17.4,7.4,1,0,0,0,Never,High,1,1.3,4,0,0,1,2024-09-15,0
P100614,68,Female,24.7,131.0,72.0,47.0,97.6,36.6,19.0,121.0,5.0,202.0,1.02,13.1,2.2,0,1,0,0,Never,Moderate,2,13.0,4,1,0,20,2024-11-30,0
P100615,64,Female,31.6,144.0,80.0,79.0,99.3,36.3,20.0,142.0,5.6,205.0,1.15,11.4,7.0,0,1,0,1,Never,Low,1,2.2,6,1,1,13,2025-05-09,0
P100616,36,Female,29.3,122.0,86.0,85.0,95.9,36.5,11.0,94.0,5.1,188.0,0.66,12.8,8.4,0,0,0,0,Current,Moderate,0,5.2,3,0,0,22,2025-04-20,0
P100617,37,Male,24.4,125.0,83.0,78.0,95.2,37.2,19.0,132.0,5.5,185.0,1.06,14.7,7.9,0,0,0,0,Current,High,0,1.1,1,2,0,13,2025-05-03,0
P100618,22,Female,30.6,126.0,84.0,80.0,93.8,37.2,17.0,139.0,5.3,157.0,0.54,9.9,11.2,0,0,0,0,Never,Moderate,2,1.9,2,0,2,10,2025-03-16,0
P100619,28,Male,31.3,165.0,77.0,75.0,96.9,37.1,18.0,81.0,6.0,218.0,0.57,16.6,6.1,0,0,0,0,Never,Low,0,1.1,6,1,0,18,2025-02-07,0
P100620,49,Male,23.5,101.0,89.0,52.0,98.7,36.5,19.0,108.0,5.8,155.0,0.86,13.6,6.8,0,0,1,0,Never,High,3,6.3,4,1,0,25,2024-01-20,0
P100621,52,Male,24.9,141.0,93.0,96.0,98.8,36.5,15.0,91.0,6.2,164.0,1.16,13.4,9.5,0,0,0,0,Current,Moderate,0,12.2,9,1,0,21,2025-01-28,1
P100622,30,Male,16.0,125.0,91.0,72.0,99.0,37.8,14.0,127.0,5.8,149.0,0.95,14.1,7.1,0,0,0,0,Never,Moderate,0,3.1,7,0,0,30,2025-08-27,0
P100623,48,Female,21.8,121.0,86.0,69.0,97.2,36.4,15.0,90.0,5.6,183.0,0.77,12.5,10.0,0,1,1,0,Current,High,0,6.9,5,1,0,20,2025-09-16,0
P100624,62,Male,23.6,129.0,92.0,92.0,96.7,37.5,13.0,72.0,6.6,196.0,1.28,14.7,8.6,0,1,1,0,Never,Moderate,0,2.5,7,0,1,11,2024-09-05,0
P100625,34,Female,27.9,141.0,90.0,88.0,98.8,37.0,14.0,111.0,4.0,153.0,1.04,14.4,7.3,0,0,0,0,Never,Moderate,0,1.3,7,1,0,33,2025-11-25,0
P100626,42,Male,22.6,143.0,108.0,79.0,94.5,36.4,14.0,149.0,5.4,185.0,1.27,16.5,7.0,0,0,0,0,Current,Moderate,0,5.2,4,0,1,25,2024-03-18,0
P100627,44,Male,24.8,134.0,94.0,85.0,95.7,36.2,13.0,129.0,5.2,201.0,0.73,15.8,6.5,0,1,0,0,Former,High,0,10.3,6,0,0,19,2025-04-18,0
P100628,54,Male,21.1,151.0,81.0,62.0,99.6,36.5,20.0,148.0,6.0,135.0,1.41,13.2,6.9,0,1,0,0,Never,Moderate,0,4.2,8,1,2,14,2024-08-15,1
P100629,44,Male,28.4,153.0,73.0,75.0,94.6,37.0,15.0,143.0,5.2,166.0,1.42,14.4,5.3,0,0,0,0,Current,Moderate,0,7.9,2,0,2,16,2024-01-27,0
P100630,71,Male,29.7,148.0,81.0,92.0,96.4,36.3,11.0,117.0,6.5,264.0,1.32,14.8,8.4,0,0,0,0,Current,Moderate,1,4.9,5,2,1,3,2025-07-22,1
P100631,41,Female,29.6,122.0,78.0,68.0,97.6,37.6,17.0,89.0,6.3,168.0,1.11,13.7,10.8,0,0,0,0,Never,High,0,4.0,7,3,0,12,2025-05-20,0
P100632,49,Female,27.6,140.0,87.0,64.0,96.6,36.7,14.0,81.0,4.5,222.0,1.14,13.9,3.4,0,1,0,0,Never,High,1,1.8,6,0,0,19,2025-01-05,0
P100633,45,Male,19.5,140.0,75.0,77.0,98.6,37.2,23.0,56.0,5.9,176.0,1.08,14.7,9.4,0,0,0,0,Former,Moderate,4,2.9,5,1,0,24,2024-08-23,0
P100634,31,Female,24.3,116.0,93.0,77.0,99.2,37.1,18.0,150.0,4.4,203.0,0.56,13.1,7.5,0,0,0,0,Former,Moderate,0,2.6,3,0,1,13,2025-02-26,0
P100635,68,Female,25.4,107.0,69.0,84.0,97.4,37.6,13.0,104.0,6.4,165.0,0.89,14.6,9.1,1,0,1,0,Never,Moderate,0,2.8,7,2,0,17,2024-08-23,0
P100636,35,Male,25.4,96.0,65.0,59.0,99.0,36.6,20.0,55.0,5.2,123.0,0.93,14.4,5.8,0,0,0,0,Former,Low,0,3.5,4,1,0,29,2025-10-03,0
P100637,39,Male,27.9,132.0,80.0,45.0,94.8,36.9,18.0,153.0,4.9,178.0,0.68,16.0,6.6,0,0,0,0,Never,High,1,1.2,2,1,1,15,2025-10-19,0
P100638,75,Male,34.9,140.0,75.0,87.0,96.2,36.1,17.0,120.0,4.6,212.0,1.48,15.8,9.5,0,0,0,0,Never,High,1,4.1,4,3,1,14,2025-07-11,0
P100639,87,Female,31.7,116.0,72.0,63.0,100.0,36.9,24.0,153.0,6.2,221.0,1.25,15.4,6.9,0,1,0,0,Never,Moderate,1,2.0,4,0,1,20,2024-09-04,0
P100640,66,Female,22.4,152.0,77.0,69.0,100.0,37.4,15.0,106.0,4.9,200.0,1.55,13.5,8.6,0,0,0,0,Never,Moderate,2,1.5,5,2,1,10,2024-08-24,0
P100641,84,Male,31.0,139.0,76.0,50.0,94.2,36.9,22.0,90.0,4.9,165.0,1.32,16.8,5.8,0,1,0,1,Never,Moderate,0,2.3,4,1,0,17,2025-01-26,0
P100642,80,Female,30.8,159.0,84.0,88.0,96.5,38.0,17.0,133.0,6.3,230.0,0.7,12.7,6.6,0,1,0,0,Current,High,5,11.0,2,0,0,17,2025-05-09,1
P100643,53,Female,23.3,139.0,76.0,80.0,96.7,37.1,18.0,131.0,6.7,168.0,1.37,13.7,8.0,0,0,1,0,Never,High,1,6.8,4,2,1,2,2024-06-22,0
P100644,74,Female,31.9,117.0,78.0,80.0,97.2,36.5,15.0,107.0,6.4,170.0,0.95,14.3,7.8,0,0,0,0,Never,Moderate,2,4.2,3,3,0,11,2024-04-11,0
P100645,41,Male,26.7,139.0,81.0,80.0,98.8,37.0,16.0,156.0,4.4,158.0,1.36,13.1,8.7,0,0,0,0,Current,Moderate,0,4.0,2,0,1,9,2025-11-02,0
P100646,51,Female,20.2,144.0,92.0,51.0,99.8,36.1,16.0,145.0,5.7,179.0,1.43,12.6,6.3,0,0,0,0,Current,High,2,8.0,1,1,2,12,2025-05-07,0
P100647,57,Female,29.9,124.0,97.0,64.0,96.6,36.4,11.0,133.0,6.5,184.0,1.4,12.2,7.0,0,1,0,0,Former,Moderate,1,6.9,10,1,0,24,2025-04-06,0
P100648,88,Female,28.6,112.0,86.0,71.0,98.5,36.2,19.0,80.0,6.1,206.0,1.41,13.1,8.9,1,1,0,0,Former,Moderate,1,2.9,5,1,1,27,2025-07-11,1
P100649,79,Female,26.3,137.0,86.0,67.0,97.7,36.8,18.0,73.0,6.4,144.0,1.21,12.4,9.9,0,0,0,0,Never,Moderate,0,3.7,3,2,0,11,2025-10-10,0
P100650,53,Female,27.3,115.0,80.0,73.0,96.5,36.8,13.0,155.0,5.4,178.0,1.01,13.4,5.3,0,1,0,0,Never,High,0,1.2,5,0,1,17,2024-11-30,0
P100651,65,Female,23.8,153.0,88.0,79.0,93.4,37.4,20.0,55.0,5.6,165.0,1.57,13.1,9.4,0,1,0,0,Never,Low,2,5.2,9,1,1,9,2024-07-16,1
P100652,32,Male,30.7,123.0,85.0,88.0,98.3,36.8,23.0,106.0,5.0,211.0,1.02,14.2,5.5,0,0,0,0,Never,High,0,4.0,6,0,0,10,2024-05-11,0
P100653,76,Male,27.3,164.0,97.0,58.0,97.6,36.3,16.0,122.0,6.7,206.0,0.97,14.8,7.4,0,0,0,0,Never,Low,0,4.6,7,0,1,16,2025-05-06,1
P100654,58,Male,28.4,97.0,64.0,76.0,97.2,37.6,15.0,96.0,6.5,156.0,1.15,13.6,7.6,0,1,0,0,Current,High,0,4.4,5,1,0,1,2025-04-27,0
P100655,56,Male,29.4,135.0,80.0,85.0,94.7,35.3,22.0,112.0,5.4,214.0,1.34,13.3,6.0,0,0,0,0,Current,High,1,2.5,8,0,0,23,2025-04-07,0
P100656,73,Female,21.5,159.0,87.0,65.0,100.0,36.8,19.0,131.0,6.8,193.0,1.38,11.4,6.6,0,1,0,0,Former,Low,1,2.1,4,2,1,7,2024-01-31,1
P100657,64,Female,22.8,119.0,83.0,74.0,96.8,36.9,18.0,94.0,4.7,225.0,0.74,10.5,3.5,1,0,0,0,Former,High,2,7.8,12,2,1,8,2025-05-25,1
P100658,23,Female,16.0,126.0,71.0,82.0,94.4,36.8,21.0,138.0,5.3,170.0,1.22,12.2,8.4,0,0,0,0,Never,Low,3,5.2,2,1,0,4,2025-12-08,0
P100659,39,Female,30.4,124.0,68.0,76.0,94.2,37.1,19.0,130.0,4.4,217.0,1.16,14.0,6.4,0,0,0,0,Never,Moderate,2,4.3,2,0,0,11,2024-12-08,0
P100660,30,Male,21.2,118.0,89.0,84.0,97.7,36.9,23.0,102.0,4.5,228.0,0.84,14.3,6.9,0,0,0,0,Current,Low,1,1.0,4,0,0,23,2025-03-27,0
P100661,71,Male,28.2,139.0,76.0,77.0,97.8,37.0,18.0,87.0,4.8,198.0,0.83,14.6,5.9,0,0,0,0,Never,Low,0,1.9,3,1,0,18,2024-09-16,0
P100662,20,Female,29.4,106.0,63.0,72.0,95.7,36.5,19.0,103.0,4.8,275.0,1.31,12.6,8.5,0,0,0,0,Former,Low,0,1.1,6,0,1,13,2024-12-17,0
P100663,32,Male,30.6,128.0,89.0,62.0,97.3,36.1,22.0,183.0,6.1,214.0,1.37,17.5,7.4,0,0,0,0,Never,Low,0,1.0,6,0,1,16,2025-08-12,0
P100664,61,Female,21.2,142.0,87.0,79.0,97.7,36.8,10.0,87.0,5.9,262.0,1.47,13.4,4.7,0,0,0,0,Former,High,1,2.1,4,0,2,6,2024-02-02,0
P100665,68,Male,27.2,131.0,82.0,77.0,96.8,36.3,22.0,169.0,5.5,291.0,0.69,13.7,6.8,0,0,1,1,Former,High,1,3.8,9,1,2,1,2024-01-16,1
P100666,54,Male,36.2,115.0,73.0,64.0,95.2,36.4,16.0,55.0,5.7,131.0,0.95,13.0,4.9,0,0,0,0,Never,Moderate,0,2.2,3,0,0,24,2024-02-04,0
P100667,80,Female,36.4,153.0,83.0,83.0,98.2,37.4,20.0,87.0,4.3,239.0,1.11,15.8,7.0,1,1,0,1,Former,Moderate,0,5.5,8,1,0,22,2025-01-22,1
P100668,85,Female,32.6,149.0,96.0,91.0,98.0,37.6,24.0,99.0,6.7,215.0,1.53,11.1,8.4,0,1,0,0,Former,Low,0,4.2,6,1,2,8,2024-08-09,0
P100669,27,Female,29.3,112.0,64.0,68.0,97.5,37.4,17.0,141.0,4.0,204.0,1.16,12.0,7.4,0,0,0,0,Never,High,0,1.8,4,1,1,22,2024-10-02,0
P100670,87,Male,22.3,114.0,69.0,67.0,95.0,37.3,16.0,121.0,5.6,170.0,1.05,13.4,7.9,0,0,0,0,Never,Moderate,1,4.8,6,1,0,7,2024-02-13,1
P100671,62,Female,31.2,117.0,76.0,67.0,94.1,36.8,18.0,160.0,5.9,161.0,1.08,13.1,9.1,0,0,0,0,Never,Moderate,0,3.5,4,0,1,21,2024-09-24,0
P100672,64,Female,26.7,143.0,83.0,56.0,96.6,37.3,13.0,103.0,6.4,155.0,1.24,,5.4,0,0,0,0,Never,Low,1,3.1,4,0,0,13,2025-03-22,0
P100673,24,Female,30.4,134.0,75.0,100.0,98.2,37.0,26.0,105.0,5.7,279.0,1.13,13.3,6.1,0,0,0,0,Former,Moderate,0,2.7,2,0,1,12,2024-05-23,0
P100674,63,Male,24.2,147.0,89.0,71.0,98.4,37.8,18.0,103.0,5.9,214.0,1.51,14.1,3.4,0,1,0,0,Never,Moderate,0,1.0,3,0,1,7,2024-03-22,0
P100675,70,Male,26.6,129.0,94.0,66.0,97.6,36.3,24.0,187.0,7.4,143.0,1.47,12.5,6.2,0,1,0,0,Never,High,2,1.5,8,2,3,12,2025-01-07,1
P100676,60,Female,28.4,117.0,85.0,62.0,95.7,37.1,17.0,75.0,7.7,155.0,1.38,16.0,5.8,0,1,0,0,Never,Moderate,2,2.2,8,1,1,20,2024-06-09,1
P100677,24,Male,28.8,145.0,86.0,71.0,95.1,36.2,18.0,90.0,5.5,118.0,0.71,,8.3,0,0,0,0,Former,Low,0,2.5,4,1,0,14,2024-04-30,0
P100678,56,Female,30.1,123.0,85.0,68.0,96.5,37.1,21.0,79.0,5.8,240.0,0.82,,7.9,0,1,0,0,Never,Low,0,3.0,7,0,0,16,2024-08-28,1
P100679,86,Male,24.5,139.0,84.0,93.0,96.5,35.9,14.0,139.0,6.1,197.0,0.83,13.6,10.0,1,1,0,0,Current,High,0,7.5,9,1,0,25,2024-09-14,1
P100680,70,Male,20.5,108.0,70.0,61.0,98.5,36.2,18.0,76.0,5.5,214.0,1.18,14.2,6.0,0,0,1,0,Former,Low,0,3.9,8,1,0,17,2025-08-16,0
P100681,28,Female,35.9,120.0,70.0,58.0,95.6,36.2,21.0,172.0,5.9,195.0,0.8,15.0,7.8,0,0,0,0,Never,Moderate,0,2.6,7,1,1,11,2024-12-27,0
P100682,88,Male,40.4,154.0,71.0,83.0,95.8,36.9,17.0,122.0,7.4,231.0,1.28,11.3,8.5,0,1,0,0,Former,Moderate,3,3.5,8,2,1,1,2025-05-20,1
P100683,87,Male,29.8,124.0,83.0,75.0,100.0,37.0,16.0,133.0,4.0,180.0,1.32,15.7,11.6,0,0,1,0,Never,Moderate,0,4.9,5,2,1,20,2025-01-16,1
P100684,30,Female,20.6,143.0,83.0,73.0,99.3,38.0,22.0,125.0,5.4,206.0,1.01,12.8,7.9,0,0,0,0,Never,Low,0,7.7,6,0,0,10,2024-07-31,1
P100685,76,Male,23.5,95.0,69.0,83.0,94.9,36.8,23.0,116.0,,205.0,1.33,15.2,6.9,0,1,0,0,Never,Moderate,0,1.1,8,1,1,16,2025-03-20,0
P100686,47,Female,30.1,122.0,83.0,78.0,99.1,37.2,23.0,116.0,6.1,151.0,0.82,15.7,7.3,0,0,0,0,Never,Low,2,8.6,6,1,0,7,2025-03-04,1
P100687,61,Male,34.5,130.0,74.0,75.0,94.5,36.9,16.0,117.0,,168.0,0.63,13.9,7.9,0,0,0,0,Current,Moderate,1,2.1,4,2,0,17,2025-01-17,0
P100688,50,Female,21.2,162.0,71.0,59.0,95.7,37.1,16.0,130.0,4.4,183.0,0.81,9.1,9.7,0,0,1,0,Never,Low,1,4.7,5,1,1,10,2024-09-15,1
P100689,75,Male,26.9,115.0,77.0,56.0,95.9,36.9,16.0,88.0,6.7,207.0,1.32,13.0,6.1,0,0,0,0,Never,Moderate,0,5.9,6,1,1,7,2024-10-05,0
P100690,90,Male,28.5,148.0,73.0,68.0,96.4,37.3,21.0,84.0,7.2,248.0,1.64,14.6,5.6,0,1,1,0,Never,Moderate,3,14.7,10,4,3,1,2024-12-09,1
P100691,76,Female,32.0,153.0,90.0,63.0,97.6,36.3,14.0,145.0,6.3,199.0,1.5,15.7,12.2,0,1,0,1,Current,Low,1,7.5,6,1,3,4,2025-02-19,1
P100692,85,Female,25.7,124.0,82.0,79.0,96.7,35.6,14.0,118.0,5.6,192.0,1.06,12.6,4.7,0,1,1,0,Never,High,1,6.4,5,3,0,1,2025-10-21,0
P100693,87,Male,19.4,130.0,92.0,54.0,97.6,37.0,15.0,55.0,6.6,207.0,1.39,16.9,8.7,0,1,1,0,Never,Moderate,1,6.5,5,2,1,12,2024-06-18,1
P100694,24,Female,30.7,131.0,76.0,71.0,95.8,35.9,15.0,91.0,4.6,189.0,0.54,9.7,7.8,0,0,0,0,Never,High,1,1.7,8,0,1,17,2025-06-20,0
P100695,36,Male,33.3,105.0,77.0,74.0,97.2,37.5,21.0,163.0,4.6,194.0,1.4,13.8,7.6,0,0,0,0,Current,Moderate,0,2.5,3,2,1,13,2025-03-23,0
P100696,70,Male,27.1,127.0,102.0,76.0,96.6,36.5,21.0,110.0,6.8,253.0,1.22,16.2,4.5,0,1,0,1,Never,Low,2,4.3,6,1,2,5,2024-03-07,0
P100697,61,Female,29.6,155.0,66.0,81.0,94.0,36.3,16.0,95.0,6.9,187.0,1.27,14.6,12.4,1,0,0,0,Former,Moderate,0,3.2,5,1,2,3,2024-01-10,0
P100698,21,Female,25.0,137.0,93.0,72.0,97.4,38.2,17.0,55.0,4.8,205.0,0.4,10.3,7.4,0,0,0,0,Current,Moderate,1,4.5,4,0,1,20,2025-10-31,0
P100699,24,Male,23.1,126.0,97.0,68.0,96.7,36.8,10.0,87.0,4.4,170.0,1.06,,6.0,0,0,0,0,Never,Low,0,2.3,3,0,0,34,2025-12-02,0
P100700,55,Female,32.8,135.0,90.0,91.0,95.2,36.7,16.0,72.0,5.1,243.0,1.54,13.0,4.3,0,0,0,0,Former,Low,1,7.3,10,0,2,9,2025-06-19,0
P100701,62,Male,29.5,143.0,79.0,72.0,95.7,37.2,22.0,129.0,6.1,160.0,1.13,13.6,3.0,0,0,0,0,Never,High,1,2.2,6,1,0,21,2024-11-14,0
P100702,30,Male,30.0,143.0,95.0,93.0,95.8,37.2,16.0,110.0,4.5,192.0,0.93,16.4,8.4,0,0,0,0,Never,Moderate,1,4.8,7,0,0,15,2025-11-09,0
P100703,30,Male,35.3,120.0,78.0,72.0,96.1,37.4,14.0,96.0,6.7,232.0,0.88,14.6,5.3,0,1,0,0,Never,Moderate,2,5.6,4,0,1,14,2025-04-26,0
P100704,27,Male,22.0,155.0,74.0,76.0,99.7,36.1,23.0,81.0,5.1,162.0,0.74,12.4,6.5,0,0,0,0,Never,Moderate,0,2.6,3,1,0,11,2024-08-08,0
P100705,59,Female,24.6,155.0,79.0,74.0,100.0,37.1,14.0,167.0,6.2,228.0,1.07,13.9,5.8,0,0,0,0,Never,High,4,7.4,10,0,1,19,2025-09-23,1
P100706,18,Male,28.3,140.0,74.0,79.0,91.6,36.7,23.0,82.0,4.7,117.0,0.58,15.4,8.1,0,0,0,0,Current,Low,1,6.6,2,2,0,1,2024-01-19,0
P100707,59,Male,24.6,119.0,73.0,71.0,97.4,36.3,28.0,89.0,6.4,154.0,1.17,12.9,7.8,0,0,0,0,Never,Low,0,10.6,2,1,0,1,2025-10-16,0
P100708,52,Female,31.6,115.0,93.0,77.0,98.2,36.8,18.0,104.0,6.4,191.0,1.33,11.9,8.5,1,0,0,0,Never,Moderate,0,3.9,8,1,0,14,2025-01-09,0
P100709,52,Female,26.5,127.0,74.0,94.0,96.1,35.9,22.0,109.0,4.3,287.0,0.9,12.1,8.6,0,0,1,0,Current,Moderate,0,2.6,8,1,1,20,2025-11-11,0
P100710,67,Male,22.3,135.0,83.0,89.0,98.2,37.3,12.0,132.0,5.4,201.0,1.17,16.6,5.6,0,0,0,1,Current,Moderate,2,4.0,4,1,0,21,2024-02-12,0
P100711,56,Female,27.8,103.0,68.0,89.0,99.5,36.7,12.0,146.0,5.7,201.0,1.01,13.1,4.3,0,0,0,1,Never,Low,0,7.7,3,2,1,15,2025-11-28,1
P100712,71,Male,28.4,143.0,84.0,60.0,94.0,36.6,15.0,146.0,5.6,239.0,1.19,11.3,6.7,0,0,0,0,Never,Moderate,2,2.8,5,0,1,28,2025-06-11,0
P100713,73,Female,32.4,157.0,72.0,62.0,96.7,36.7,21.0,201.0,6.9,154.0,1.34,11.4,8.0,0,0,0,0,Former,Moderate,1,2.4,2,1,2,20,2025-12-19,1
P100714,85,Female,29.5,146.0,72.0,79.0,100.0,36.7,18.0,59.0,5.7,90.0,1.24,14.3,7.2,1,0,0,1,Never,Moderate,0,2.3,11,1,0,14,2025-12-28,0
P100715,76,Male,29.9,124.0,82.0,85.0,94.3,37.4,17.0,125.0,6.8,261.0,1.33,14.0,3.3,0,0,0,1,Former,Moderate,1,3.4,6,1,2,7,2024-12-16,0
P100716,55,Male,,119.0,93.0,70.0,96.3,36.3,13.0,95.0,6.3,218.0,1.18,12.8,7.1,0,0,0,0,Never,Moderate,0,5.8,5,1,0,4,2024-09-03,0
P100717,53,Female,26.5,137.0,87.0,68.0,95.7,36.6,18.0,183.0,5.7,178.0,1.26,12.6,5.0,0,0,0,0,Current,High,0,2.7,5,3,1,9,2025-12-29,0
P100718,35,Male,23.8,128.0,86.0,93.0,98.4,36.7,16.0,115.0,6.3,197.0,1.06,16.1,7.0,0,0,0,0,Former,Moderate,0,1.8,6,0,0,30,2024-02-19,0
P100719,61,Male,29.0,141.0,81.0,84.0,98.6,36.3,15.0,55.0,4.5,235.0,1.14,17.9,8.9,0,1,0,0,Current,Low,0,1.0,4,2,0,22,2024-10-28,0
P100720,28,Female,25.8,140.0,77.0,89.0,96.8,36.9,14.0,123.0,5.5,190.0,1.14,13.1,2.0,0,0,0,0,Current,Moderate,0,3.7,3,0,0,27,2024-02-27,1
P100721,85,Male,36.3,155.0,92.0,71.0,96.6,36.4,19.0,128.0,5.5,201.0,1.1,15.3,10.0,0,0,0,0,Former,Low,0,3.9,3,1,0,16,2024-06-08,0
P100722,79,Female,34.5,116.0,78.0,70.0,93.4,36.1,15.0,144.0,6.1,272.0,1.23,13.0,4.9,0,0,0,0,Never,Low,3,4.1,9,1,2,7,2025-05-16,1
P100723,26,Female,30.8,133.0,89.0,87.0,99.1,37.1,18.0,82.0,5.1,148.0,0.69,13.5,9.0,0,0,0,0,Former,High,0,1.0,1,0,0,21,2025-07-02,0
P100724,75,Male,29.5,129.0,96.0,73.0,95.9,37.6,12.0,128.0,6.2,215.0,0.58,13.2,8.7,1,0,1,0,Current,Moderate,2,2.9,4,0,0,24,2024-12-19,1
P100725,26,Male,27.0,127.0,72.0,69.0,96.2,36.8,20.0,98.0,5.5,149.0,0.97,16.8,6.4,0,0,0,0,Never,Moderate,1,1.3,1,1,0,15,2024-05-23,0
P100726,70,Female,20.9,149.0,76.0,65.0,98.2,36.7,19.0,92.0,6.2,254.0,0.85,12.5,7.9,0,0,0,0,Never,Low,0,1.5,7,1,1,18,2025-03-26,0
P100727,24,Male,26.4,145.0,75.0,70.0,96.9,36.7,17.0,119.0,5.6,206.0,1.48,13.0,5.6,0,0,0,0,Former,Moderate,0,1.6,7,0,1,11,2025-04-07,0
P100728,53,Male,28.0,156.0,68.0,87.0,98.3,36.5,19.0,118.0,6.4,169.0,0.8,13.4,3.5,0,0,0,0,Former,Moderate,0,2.4,6,0,0,19,2024-05-20,0
P100729,66,Male,28.7,141.0,78.0,58.0,97.6,37.4,21.0,152.0,4.9,138.0,1.28,15.6,9.3,0,0,0,0,Never,Low,2,1.8,3,0,1,11,2024-12-29,0
P100730,71,Female,29.9,133.0,96.0,84.0,96.9,36.8,13.0,117.0,6.5,182.0,0.88,12.2,5.6,0,0,0,0,Never,Low,2,5.1,6,2,0,15,2025-01-04,0
P100731,48,Male,,127.0,71.0,68.0,97.1,35.7,18.0,133.0,,202.0,1.0,16.9,10.6,1,0,0,0,Former,Moderate,2,1.1,5,1,0,18,2024-09-07,0
P100732,85,Female,23.9,107.0,97.0,73.0,94.5,37.4,13.0,76.0,4.0,239.0,0.8,14.2,8.8,1,1,0,1,Never,High,1,3.4,9,1,0,16,2025-10-28,0
P100733,74,Male,23.9,158.0,79.0,74.0,96.2,37.3,18.0,165.0,7.9,153.0,0.75,15.9,5.3,1,0,1,1,Current,Low,0,3.3,4,5,2,1,2025-08-26,1
P100734,33,Female,35.0,124.0,102.0,73.0,98.5,37.1,17.0,82.0,4.8,164.0,1.04,12.6,8.2,1,1,0,0,Former,Low,0,2.5,2,2,0,4,2025-09-14,0
P100735,66,Female,31.5,143.0,76.0,73.0,94.9,35.4,18.0,146.0,5.6,176.0,0.95,12.3,8.1,1,1,0,0,Former,High,1,4.1,9,2,1,24,2024-05-06,1
P100736,71,Male,25.5,146.0,82.0,71.0,95.2,36.8,21.0,125.0,4.4,166.0,1.28,14.6,10.4,0,0,0,0,Never,Moderate,1,3.1,5,3,0,17,2025-04-28,0
P100737,42,Female,26.9,110.0,72.0,69.0,94.9,37.2,21.0,115.0,5.3,175.0,1.34,11.4,6.0,0,0,0,0,Former,High,0,5.1,4,1,0,15,2025-06-12,0
P100738,71,Male,27.0,119.0,76.0,92.0,96.8,37.0,22.0,142.0,6.2,159.0,0.63,15.3,6.5,1,0,0,0,Current,Low,1,3.5,6,2,1,18,2024-11-15,1
P100739,83,Male,27.7,162.0,97.0,76.0,99.0,36.9,17.0,55.0,6.4,211.0,1.4,16.0,7.9,0,1,1,0,Never,Moderate,4,5.9,12,2,0,14,2025-06-12,1
P100740,77,Female,30.0,140.0,88.0,74.0,97.5,37.2,20.0,97.0,5.0,177.0,0.81,12.2,7.0,0,0,1,0,Former,Low,2,7.5,7,0,0,28,2024-12-23,1
P100741,73,Female,40.7,125.0,94.0,68.0,92.6,36.9,20.0,142.0,5.7,195.0,0.98,14.2,4.2,0,0,0,1,Never,Moderate,1,6.9,5,2,1,7,2024-01-23,1
P100742,64,Female,28.5,132.0,70.0,71.0,97.7,37.4,17.0,182.0,6.3,207.0,0.65,13.6,9.0,0,0,0,0,Never,Moderate,2,4.6,5,1,1,5,2024-03-24,1
P100743,37,Male,30.9,149.0,88.0,68.0,95.7,36.9,18.0,109.0,5.9,143.0,0.58,16.3,10.2,0,0,0,0,Current,Moderate,1,6.1,9,1,0,8,2024-02-09,0
P100744,76,Male,18.7,151.0,74.0,85.0,97.4,36.8,18.0,55.0,6.2,218.0,0.53,17.1,7.3,0,0,0,0,Never,Moderate,0,1.6,9,1,0,14,2024-10-27,0
P100745,44,Male,25.0,106.0,68.0,67.0,96.2,37.2,23.0,100.0,6.4,203.0,0.87,15.8,4.5,0,0,0,0,Never,Moderate,1,12.4,4,0,0,4,2025-03-12,0
P100746,56,Male,33.9,161.0,85.0,49.0,95.0,36.6,21.0,111.0,5.8,203.0,1.04,14.5,6.8,1,0,0,0,Former,Moderate,1,20.1,10,0,0,17,2024-01-30,0
P100747,40,Male,29.6,147.0,84.0,77.0,96.4,36.3,17.0,149.0,6.9,190.0,0.87,16.4,5.2,0,0,0,0,Never,Low,1,6.8,5,0,2,6,2024-09-11,1
P100748,40,Female,16.0,128.0,82.0,73.0,95.7,36.8,17.0,112.0,5.4,185.0,0.47,13.3,6.5,1,0,0,0,Former,Low,0,4.1,5,2,0,11,2025-06-01,1
P100749,29,Male,31.0,109.0,88.0,69.0,97.1,37.1,21.0,64.0,6.2,197.0,0.4,14.2,7.4,1,0,0,0,Never,High,0,4.5,5,1,0,20,2024-09-14,0
P100750,88,Female,37.5,154.0,93.0,87.0,94.9,37.3,23.0,153.0,6.9,199.0,1.12,12.3,8.3,0,0,0,0,Current,High,0,1.2,4,3,2,10,2024-10-19,1
P100751,28,Male,17.1,137.0,95.0,45.0,94.5,37.3,19.0,128.0,4.1,150.0,1.15,14.7,9.8,0,0,0,0,Current,High,1,4.6,4,0,0,6,2025-03-09,0
P100752,24,Male,35.4,104.0,69.0,95.0,97.8,36.8,20.0,83.0,5.9,255.0,0.99,16.1,8.3,0,0,0,0,Former,Moderate,2,2.1,4,1,1,20,2024-12-30,0
P100753,86,Male,,132.0,99.0,89.0,98.5,36.7,23.0,144.0,5.7,169.0,1.63,13.1,4.9,1,1,1,0,Never,Moderate,3,3.2,12,3,2,1,2025-08-04,1
P100754,58,Male,32.4,186.0,101.0,68.0,97.5,36.5,17.0,94.0,5.0,198.0,1.01,12.7,8.4,0,0,1,0,Former,Moderate,1,4.9,7,1,0,1,2025-07-13,0
P100755,49,Male,27.5,132.0,78.0,71.0,95.3,36.9,18.0,101.0,5.4,239.0,1.09,12.8,6.4,0,0,0,0,Former,Moderate,2,1.7,4,1,0,1,2024-09-18,0
P100756,71,Male,16.0,122.0,67.0,82.0,95.2,36.0,20.0,97.0,6.2,182.0,1.06,16.1,6.7,1,0,0,0,Never,Low,0,8.9,10,2,0,21,2025-12-07,0
P100757,45,Female,29.8,114.0,68.0,82.0,95.3,36.8,16.0,100.0,4.3,204.0,0.77,13.8,7.0,0,1,0,0,Never,Moderate,0,5.4,6,0,0,21,2024-02-29,0
P100758,27,Female,33.5,159.0,76.0,68.0,98.1,38.2,24.0,140.0,5.5,112.0,0.89,15.4,7.3,0,0,0,0,Current,Moderate,0,1.0,6,1,0,23,2025-07-09,0
P100759,71,Male,29.4,149.0,103.0,57.0,95.0,36.0,16.0,55.0,5.9,120.0,1.3,13.8,9.0,0,1,0,0,Former,High,1,1.9,9,1,0,31,2025-04-19,0
P100760,30,Male,30.5,154.0,81.0,101.0,98.1,36.9,18.0,147.0,6.5,194.0,1.19,12.8,8.0,1,0,0,0,Never,Moderate,0,1.5,10,1,1,10,2024-01-31,0
P100761,58,Male,25.4,137.0,76.0,87.0,97.6,37.0,25.0,120.0,5.3,202.0,1.12,16.9,4.6,1,0,0,0,Never,Low,0,2.3,10,1,0,25,2024-11-06,0
P100762,87,Male,17.8,158.0,77.0,78.0,98.7,37.1,11.0,105.0,7.3,237.0,1.55,13.5,4.0,0,1,0,0,Former,High,2,7.8,4,0,2,7,2025-03-23,1
P100763,86,Male,31.1,122.0,71.0,78.0,98.4,36.3,19.0,119.0,6.6,225.0,1.24,15.6,8.3,0,1,0,0,Former,Moderate,0,6.6,4,2,1,7,2025-06-21,0
P100764,44,Male,36.6,134.0,90.0,83.0,97.5,37.1,16.0,79.0,5.7,135.0,1.07,12.6,8.1,1,0,0,0,Current,Moderate,1,4.8,4,0,0,24,2024-02-08,0
P100765,74,Female,33.4,140.0,83.0,85.0,93.9,36.5,18.0,59.0,7.2,243.0,1.49,13.5,9.5,1,0,0,0,Never,Low,1,5.2,5,1,3,1,2025-08-03,0
P100766,62,Male,17.2,157.0,104.0,51.0,97.6,36.1,14.0,83.0,7.7,150.0,0.84,14.4,6.8,0,0,0,1,Former,Moderate,2,3.2,8,1,1,1,2024-04-07,0
P100767,52,Male,19.6,138.0,88.0,72.0,96.7,37.3,17.0,55.0,5.6,228.0,1.41,12.5,7.6,0,0,1,0,Never,Moderate,2,2.5,6,3,1,1,2024-03-23,0
P100768,28,Male,23.1,119.0,89.0,71.0,95.8,37.1,18.0,61.0,4.9,178.0,0.66,17.4,8.0,0,0,0,0,Never,Moderate,1,6.1,2,2,0,7,2025-07-31,1
P100769,45,Female,19.2,132.0,79.0,74.0,99.0,36.3,19.0,55.0,6.1,298.0,0.91,11.9,3.9,1,0,0,0,Current,Moderate,1,5.6,7,1,1,5,2025-12-11,0
P100770,65,Male,27.7,105.0,72.0,85.0,96.2,36.5,21.0,158.0,4.7,173.0,0.53,13.2,3.8,0,0,0,0,Never,Moderate,0,3.5,6,1,1,8,2025-04-15,0
P100771,90,Male,29.5,97.0,76.0,55.0,95.5,36.5,10.0,74.0,5.1,192.0,1.19,,8.5,0,0,0,1,Never,Low,2,7.6,5,4,0,17,2024-07-08,0
P100772,18,Male,20.1,142.0,66.0,60.0,98.5,36.0,18.0,105.0,6.6,201.0,1.28,11.3,7.7,0,0,0,0,Never,Moderate,1,5.7,5,1,1,16,2025-04-13,0
P100773,70,Male,31.5,128.0,92.0,68.0,95.8,37.2,17.0,155.0,6.6,,0.8,14.1,9.7,0,0,0,0,Former,High,0,3.2,7,1,2,7,2024-02-20,0
P100774,79,Male,30.6,131.0,80.0,78.0,95.5,37.2,18.0,147.0,5.4,157.0,1.01,13.6,10.7,1,1,1,0,Never,Moderate,1,5.2,3,0,1,18,2024-03-28,1
P100775,87,Female,24.6,151.0,94.0,86.0,94.5,36.6,18.0,108.0,9.1,279.0,1.05,14.7,6.4,0,0,0,1,Never,Moderate,0,3.2,4,0,2,24,2024-05-07,1
P100776,48,Male,,156.0,83.0,96.0,95.0,36.8,15.0,101.0,4.5,172.0,0.93,15.1,6.3,0,0,1,0,Former,Moderate,0,2.4,5,3,0,15,2024-01-28,0
P100777,26,Male,17.4,138.0,78.0,73.0,95.2,36.9,13.0,114.0,6.1,170.0,0.63,12.7,4.3,0,0,0,0,Former,Low,0,3.0,2,0,0,25,2025-03-22,0
P100778,37,Female,25.8,163.0,70.0,86.0,97.6,36.9,19.0,184.0,4.9,191.0,0.97,12.2,8.0,0,0,0,0,Current,Moderate,0,1.0,2,1,1,11,2024-02-02,0
P100779,80,Male,27.5,144.0,87.0,85.0,94.7,36.1,15.0,132.0,7.8,202.0,1.53,17.8,2.9,1,1,1,0,Never,High,1,1.9,12,0,2,17,2025-07-14,1
P100780,82,Male,28.4,141.0,82.0,83.0,93.2,37.0,19.0,141.0,5.7,169.0,0.96,13.2,5.1,0,0,0,0,Current,High,1,1.9,3,3,1,15,2025-06-23,0
P100781,64,Male,,138.0,92.0,76.0,97.0,36.2,15.0,194.0,5.7,231.0,1.11,15.8,7.6,1,0,0,0,Never,Low,2,4.2,6,2,1,1,2025-11-02,1
P100782,26,Female,28.8,107.0,73.0,71.0,95.4,37.1,20.0,117.0,4.0,201.0,0.99,12.2,5.7,0,0,0,0,Never,Moderate,0,5.0,1,0,0,35,2024-06-11,0
P100783,26,Female,26.1,145.0,87.0,63.0,96.5,36.3,18.0,148.0,7.4,196.0,0.82,11.7,6.9,0,0,0,0,Former,Moderate,0,3.1,4,2,2,5,2025-08-22,1
P100784,52,Female,29.0,91.0,99.0,62.0,98.8,36.1,18.0,129.0,5.3,216.0,1.08,12.4,6.6,1,1,0,0,Never,High,2,1.8,6,0,0,14,2025-10-28,0
P100785,60,Female,32.7,123.0,85.0,80.0,96.6,36.8,17.0,130.0,6.4,163.0,0.92,15.4,4.8,0,0,0,0,Current,Moderate,0,3.8,6,0,0,17,2025-08-08,1
P100786,20,Female,27.0,129.0,88.0,75.0,99.2,36.8,17.0,73.0,5.4,173.0,1.03,11.0,2.9,0,0,0,0,Never,Low,0,1.4,4,0,0,31,2024-02-25,0
P100787,68,Female,29.2,121.0,89.0,71.0,96.4,36.9,17.0,76.0,5.5,194.0,1.03,14.2,8.4,0,0,0,0,Never,Low,1,2.8,9,2,0,1,2024-06-27,0
P100788,57,Female,26.5,125.0,101.0,84.0,98.3,36.4,22.0,95.0,4.0,230.0,0.63,15.0,6.6,0,0,0,0,Former,Moderate,1,1.8,8,1,0,21,2024-03-01,0
P100789,18,Female,24.1,159.0,84.0,74.0,95.5,36.9,13.0,137.0,5.2,186.0,0.4,12.4,7.7,0,0,0,0,Never,Moderate,3,10.8,2,0,0,16,2024-06-28,0
P100790,24,Female,30.2,148.0,87.0,65.0,96.7,36.9,16.0,137.0,5.2,183.0,0.4,14.7,6.9,0,1,0,1,Former,High,0,4.5,4,0,0,22,2024-12-23,0
P100791,51,Male,24.6,120.0,82.0,73.0,94.8,37.4,22.0,159.0,6.1,115.0,0.89,15.9,6.8,1,0,0,0,Never,Low,1,1.7,5,1,1,9,2024-06-25,0
P100792,70,Male,29.5,126.0,75.0,86.0,95.0,36.9,21.0,115.0,8.0,169.0,1.29,13.4,7.3,0,1,0,0,Never,High,0,4.9,12,0,1,14,2024-07-02,0
P100793,78,Female,27.6,114.0,72.0,64.0,96.1,36.5,23.0,136.0,6.7,132.0,0.88,11.8,6.6,0,1,0,0,Never,Low,1,1.9,6,0,1,10,2024-11-21,1
P100794,49,Male,,144.0,95.0,79.0,94.1,36.1,18.0,131.0,6.6,142.0,0.93,14.4,6.3,0,1,1,0,Never,Moderate,0,4.8,6,0,1,16,2024-05-13,0
P100795,39,Male,25.8,126.0,71.0,75.0,96.8,36.0,13.0,106.0,5.4,209.0,0.78,14.8,5.0,0,0,0,0,Current,Moderate,3,2.9,7,0,0,13,2024-01-17,0
P100796,88,Female,24.9,103.0,92.0,67.0,96.0,37.0,14.0,108.0,5.1,321.0,0.88,12.6,12.0,0,0,0,0,Never,Low,2,3.8,1,2,2,9,2024-07-01,0
P100797,51,Female,18.9,134.0,86.0,72.0,96.9,37.2,17.0,60.0,5.6,202.0,1.62,14.0,9.0,0,0,0,0,Former,Moderate,1,7.4,5,1,1,16,2024-10-09,0
P100798,41,Female,29.5,138.0,91.0,57.0,94.1,36.4,21.0,105.0,5.0,208.0,0.75,12.0,10.0,0,0,0,0,Current,Moderate,0,3.1,10,0,0,33,2024-04-29,1
P100799,50,Male,28.7,148.0,77.0,77.0,97.8,36.9,17.0,108.0,5.8,166.0,0.62,13.2,9.5,0,1,0,0,Never,High,2,9.7,7,1,0,17,2024-05-11,1
P100800,18,Male,31.9,127.0,72.0,60.0,99.6,36.7,17.0,146.0,5.0,155.0,0.65,14.6,6.4,0,0,0,0,Current,Moderate,1,3.5,4,3,1,5,2025-07-22,0
P100801,40,Male,24.7,124.0,85.0,89.0,99.2,37.2,19.0,153.0,4.2,273.0,0.99,14.9,6.6,0,1,1,0,Never,Low,1,2.8,4,3,2,1,2024-09-07,1
P100802,55,Male,37.4,166.0,79.0,75.0,99.9,37.2,18.0,118.0,7.0,164.0,0.85,16.6,7.0,0,0,0,0,Former,Moderate,3,2.7,3,2,1,5,2024-01-31,0
P100803,85,Female,25.5,136.0,72.0,69.0,96.6,35.7,16.0,191.0,6.1,119.0,1.19,13.9,6.3,1,0,0,0,Former,High,1,2.5,8,5,1,1,2025-01-18,0
P100804,71,Male,22.9,147.0,103.0,90.0,95.9,37.3,14.0,122.0,5.8,204.0,0.86,15.7,8.8,0,1,1,0,Current,High,3,3.3,7,2,0,9,2024-07-13,0
P100805,75,Male,22.3,126.0,76.0,64.0,97.4,36.9,21.0,153.0,5.1,179.0,0.91,14.1,5.4,0,0,0,0,Never,Moderate,0,4.0,6,2,1,20,2025-11-10,1
P100806,57,Male,18.5,145.0,72.0,67.0,96.1,36.5,22.0,110.0,5.5,218.0,0.82,14.1,4.9,0,0,0,0,Current,High,0,4.4,5,1,0,16,2024-12-23,0
P100807,26,Female,35.5,104.0,78.0,54.0,93.4,36.5,14.0,68.0,4.7,255.0,0.9,12.2,4.4,0,0,0,0,Current,Moderate,1,2.0,7,1,1,11,2024-07-08,0
P100808,46,Male,34.6,124.0,94.0,92.0,98.0,36.8,17.0,96.0,4.7,209.0,1.19,14.9,6.4,0,0,0,0,Never,Low,0,1.9,7,2,0,15,2025-10-24,1
P100809,90,Male,30.6,116.0,63.0,98.0,96.1,36.5,20.0,171.0,6.4,204.0,1.35,14.8,6.1,1,0,0,0,Former,Moderate,1,10.2,8,1,1,21,2025-01-23,1
P100810,21,Female,22.8,118.0,92.0,56.0,93.9,36.3,14.0,98.0,5.0,220.0,1.31,13.3,5.8,0,0,0,0,Never,Low,1,2.0,4,0,0,12,2024-06-21,0
P100811,82,Female,36.9,157.0,75.0,66.0,95.6,36.4,19.0,101.0,6.9,298.0,0.73,12.9,7.2,1,1,0,0,Former,Moderate,2,3.0,14,2,2,7,2025-09-25,0
P100812,67,Male,25.7,124.0,86.0,77.0,96.1,36.3,17.0,115.0,5.7,282.0,0.76,14.5,4.7,1,0,0,0,Current,Low,0,6.5,14,1,1,25,2025-08-31,0
P100813,38,Female,26.1,143.0,75.0,70.0,96.5,37.5,14.0,96.0,5.8,183.0,0.71,15.7,8.5,0,0,0,0,Former,Moderate,1,5.1,7,1,0,7,2025-08-14,0
P100814,74,Female,35.0,161.0,103.0,76.0,96.5,36.8,24.0,158.0,6.2,231.0,1.07,13.6,4.8,1,1,0,0,Former,Low,0,2.2,8,0,1,9,2024-04-03,1
P100815,79,Male,30.9,135.0,85.0,75.0,99.0,37.9,17.0,183.0,6.5,263.0,0.79,15.5,4.7,0,1,1,0,Current,Low,0,3.8,4,3,2,11,2025-10-25,1
P100816,21,Male,38.9,145.0,73.0,81.0,94.2,37.0,20.0,107.0,4.7,221.0,0.72,15.3,5.7,0,0,0,0,Former,High,0,5.9,3,1,0,12,2024-09-11,0
P100817,25,Female,28.8,138.0,77.0,64.0,96.2,37.1,14.0,126.0,6.3,192.0,1.12,12.9,6.7,0,0,0,0,Never,High,0,3.8,4,2,0,11,2024-04-12,0
P100818,66,Male,25.4,136.0,84.0,78.0,94.9,36.3,23.0,149.0,4.9,176.0,1.35,15.4,8.7,0,0,0,0,Former,Moderate,0,5.8,3,0,1,17,2025-03-29,0
P100819,90,Female,24.3,150.0,86.0,63.0,98.8,36.7,25.0,123.0,6.3,199.0,1.31,13.2,6.9,1,1,0,1,Current,Low,2,5.7,9,2,0,8,2025-09-09,1
P100820,19,Female,17.9,160.0,85.0,71.0,95.5,36.8,13.0,76.0,4.3,152.0,1.0,11.3,3.8,0,0,0,0,Former,Moderate,0,7.0,1,1,0,20,2024-12-27,0
P100821,66,Female,26.1,123.0,83.0,55.0,95.9,36.5,17.0,101.0,5.9,229.0,0.86,12.3,8.0,0,0,0,0,Never,Low,1,7.1,10,1,0,31,2025-09-03,1
P100822,27,Female,33.5,113.0,67.0,71.0,98.4,36.6,23.0,122.0,6.3,248.0,0.94,16.2,7.9,0,0,0,0,Current,Moderate,1,4.3,2,0,1,5,2024-04-03,0
P100823,65,Male,30.6,116.0,79.0,69.0,98.9,37.0,16.0,128.0,6.5,180.0,1.36,16.4,5.8,0,0,0,0,Current,Moderate,2,5.5,6,0,0,11,2025-08-20,0
P100824,63,Female,27.6,150.0,89.0,87.0,99.2,37.0,19.0,55.0,6.9,178.0,1.22,12.8,7.3,0,0,0,0,Never,Moderate,1,1.2,8,1,1,27,2025-08-01,0
P100825,24,Female,22.3,148.0,74.0,75.0,93.5,36.1,12.0,92.0,5.2,155.0,1.17,14.2,9.9,0,0,0,0,Never,High,0,4.5,7,0,0,13,2024-12-25,0
P100826,67,Male,28.7,125.0,90.0,77.0,97.4,36.9,15.0,89.0,6.8,213.0,1.32,14.9,5.3,0,0,0,0,Never,Moderate,1,2.1,4,1,1,12,2025-05-25,0
P100827,83,Female,32.8,100.0,84.0,76.0,97.0,37.1,19.0,149.0,5.6,195.0,1.01,15.8,8.9,0,0,0,0,Current,Low,1,1.8,4,2,1,1,2024-07-14,0
P100828,81,Male,,124.0,82.0,50.0,96.4,36.5,16.0,93.0,5.8,140.0,1.27,14.4,9.5,1,0,0,1,Never,High,2,5.9,8,1,0,27,2025-06-28,1
P100829,20,Male,28.4,138.0,92.0,52.0,96.6,36.5,17.0,90.0,5.6,306.0,0.8,14.9,7.4,0,0,0,0,Never,Moderate,1,1.6,2,2,1,16,2024-09-23,0
P100830,35,Male,23.4,129.0,64.0,72.0,98.8,37.0,13.0,92.0,6.4,127.0,1.12,13.4,4.5,0,0,0,0,Never,Low,1,5.1,5,2,0,16,2024-01-28,0
P100831,35,Male,32.0,133.0,74.0,79.0,98.4,35.5,20.0,137.0,5.1,140.0,1.3,14.4,9.6,0,0,0,0,Never,High,0,8.9,5,0,0,18,2025-02-05,0
P100832,51,Female,16.0,123.0,94.0,73.0,98.1,36.8,13.0,146.0,6.4,231.0,1.44,9.1,8.8,0,1,0,0,Current,Low,0,5.4,5,0,3,5,2024-04-15,1
P100833,28,Male,29.5,147.0,99.0,66.0,96.9,37.6,23.0,125.0,5.7,220.0,1.1,15.0,8.1,1,0,0,0,Never,Moderate,0,5.6,4,2,0,13,2025-04-01,0
P100834,80,Male,40.9,141.0,107.0,73.0,100.0,35.5,16.0,156.0,6.5,,1.2,16.1,6.9,0,1,0,0,Current,Moderate,0,3.7,4,2,1,15,2025-10-07,0
P100835,74,Female,19.7,145.0,84.0,72.0,95.8,37.2,21.0,160.0,5.3,165.0,1.46,15.7,9.3,1,0,0,0,Former,High,1,1.4,6,2,2,1,2024-06-28,1
P100836,77,Female,26.2,138.0,88.0,85.0,93.6,37.1,20.0,55.0,5.8,212.0,0.84,13.9,5.3,1,0,0,0,Former,Moderate,1,1.0,7,5,0,19,2025-09-30,1
P100837,32,Male,27.5,139.0,89.0,85.0,96.0,36.1,15.0,129.0,5.5,209.0,1.35,14.1,8.7,0,0,0,0,Never,Moderate,0,1.0,4,0,0,28,2024-03-11,0
P100838,19,Male,25.1,136.0,93.0,69.0,96.6,37.1,16.0,93.0,5.7,168.0,0.94,13.4,6.4,0,0,0,0,Never,Moderate,1,1.7,9,0,0,24,2025-09-28,0
P100839,84,Female,32.9,120.0,87.0,75.0,98.8,37.3,16.0,74.0,5.5,233.0,1.14,12.5,3.6,0,0,0,1,Former,Moderate,2,3.0,7,0,0,21,2025-05-09,0
P100840,39,Female,30.0,137.0,91.0,79.0,95.6,36.2,17.0,99.0,4.5,217.0,0.84,10.8,5.0,1,0,1,0,Never,High,1,5.2,9,0,1,21,2024-09-23,0
P100841,65,Female,28.3,147.0,87.0,81.0,97.4,36.4,13.0,140.0,4.1,246.0,0.72,12.8,7.8,0,1,0,0,Never,Moderate,1,2.1,6,1,1,26,2024-01-03,0
P100842,84,Female,31.6,156.0,89.0,96.0,93.8,36.8,20.0,169.0,6.9,193.0,1.51,,7.4,0,0,0,1,Never,Moderate,1,5.9,4,2,3,1,2024-07-14,1
P100843,20,Male,27.6,135.0,71.0,76.0,98.4,37.3,16.0,60.0,6.3,226.0,1.02,13.7,7.9,0,0,0,0,Former,Low,0,3.4,2,0,0,25,2024-03-08,0
P100844,18,Female,44.0,112.0,77.0,90.0,96.6,36.5,18.0,128.0,4.0,186.0,0.8,12.9,6.3,0,0,0,0,Never,Low,1,3.7,5,1,0,6,2025-01-23,0
P100845,18,Male,28.3,114.0,75.0,62.0,96.0,36.8,22.0,175.0,5.5,216.0,1.0,15.1,7.4,0,0,0,0,Never,Low,0,1.3,4,0,1,17,2024-06-23,0
P100846,29,Male,28.5,122.0,69.0,68.0,100.0,36.5,20.0,172.0,5.2,209.0,0.84,12.1,8.3,0,0,0,0,Former,Low,0,1.6,4,0,1,17,2024-03-03,0
P100847,21,Female,18.6,132.0,64.0,50.0,98.4,36.8,16.0,55.0,6.5,227.0,0.44,12.7,11.7,0,0,0,0,Former,Moderate,0,3.4,4,1,1,18,2024-03-06,0
P100848,77,Female,24.7,133.0,79.0,78.0,94.6,37.3,22.0,193.0,5.9,215.0,1.03,14.2,6.2,0,0,1,0,Never,Moderate,2,3.0,8,2,1,2,2025-05-25,1
P100849,62,Male,33.5,114.0,80.0,84.0,96.3,36.9,20.0,148.0,6.4,123.0,0.64,16.7,9.0,0,0,0,0,Never,Moderate,2,2.2,6,4,1,5,2024-12-18,1
P100850,89,Male,20.6,117.0,85.0,45.0,100.0,36.6,16.0,55.0,5.9,171.0,1.18,14.5,8.3,0,1,1,0,Never,Moderate,4,8.3,9,1,0,19,2025-11-25,1
P100851,76,Female,16.3,99.0,89.0,78.0,100.0,36.8,16.0,90.0,5.5,198.0,1.52,16.5,7.2,0,1,0,0,Never,Low,2,3.1,4,2,1,14,2025-05-13,0
P100852,88,Male,27.7,90.0,86.0,83.0,98.2,36.4,22.0,163.0,6.9,213.0,0.93,15.7,4.4,1,1,0,0,Never,Low,2,1.6,7,2,2,8,2024-07-25,1
P100853,35,Female,34.6,128.0,79.0,83.0,93.2,36.3,21.0,122.0,6.6,226.0,1.18,13.3,9.8,0,0,0,0,Former,Moderate,0,3.7,2,0,1,17,2024-06-18,0
P100854,39,Male,27.7,170.0,72.0,62.0,98.9,37.4,13.0,90.0,4.5,216.0,0.79,16.5,7.5,0,0,1,0,Never,Moderate,4,2.8,8,2,0,15,2025-04-07,0
P100855,80,Female,25.8,166.0,93.0,85.0,95.4,37.6,14.0,120.0,7.2,168.0,1.08,12.4,5.8,0,1,0,0,Never,Moderate,0,3.0,12,0,1,10,2025-12-14,1
P100856,35,Male,17.8,114.0,80.0,76.0,98.9,35.9,20.0,128.0,4.7,230.0,0.71,13.0,5.2,0,1,0,0,Never,Moderate,2,6.7,4,1,0,15,2025-07-28,0
P100857,22,Male,29.9,131.0,76.0,83.0,95.2,37.1,14.0,87.0,4.0,164.0,1.09,16.0,7.5,0,0,0,0,Never,Moderate,0,1.6,4,1,0,6,2024-05-02,0
P100858,66,Male,30.9,109.0,81.0,74.0,97.4,37.2,21.0,110.0,6.0,243.0,1.43,15.4,5.1,1,0,0,0,Never,Moderate,0,1.2,7,2,2,6,2024-05-03,0
P100859,76,Female,18.2,113.0,76.0,81.0,95.3,36.2,25.0,148.0,6.6,246.0,1.13,14.8,5.9,1,1,1,0,Never,Moderate,2,2.6,8,3,3,1,2025-11-19,1
P100860,88,Female,33.4,116.0,79.0,89.0,95.8,36.6,19.0,94.0,4.9,195.0,1.26,14.7,5.8,0,0,0,0,Current,High,2,3.3,4,0,0,12,2025-11-30,0
P100861,85,Female,31.5,132.0,78.0,74.0,97.6,36.5,15.0,71.0,4.4,170.0,1.25,16.2,7.1,0,0,0,0,Never,Moderate,2,3.4,8,0,0,17,2024-02-27,0
P100862,26,Female,33.4,126.0,78.0,79.0,94.1,37.8,19.0,85.0,5.1,169.0,0.86,11.0,8.2,0,0,0,0,Never,Low,0,3.8,3,0,0,15,2025-07-21,0
P100863,74,Male,30.5,139.0,90.0,91.0,100.0,37.6,22.0,85.0,5.5,153.0,1.44,14.1,6.4,1,0,0,0,Never,Moderate,3,6.6,3,2,1,19,2025-07-02,0
P100864,79,Female,30.9,147.0,88.0,74.0,94.7,36.3,18.0,96.0,7.4,160.0,0.94,12.8,6.6,0,1,0,0,Former,High,1,3.2,6,1,1,21,2025-04-22,0
P100865,68,Female,30.2,128.0,99.0,62.0,94.6,36.1,20.0,55.0,6.0,188.0,0.61,15.0,7.2,0,1,1,0,Never,Moderate,0,1.7,9,2,0,1,2025-01-09,1
P100866,77,Female,32.0,136.0,96.0,84.0,97.6,37.2,15.0,125.0,6.8,174.0,0.82,13.8,5.5,0,1,0,0,Never,Low,3,5.3,2,2,1,9,2024-12-22,1
P100867,79,Female,18.0,117.0,103.0,93.0,98.8,37.1,15.0,148.0,6.3,134.0,1.26,15.0,5.8,1,1,0,1,Never,High,0,2.3,8,1,1,12,2025-10-15,1
P100868,50,Female,19.7,109.0,88.0,91.0,95.9,37.4,21.0,84.0,7.2,177.0,0.89,13.6,6.1,1,0,0,0,Never,Moderate,0,2.2,7,0,1,16,2024-07-30,0
P100869,20,Female,23.7,103.0,86.0,85.0,94.6,36.3,16.0,84.0,4.6,199.0,0.94,13.2,7.6,0,0,0,0,Never,Moderate,3,2.2,3,0,0,17,2024-07-25,0
P100870,51,Female,26.8,143.0,77.0,48.0,94.8,37.2,10.0,106.0,5.7,182.0,0.94,14.2,10.2,0,0,0,0,Current,High,1,5.6,7,1,0,12,2024-05-31,0
P100871,32,Male,29.5,124.0,89.0,68.0,94.6,36.4,17.0,77.0,4.2,161.0,1.0,15.0,4.5,0,0,0,1,Never,Low,0,10.9,2,2,0,20,2024-10-14,0
P100872,26,Female,29.2,97.0,74.0,69.0,97.1,37.1,19.0,142.0,6.2,104.0,1.23,13.8,7.5,0,0,0,0,Never,Moderate,1,2.0,4,1,1,17,2025-04-22,0
P100873,27,Male,33.3,128.0,66.0,77.0,96.4,36.8,22.0,77.0,6.5,239.0,1.36,15.6,6.5,0,0,0,0,Never,High,0,2.5,6,0,0,27,2025-11-23,0
P100874,68,Female,33.5,113.0,98.0,96.0,97.3,37.8,24.0,97.0,6.8,193.0,0.78,13.9,6.7,0,0,0,1,Former,High,0,1.3,6,2,1,7,2025-08-25,0
P100875,54,Male,23.0,161.0,70.0,63.0,97.2,37.0,18.0,86.0,5.7,207.0,1.27,16.1,6.0,0,1,0,0,Never,Low,0,5.4,7,4,0,1,2024-06-14,1
P100876,57,Female,28.7,123.0,87.0,103.0,98.0,36.6,20.0,149.0,4.5,202.0,1.08,13.3,9.3,0,0,0,0,Current,High,0,2.5,6,2,1,19,2024-05-14,0
P100877,72,Male,23.1,146.0,75.0,71.0,95.8,36.9,18.0,108.0,6.0,214.0,0.72,14.9,2.1,0,0,1,0,Never,Low,0,2.6,4,2,0,16,2024-03-01,1
P100878,58,Female,26.5,151.0,94.0,67.0,95.2,36.7,19.0,183.0,5.3,204.0,1.16,11.7,4.7,1,0,0,0,Never,Moderate,1,4.9,4,2,1,7,2025-08-27,0
P100879,63,Male,29.2,117.0,95.0,86.0,96.8,36.2,17.0,127.0,6.8,199.0,1.56,16.1,9.2,0,0,0,0,Never,Moderate,0,2.0,3,2,2,4,2025-12-05,0
P100880,24,Male,16.0,130.0,86.0,87.0,96.4,37.8,19.0,148.0,5.1,224.0,0.72,17.2,9.3,0,1,0,0,Never,Moderate,0,1.3,4,0,1,5,2024-03-20,1
P100881,80,Female,40.0,145.0,96.0,84.0,97.0,37.6,15.0,106.0,5.8,232.0,1.03,10.5,10.5,0,0,0,0,Never,High,0,6.6,6,2,1,10,2025-02-10,0
P100882,50,Female,30.4,134.0,82.0,67.0,95.2,36.7,25.0,79.0,7.8,248.0,0.55,14.2,7.6,0,0,0,1,Never,Moderate,0,7.0,8,3,2,4,2025-04-12,0
P100883,29,Male,24.4,136.0,103.0,82.0,97.7,37.1,10.0,107.0,6.3,163.0,0.9,14.4,8.0,0,0,0,0,Never,Low,0,1.0,2,1,0,3,2025-08-28,0
P100884,77,Male,37.5,113.0,91.0,64.0,94.4,37.8,20.0,93.0,7.1,204.0,1.13,14.3,3.3,0,0,0,0,Current,Low,1,3.2,6,0,1,5,2025-06-07,0
P100885,71,Female,25.7,144.0,74.0,66.0,95.7,37.4,19.0,55.0,5.6,134.0,1.62,14.1,7.0,1,0,0,1,Never,Moderate,2,3.0,10,1,1,11,2025-02-19,1
P100886,21,Female,28.2,120.0,81.0,75.0,98.5,36.6,19.0,142.0,4.5,177.0,0.65,13.2,8.1,0,0,0,0,Never,Moderate,1,3.0,4,0,1,20,2024-11-07,0
P100887,32,Male,25.0,136.0,79.0,66.0,94.5,36.8,14.0,110.0,6.5,188.0,1.22,15.2,6.0,0,0,0,0,Former,Moderate,0,2.0,2,0,0,5,2024-12-08,0
P100888,19,Female,36.1,144.0,78.0,89.0,98.4,35.9,12.0,82.0,6.8,223.0,0.99,12.7,6.8,0,1,0,0,Former,Moderate,1,10.6,3,2,1,6,2024-09-06,0
P100889,37,Male,27.0,142.0,65.0,69.0,94.0,37.2,20.0,123.0,4.5,191.0,1.59,16.9,9.5,0,0,0,0,Never,Moderate,0,3.0,3,2,1,14,2024-11-26,0
P100890,25,Female,28.3,135.0,84.0,73.0,93.6,37.4,23.0,109.0,5.0,221.0,0.97,12.9,9.9,0,0,0,0,Current,Moderate,0,1.8,4,1,0,28,2024-07-08,0
P100891,69,Male,33.8,145.0,69.0,65.0,93.8,37.4,19.0,165.0,,182.0,1.04,13.5,7.5,0,0,0,0,Current,Moderate,2,1.0,3,2,1,11,2024-12-22,1
P100892,56,Male,30.5,144.0,57.0,88.0,96.7,37.2,21.0,128.0,6.3,173.0,1.26,15.1,6.9,1,0,0,0,Never,Moderate,0,1.5,6,1,0,14,2024-01-01,1
P100893,89,Male,27.2,162.0,81.0,68.0,97.8,37.0,16.0,114.0,7.2,165.0,1.25,13.3,8.5,1,1,0,0,Never,Low,1,12.6,8,4,1,12,2025-07-05,1
P100894,72,Female,33.3,134.0,76.0,90.0,98.8,36.3,19.0,140.0,5.7,221.0,1.33,13.6,6.3,0,1,0,0,Never,Low,1,3.7,5,0,0,15,2025-03-05,0
P100895,62,Female,40.7,136.0,74.0,89.0,98.7,37.0,22.0,113.0,5.6,181.0,1.19,15.7,9.1,0,0,0,0,Never,High,0,4.4,2,0,0,7,2024-01-14,0
P100896,55,Male,29.2,148.0,51.0,71.0,98.1,36.5,17.0,119.0,4.1,103.0,0.6,14.5,6.0,0,1,0,0,Former,High,0,1.4,9,1,0,14,2024-10-28,1
P100897,21,Female,28.1,120.0,72.0,76.0,95.0,37.1,22.0,150.0,4.6,219.0,1.06,11.2,8.5,0,0,0,0,Never,Moderate,2,1.7,4,0,1,21,2024-12-10,0
P100898,23,Female,28.4,106.0,79.0,70.0,95.0,36.4,12.0,66.0,6.8,160.0,1.06,12.6,7.0,0,0,0,0,Current,Moderate,1,2.7,3,1,1,20,2024-01-21,0
P100899,62,Female,34.3,142.0,76.0,83.0,97.9,37.1,16.0,84.0,6.4,202.0,0.83,14.4,5.8,0,0,0,0,Never,Moderate,0,8.1,7,1,0,10,2024-03-20,0
P100900,18,Female,24.4,125.0,84.0,74.0,99.1,37.5,20.0,92.0,6.2,152.0,0.99,13.4,7.7,0,0,0,0,Former,Low,0,1.0,2,0,0,2,2024-05-10,0
P100901,21,Male,26.1,108.0,94.0,71.0,94.6,37.0,25.0,97.0,5.1,196.0,0.4,15.7,6.2,0,0,0,0,Former,High,0,3.4,9,1,0,14,2025-02-14,0
P100902,33,Male,19.5,138.0,86.0,77.0,98.8,37.0,18.0,149.0,5.4,90.0,1.02,13.7,9.0,0,0,0,0,Never,Moderate,0,2.1,4,0,1,17,2024-04-30,0
P100903,82,Female,21.3,160.0,94.0,57.0,93.0,37.3,14.0,68.0,6.2,194.0,1.29,12.6,5.0,0,0,1,0,Current,Moderate,3,5.0,4,2,0,21,2024-09-15,0
P100904,51,Male,24.8,104.0,93.0,75.0,97.2,37.7,25.0,111.0,6.1,162.0,1.27,15.6,7.4,0,0,0,0,Never,Moderate,0,10.0,5,1,0,28,2024-04-10,0
P100905,69,Male,27.2,152.0,73.0,84.0,96.3,36.7,18.0,96.0,7.3,147.0,1.25,17.0,5.5,0,0,0,0,Never,Low,1,1.4,5,1,1,25,2024-07-02,0
P100906,48,Male,36.7,90.0,86.0,78.0,96.1,37.1,20.0,171.0,5.2,224.0,0.75,14.0,9.4,0,0,0,0,Never,Moderate,0,1.2,3,2,1,11,2024-07-10,0
P100907,30,Female,30.3,123.0,91.0,87.0,96.6,37.6,17.0,139.0,5.4,190.0,0.53,13.3,8.4,0,0,1,0,Current,Low,2,3.6,7,0,0,20,2025-04-03,1
P100908,45,Female,22.8,163.0,77.0,71.0,95.0,37.1,18.0,119.0,5.0,186.0,1.25,14.8,6.9,0,1,0,0,Former,Moderate,0,13.0,3,0,0,9,2025-02-22,1
P100909,24,Female,23.7,123.0,73.0,70.0,97.3,35.8,16.0,141.0,4.0,167.0,1.04,13.4,7.0,0,0,0,0,Never,High,1,1.0,5,1,1,21,2024-04-08,1
P100910,74,Male,34.6,136.0,89.0,63.0,96.6,36.4,26.0,70.0,6.9,229.0,1.21,15.6,10.4,1,1,0,0,Never,Moderate,2,2.0,9,4,1,16,2024-03-15,0
P100911,31,Male,33.4,143.0,66.0,71.0,98.2,37.2,22.0,180.0,7.1,178.0,1.41,13.5,8.5,0,1,0,0,Never,High,2,4.8,2,0,3,1,2025-09-10,1
P100912,45,Female,27.6,102.0,71.0,100.0,99.4,36.6,24.0,82.0,6.4,252.0,0.53,13.2,5.5,0,0,0,0,Current,Moderate,2,3.1,8,0,1,18,2024-01-05,0
P100913,89,Male,25.2,138.0,78.0,79.0,96.7,37.5,15.0,163.0,6.5,242.0,1.62,13.7,8.9,1,0,0,1,Former,Moderate,2,6.8,7,1,3,9,2024-11-12,0
P100914,61,Female,33.3,134.0,87.0,69.0,95.0,37.7,12.0,133.0,7.6,249.0,0.88,10.7,5.9,1,0,0,0,Never,High,3,9.8,6,1,3,17,2025-03-16,0
P100915,51,Male,22.3,164.0,84.0,64.0,94.5,36.5,17.0,121.0,6.2,232.0,1.23,13.3,7.3,1,0,0,0,Former,Moderate,1,3.6,6,1,0,18,2024-02-02,0
P100916,57,Male,29.5,112.0,93.0,57.0,99.6,36.3,27.0,156.0,6.6,172.0,1.02,,2.8,0,0,0,0,Never,Moderate,0,5.7,6,2,2,10,2024-07-06,1
P100917,75,Male,39.3,129.0,74.0,66.0,99.3,36.6,17.0,151.0,6.2,197.0,0.98,15.4,8.6,0,1,0,0,Never,Low,1,3.8,4,1,1,17,2024-09-18,1
P100918,36,Female,28.6,115.0,71.0,85.0,98.1,36.6,22.0,113.0,5.9,187.0,0.54,14.4,5.7,0,0,0,0,Never,Low,0,1.0,6,1,0,13,2025-05-08,0
P100919,64,Female,23.5,116.0,88.0,71.0,96.6,37.6,14.0,100.0,5.8,227.0,0.85,14.0,6.6,1,0,0,0,Never,Moderate,0,1.6,2,0,0,11,2024-11-15,0
P100920,81,Male,29.6,155.0,76.0,65.0,98.0,36.3,15.0,122.0,6.9,195.0,1.22,14.3,4.2,0,0,0,0,Never,Moderate,1,4.2,4,1,1,11,2025-11-28,0
P100921,59,Female,25.1,134.0,77.0,66.0,98.8,37.2,18.0,110.0,4.9,186.0,1.13,10.5,7.4,1,0,1,0,Current,Low,0,6.1,3,2,1,8,2024-01-30,1
P100922,50,Female,20.3,123.0,63.0,84.0,95.4,37.5,25.0,124.0,,258.0,1.27,11.5,7.1,0,0,1,0,Never,Low,1,3.4,8,0,1,15,2025-08-18,1
P100923,28,Female,31.1,121.0,84.0,75.0,96.6,37.2,22.0,144.0,4.8,183.0,0.74,14.9,4.5,0,0,0,0,Never,Low,1,3.0,4,1,1,33,2024-11-09,0
P100924,36,Female,33.3,121.0,97.0,68.0,94.5,37.0,11.0,126.0,6.1,171.0,1.17,11.9,7.1,0,0,0,0,Current,Moderate,0,1.6,4,0,0,22,2024-03-16,0
P100925,87,Male,25.9,128.0,74.0,72.0,96.3,36.7,20.0,125.0,8.4,180.0,1.13,14.5,6.5,0,0,0,0,Never,High,1,3.0,11,2,1,6,2024-12-22,1
P100926,57,Female,25.5,111.0,93.0,102.0,99.3,37.7,14.0,90.0,6.5,236.0,1.2,13.3,9.4,1,0,0,0,Never,Moderate,1,1.9,7,0,0,14,2024-02-14,0
P100927,39,Female,22.5,126.0,81.0,91.0,98.4,36.7,16.0,121.0,6.7,202.0,1.11,11.1,5.6,0,0,0,0,Former,Low,0,1.5,8,0,1,24,2025-01-07,0
P100928,48,Male,26.7,126.0,64.0,94.0,96.7,37.3,20.0,55.0,6.6,212.0,0.86,15.1,8.0,0,0,0,0,Never,Moderate,1,1.4,6,1,1,13,2025-11-13,0
P100929,60,Male,24.6,120.0,74.0,55.0,91.7,36.7,23.0,86.0,4.0,204.0,1.1,16.9,4.1,0,0,0,0,Never,High,0,1.4,5,0,0,25,2025-07-27,0
P100930,57,Female,22.2,135.0,73.0,74.0,95.3,35.9,23.0,134.0,5.8,112.0,1.15,13.2,7.2,0,1,0,0,Never,High,0,7.1,12,1,0,8,2024-02-02,1
P100931,69,Female,37.3,138.0,80.0,68.0,96.7,36.7,19.0,146.0,6.4,154.0,1.28,12.8,7.7,0,1,0,0,Current,Moderate,2,1.8,4,2,1,9,2025-06-24,1
P100932,36,Male,29.9,121.0,85.0,83.0,96.1,36.7,19.0,109.0,4.0,184.0,1.38,12.9,7.8,0,0,0,0,Never,Moderate,0,2.2,5,1,0,14,2024-03-20,0
P100933,65,Male,30.5,131.0,101.0,89.0,96.6,36.7,23.0,122.0,5.7,207.0,0.87,14.2,6.8,0,0,0,0,Never,Low,2,3.1,6,3,0,19,2024-09-28,1
P100934,50,Female,32.1,169.0,68.0,80.0,96.9,36.5,12.0,125.0,5.7,158.0,0.67,14.0,10.5,0,1,1,0,Former,High,1,3.9,3,1,0,18,2025-11-13,0
P100935,86,Male,31.5,172.0,79.0,66.0,95.5,37.1,24.0,142.0,5.1,156.0,1.47,14.6,6.3,0,0,0,0,Never,Low,0,3.5,13,1,2,13,2025-07-23,1
P100936,29,Male,25.4,112.0,72.0,68.0,96.5,37.2,15.0,101.0,4.7,183.0,0.58,13.9,8.0,0,1,0,0,Never,Moderate,0,1.0,4,0,0,23,2024-09-10,0
P100937,28,Female,28.9,114.0,68.0,83.0,96.2,36.6,19.0,74.0,6.7,245.0,1.22,14.7,6.4,0,0,0,0,Never,Moderate,0,3.0,6,2,2,7,2024-03-01,0
P100938,51,Female,26.1,114.0,83.0,85.0,95.2,36.6,16.0,126.0,4.0,113.0,0.75,12.8,5.3,0,0,1,0,Current,Moderate,1,6.4,5,1,0,20,2024-03-19,0
P100939,55,Male,29.8,151.0,82.0,78.0,99.8,36.3,14.0,181.0,6.1,94.0,0.84,14.0,4.6,0,0,0,0,Former,Moderate,0,6.5,6,1,1,12,2025-08-19,0
P100940,68,Male,29.3,127.0,65.0,78.0,95.6,36.9,20.0,83.0,7.1,261.0,1.03,14.8,5.2,1,0,0,0,Former,High,1,4.6,6,2,2,18,2025-06-07,0
P100941,47,Male,25.5,136.0,82.0,77.0,92.4,37.5,19.0,107.0,5.7,137.0,0.58,16.6,8.2,0,0,0,0,Former,Low,1,1.3,4,0,0,13,2025-09-18,0
P100942,84,Male,20.6,170.0,72.0,79.0,99.7,37.5,18.0,105.0,7.5,180.0,0.83,14.4,9.7,0,0,0,0,Never,High,0,2.4,7,1,1,8,2025-12-01,0
P100943,52,Female,28.3,132.0,82.0,85.0,95.0,36.5,17.0,197.0,5.4,138.0,0.54,11.9,8.2,0,1,0,0,Never,Low,0,1.1,4,1,1,11,2025-08-08,1
P100944,27,Male,26.4,141.0,93.0,84.0,98.1,37.8,23.0,74.0,4.7,184.0,1.12,15.4,6.3,0,1,0,0,Never,Low,1,3.4,3,1,0,9,2024-07-01,0
P100945,26,Male,17.7,138.0,85.0,76.0,95.3,36.6,26.0,102.0,5.5,190.0,0.92,14.1,5.7,0,0,0,0,Former,High,1,2.8,2,1,0,7,2025-11-18,0
P100946,89,Male,30.1,127.0,86.0,75.0,97.5,36.3,22.0,106.0,5.9,256.0,1.12,15.4,7.3,0,1,0,1,Never,Moderate,3,4.9,6,0,1,14,2024-04-17,0
P100947,27,Female,32.5,147.0,75.0,75.0,96.4,36.1,19.0,64.0,5.0,222.0,0.91,10.1,4.9,0,0,0,0,Never,Low,1,1.1,3,2,1,23,2024-07-07,0
P100948,87,Female,40.6,122.0,85.0,67.0,98.3,36.3,12.0,73.0,6.1,146.0,1.11,13.3,8.8,0,1,1,0,Former,Moderate,3,4.6,8,2,0,16,2025-07-23,1
P100949,38,Female,25.5,153.0,87.0,66.0,96.1,37.0,20.0,130.0,4.9,122.0,0.83,12.8,7.7,0,0,0,0,Never,Low,0,6.5,6,0,0,19,2024-02-15,1
P100950,24,Male,24.7,119.0,85.0,83.0,95.3,36.7,20.0,132.0,4.7,214.0,1.19,13.2,5.1,0,0,0,0,Current,Moderate,0,4.8,6,1,0,14,2025-07-13,0
P100951,40,Female,21.7,123.0,80.0,67.0,97.0,36.5,21.0,91.0,4.7,175.0,0.48,11.4,10.0,0,0,0,0,Never,High,0,2.4,6,0,0,27,2025-08-14,0
P100952,62,Male,28.6,115.0,85.0,86.0,95.8,36.4,14.0,163.0,6.3,168.0,0.63,14.2,4.6,0,0,0,0,Never,Moderate,1,4.9,3,0,1,6,2025-03-22,0
P100953,49,Female,28.6,116.0,69.0,75.0,93.0,36.3,21.0,55.0,4.9,240.0,1.38,11.6,7.1,0,0,0,0,Never,Moderate,1,3.6,8,0,0,10,2025-08-09,0
P100954,75,Female,23.3,128.0,76.0,86.0,95.4,36.4,23.0,72.0,5.0,128.0,1.15,8.8,8.7,0,0,0,0,Never,High,0,3.3,13,1,1,13,2024-05-05,0
P100955,62,Female,26.6,92.0,90.0,84.0,100.0,37.3,15.0,85.0,5.0,181.0,0.47,11.4,8.5,0,1,0,0,Never,Moderate,0,7.4,9,1,0,19,2024-08-17,0
P100956,47,Male,17.2,128.0,90.0,86.0,93.2,37.7,20.0,111.0,5.9,219.0,1.08,12.8,5.8,0,1,0,0,Never,Moderate,1,3.6,3,3,0,5,2024-04-28,0
P100957,64,Female,32.3,125.0,84.0,70.0,96.9,37.7,15.0,99.0,6.6,150.0,0.6,13.2,6.2,0,0,0,0,Former,Moderate,1,2.1,7,0,1,12,2024-11-21,0
P100958,88,Female,23.5,150.0,99.0,81.0,96.1,37.1,18.0,112.0,6.9,244.0,1.48,11.4,5.1,0,0,0,0,Never,Moderate,1,2.3,5,0,3,9,2025-09-30,0
P100959,48,Female,27.3,139.0,87.0,85.0,99.8,36.6,15.0,129.0,6.0,157.0,1.25,13.2,7.4,0,0,0,0,Never,Moderate,0,2.9,6,1,0,27,2025-01-31,1
P100960,29,Male,20.1,117.0,78.0,57.0,94.5,36.5,17.0,159.0,6.0,192.0,1.52,13.2,8.6,0,0,0,0,Never,Moderate,1,1.0,4,0,2,1,2024-02-18,0
P100961,47,Female,24.5,124.0,70.0,96.0,96.7,37.2,17.0,140.0,5.7,169.0,0.91,14.4,3.2,0,0,0,0,Never,Moderate,0,1.4,5,1,0,20,2024-01-17,0
P100962,79,Female,26.0,131.0,98.0,103.0,97.7,36.7,19.0,119.0,6.6,91.0,0.75,13.8,8.1,0,0,0,0,Never,Low,0,1.0,5,1,1,19,2024-03-16,1
P100963,33,Male,27.4,155.0,89.0,87.0,96.2,37.0,21.0,106.0,6.0,179.0,0.8,14.1,6.0,0,0,0,0,Never,Low,1,1.4,2,0,0,31,2025-10-20,0
P100964,87,Female,30.0,122.0,102.0,86.0,95.1,37.8,22.0,157.0,5.6,225.0,0.97,13.4,6.8,0,1,0,0,Former,High,3,4.1,7,4,1,1,2024-01-05,1
P100965,60,Male,35.0,121.0,104.0,83.0,96.5,36.9,16.0,180.0,5.0,156.0,1.14,15.5,4.9,0,0,0,0,Never,Low,2,5.1,5,1,1,5,2025-09-17,1
P100966,61,Female,31.3,114.0,70.0,72.0,95.9,37.9,19.0,136.0,7.1,171.0,0.52,13.3,5.8,1,0,0,0,Never,Moderate,0,10.0,6,1,1,8,2024-07-03,0
P100967,41,Female,32.5,106.0,69.0,75.0,95.9,36.2,14.0,93.0,5.8,175.0,0.97,13.4,11.0,0,0,0,0,Never,Moderate,1,1.8,4,1,0,6,2025-08-09,0
P100968,85,Male,35.0,141.0,55.0,88.0,98.2,37.0,18.0,127.0,7.2,215.0,0.82,11.4,6.3,1,1,0,0,Current,Low,0,6.7,11,0,1,23,2024-10-09,1
P100969,20,Male,30.5,132.0,89.0,64.0,97.2,37.0,18.0,127.0,4.5,181.0,0.77,13.8,7.0,0,0,0,0,Former,Low,0,5.3,7,0,0,21,2024-11-06,0
P100970,39,Female,27.3,152.0,88.0,63.0,97.5,36.3,15.0,91.0,5.3,196.0,1.35,12.0,5.2,0,0,0,0,Never,Low,1,2.6,7,0,0,19,2025-03-13,0
P100971,48,Male,32.7,149.0,83.0,71.0,97.1,37.2,20.0,142.0,4.5,196.0,1.27,16.2,12.2,1,1,1,0,Never,Moderate,0,7.0,7,0,2,15,2024-07-05,1
P100972,52,Male,33.1,173.0,70.0,84.0,98.2,37.6,17.0,122.0,6.4,175.0,1.21,14.0,7.9,0,0,0,0,Never,Low,1,4.6,3,1,0,24,2024-08-26,0
P100973,52,Male,30.9,131.0,81.0,66.0,98.8,37.9,19.0,153.0,5.3,259.0,1.18,13.6,7.0,0,0,0,0,Former,Low,2,1.0,6,1,2,1,2025-09-13,0
P100974,28,Female,19.9,125.0,83.0,73.0,96.0,37.0,22.0,74.0,5.0,156.0,0.86,14.1,8.8,0,0,0,0,Current,Moderate,0,1.6,2,0,0,21,2025-02-06,0
P100975,34,Female,23.1,108.0,89.0,75.0,98.0,35.8,17.0,55.0,7.4,222.0,0.94,10.9,7.7,0,0,0,0,Never,Low,0,2.4,1,1,2,12,2024-07-17,0
P100976,24,Female,26.1,141.0,83.0,64.0,94.2,37.0,21.0,94.0,6.1,243.0,0.48,13.1,6.7,0,0,0,0,Former,Low,0,1.8,1,0,1,19,2025-10-05,0
P100977,59,Male,31.6,135.0,89.0,47.0,92.4,37.2,23.0,114.0,6.5,190.0,0.68,11.6,6.7,0,0,0,1,Current,Low,0,2.0,4,0,0,7,2024-12-02,0
P100978,43,Male,27.4,142.0,80.0,64.0,99.8,36.7,23.0,55.0,4.6,197.0,1.01,13.5,3.9,0,0,0,0,Former,High,0,2.1,0,0,0,17,2024-07-17,0
P100979,59,Female,33.4,114.0,94.0,79.0,95.9,36.9,17.0,92.0,4.2,215.0,0.71,12.5,6.3,0,0,1,0,Never,High,0,4.3,0,2,0,7,2024-05-23,0
P100980,61,Female,34.3,139.0,89.0,82.0,97.0,36.6,15.0,159.0,6.8,181.0,1.23,15.4,6.0,0,1,0,0,Current,Moderate,0,1.0,7,0,2,21,2025-11-08,0
P100981,69,Female,33.7,138.0,71.0,82.0,94.3,36.7,16.0,134.0,4.0,123.0,1.04,13.0,7.6,0,0,1,0,Former,Low,1,1.9,5,5,0,9,2024-11-26,1
P100982,57,Female,33.8,135.0,96.0,83.0,94.2,37.3,12.0,118.0,5.4,186.0,0.94,11.9,6.6,0,1,0,0,Never,Moderate,0,3.4,9,0,0,17,2025-02-28,0
P100983,65,Female,22.1,122.0,95.0,68.0,95.2,37.5,20.0,78.0,5.2,258.0,0.88,13.0,8.4,0,0,0,0,Former,High,2,2.7,9,2,1,13,2025-04-17,1
P100984,60,Male,,153.0,87.0,66.0,97.7,36.2,21.0,158.0,,217.0,1.16,16.8,7.2,0,0,0,0,Former,High,1,1.5,5,1,1,5,2024-11-27,0
P100985,65,Male,24.3,169.0,86.0,81.0,95.6,36.5,18.0,100.0,5.6,198.0,1.23,11.5,5.3,0,0,0,0,Never,Moderate,1,1.8,5,1,0,25,2024-02-08,0
P100986,63,Female,18.9,115.0,99.0,73.0,95.9,36.0,13.0,118.0,5.0,224.0,0.79,14.4,10.0,0,1,0,0,Current,Low,0,4.8,8,1,0,25,2024-02-06,1
P100987,41,Female,26.0,143.0,65.0,87.0,95.2,37.7,17.0,125.0,4.6,190.0,0.83,13.8,6.2,0,0,0,0,Current,Moderate,0,1.0,5,1,0,7,2024-07-11,1
P100988,35,Female,34.4,90.0,94.0,81.0,98.6,37.2,23.0,115.0,5.8,196.0,0.9,13.0,8.1,0,0,0,0,Never,High,1,11.0,6,0,0,26,2025-05-16,0
P100989,75,Female,29.9,146.0,79.0,91.0,98.1,35.8,20.0,169.0,7.1,179.0,1.16,12.7,4.4,0,0,0,1,Never,High,0,7.6,5,1,2,22,2024-03-11,1
P100990,43,Male,38.0,99.0,93.0,70.0,95.6,36.8,21.0,131.0,,213.0,1.07,16.8,8.5,0,0,0,0,Former,Moderate,1,8.3,6,0,0,13,2025-09-15,0
P100991,58,Male,28.4,124.0,84.0,89.0,97.7,36.7,30.0,125.0,6.1,175.0,1.0,15.7,3.7,0,0,0,0,Current,Moderate,1,1.9,4,1,0,10,2024-11-06,0
P100992,32,Female,40.2,108.0,68.0,100.0,96.1,36.4,19.0,106.0,6.1,183.0,1.14,11.6,10.9,0,0,0,0,Never,Low,1,3.6,2,1,0,10,2024-08-23,0
P100993,49,Female,28.4,128.0,77.0,77.0,95.9,37.3,10.0,127.0,6.2,228.0,0.96,13.2,8.4,1,0,0,0,Former,Moderate,0,2.5,4,2,0,19,2024-01-18,0
P100994,56,Male,27.6,147.0,93.0,82.0,96.4,37.3,14.0,106.0,5.7,188.0,0.63,16.5,6.6,0,1,0,0,Former,Low,1,3.7,7,0,0,31,2024-10-29,0
P100995,63,Male,20.8,102.0,81.0,65.0,97.7,36.9,19.0,121.0,5.4,216.0,1.41,15.4,8.1,0,0,0,0,Never,Moderate,0,3.6,7,0,1,11,2024-07-22,0
P100996,56,Female,33.3,127.0,76.0,87.0,94.9,36.5,18.0,101.0,6.6,220.0,1.29,13.6,4.5,1,0,0,0,Never,High,1,6.9,8,2,1,15,2025-07-17,1
P100997,44,Female,24.9,123.0,75.0,90.0,97.4,36.5,17.0,93.0,6.0,192.0,0.6,11.2,6.6,0,0,0,0,Current,Low,0,1.0,2,2,0,18,2024-04-19,0
P100998,88,Female,24.1,163.0,91.0,70.0,100.0,36.8,17.0,87.0,4.6,182.0,1.16,16.7,8.5,1,1,0,1,Never,Low,1,7.7,6,2,0,10,2025-09-01,1
P100999,55,Male,34.2,140.0,100.0,83.0,96.8,36.6,15.0,103.0,5.7,145.0,,15.7,8.1,0,0,0,0,Never,Low,2,2.2,8,1,0,12,2024-05-17,0
P101000,77,Female,33.5,115.0,62.0,79.0,96.6,36.8,19.0,105.0,6.2,153.0,1.0,15.9,7.0,0,1,0,0,Current,High,1,1.3,3,1,0,16,2024-09-09,1
P101001,71,Female,33.4,127.0,111.0,81.0,96.3,37.1,23.0,180.0,5.1,218.0,1.28,13.7,7.6,1,0,0,0,Never,Low,1,1.5,6,3,1,10,2024-12-17,0
P101002,58,Female,25.6,159.0,85.0,86.0,97.4,36.0,24.0,148.0,5.7,217.0,1.33,13.2,9.2,0,0,0,0,Never,Moderate,0,2.2,8,1,1,8,2024-05-22,0
P101003,82,Female,27.2,148.0,90.0,82.0,93.6,36.4,24.0,113.0,6.6,157.0,1.17,12.2,8.4,0,1,0,0,Never,High,1,5.1,8,2,1,9,2025-11-09,1
P101004,27,Male,27.2,114.0,76.0,74.0,99.6,36.8,15.0,93.0,4.8,210.0,1.53,16.1,3.2,0,0,0,0,Never,High,1,3.0,1,2,1,13,2024-01-03,0
P101005,85,Male,31.6,132.0,84.0,86.0,98.3,37.6,18.0,140.0,6.4,203.0,1.29,16.8,7.0,0,0,1,1,Former,Moderate,5,4.1,4,2,0,15,2025-04-04,1
P101006,80,Male,35.6,132.0,86.0,89.0,95.3,37.2,17.0,185.0,5.3,231.0,1.12,16.2,7.0,0,1,0,1,Current,Moderate,2,5.4,6,2,1,27,2025-11-15,1
P101007,54,Female,29.4,123.0,72.0,69.0,96.6,36.8,20.0,141.0,4.7,,0.97,16.6,4.5,0,1,0,0,Never,Moderate,1,1.8,5,1,2,4,2025-12-30,0
P101008,71,Male,37.8,105.0,75.0,76.0,95.5,37.0,18.0,56.0,6.6,217.0,1.05,14.8,4.9,0,0,1,1,Current,Low,2,7.0,5,1,1,25,2024-07-22,1
P101009,55,Male,32.2,121.0,94.0,55.0,97.0,36.7,17.0,143.0,6.9,169.0,0.86,13.7,10.0,0,0,1,0,Never,Low,0,2.3,6,1,2,13,2025-04-07,1
P101010,37,Male,26.3,154.0,66.0,83.0,96.6,37.3,23.0,146.0,4.6,223.0,0.65,15.0,5.5,0,0,0,0,Current,Low,0,1.3,5,0,1,14,2025-03-29,0
P101011,76,Female,31.8,129.0,88.0,91.0,96.9,37.0,18.0,194.0,7.0,155.0,0.83,14.4,6.2,1,0,0,0,Current,Moderate,0,1.0,8,1,2,29,2025-05-06,1
P101012,35,Female,36.4,128.0,77.0,73.0,94.6,37.4,18.0,101.0,5.6,279.0,0.92,12.8,5.4,0,0,0,0,Never,Moderate,1,2.4,4,0,1,17,2025-11-08,0
P101013,40,Female,37.9,133.0,72.0,78.0,95.6,36.1,19.0,115.0,4.0,148.0,1.19,13.1,7.8,0,1,0,0,Never,Moderate,0,4.0,1,1,0,8,2025-12-08,0
P101014,55,Female,33.7,170.0,102.0,73.0,98.6,36.4,20.0,129.0,4.6,212.0,1.11,13.5,7.6,0,0,0,0,Never,Low,1,3.9,5,1,0,18,2025-06-19,1
P101015,79,Male,27.6,136.0,74.0,71.0,95.5,36.9,20.0,90.0,6.7,195.0,1.13,15.3,10.9,1,1,0,1,Current,Moderate,1,8.4,8,0,1,24,2024-06-29,1
P101016,46,Male,26.4,150.0,70.0,79.0,91.7,37.0,23.0,81.0,4.3,179.0,1.58,14.8,5.9,0,1,0,1,Never,Moderate,1,4.0,5,3,1,13,2025-10-09,0
P101017,54,Male,30.5,122.0,80.0,67.0,96.2,38.0,14.0,127.0,5.3,177.0,1.48,14.9,8.0,0,0,0,0,Never,High,0,3.3,6,0,1,20,2025-08-04,0
P101018,21,Female,36.2,124.0,73.0,73.0,100.0,35.9,19.0,55.0,5.4,247.0,0.66,14.2,3.2,0,0,0,0,Never,High,1,7.0,3,2,1,9,2024-11-11,0
P101019,26,Female,29.8,129.0,81.0,65.0,98.0,36.8,18.0,62.0,5.9,217.0,1.13,14.4,4.2,0,0,0,0,Never,Moderate,0,3.4,4,3,0,12,2025-01-26,0
P101020,22,Male,29.9,115.0,82.0,83.0,95.4,36.8,17.0,136.0,5.6,189.0,0.58,13.9,9.7,0,0,0,0,Former,Moderate,0,6.1,1,1,0,11,2025-03-11,0
P101021,23,Male,27.8,125.0,83.0,79.0,96.4,36.9,21.0,125.0,6.9,261.0,0.99,,9.2,0,0,0,0,Never,Moderate,3,3.3,3,1,2,5,2024-03-14,0
P101022,81,Male,25.8,151.0,83.0,71.0,97.7,37.7,23.0,161.0,5.4,190.0,0.71,13.0,7.9,0,0,0,0,Current,Moderate,1,3.9,6,2,1,14,2024-02-07,0
P101023,79,Female,26.7,122.0,77.0,76.0,93.3,37.2,16.0,133.0,6.2,223.0,0.92,13.9,9.3,0,1,1,0,Never,Moderate,1,3.7,4,4,0,16,2024-02-07,1
P101024,77,Male,28.2,135.0,90.0,73.0,95.0,36.0,24.0,117.0,6.5,144.0,1.26,13.5,4.8,0,0,0,0,Current,Moderate,1,2.5,2,1,0,12,2025-11-26,0
P101025,22,Female,36.4,141.0,79.0,90.0,97.2,37.6,13.0,152.0,6.1,146.0,0.79,13.6,10.3,0,0,0,0,Never,Moderate,0,5.7,5,0,1,12,2024-07-16,0
P101026,23,Male,26.3,115.0,75.0,71.0,99.4,37.6,20.0,92.0,6.4,222.0,0.62,14.5,4.9,0,0,0,0,Current,Low,0,1.9,5,0,0,29,2024-03-20,0
P101027,38,Female,27.8,149.0,96.0,84.0,95.7,36.9,15.0,98.0,5.3,207.0,0.77,13.3,7.6,0,0,0,0,Current,Low,2,8.4,3,1,0,9,2024-10-14,0
P101028,59,Female,23.0,134.0,81.0,68.0,99.3,36.0,16.0,111.0,6.5,,0.76,13.9,12.5,1,0,0,0,Former,Moderate,3,1.5,11,0,2,7,2025-08-01,1
P101029,42,Male,31.2,128.0,92.0,86.0,95.1,36.7,18.0,126.0,4.9,168.0,1.09,16.4,5.2,0,0,0,0,Never,Moderate,1,4.7,6,0,0,6,2024-07-26,0
P101030,53,Female,34.6,98.0,94.0,88.0,90.4,37.0,17.0,110.0,5.8,221.0,1.35,13.2,9.7,0,1,0,0,Never,Moderate,1,1.5,4,2,0,10,2024-06-28,1
P101031,30,Female,35.9,123.0,94.0,89.0,97.8,37.3,10.0,56.0,6.0,186.0,0.88,11.6,8.9,0,0,0,1,Current,Moderate,1,1.7,5,2,0,14,2024-11-29,0
P101032,71,Female,28.6,141.0,90.0,94.0,97.5,35.9,20.0,106.0,6.9,227.0,1.35,13.7,5.9,0,1,0,1,Never,Moderate,0,7.3,4,0,1,21,2025-01-31,0
P101033,40,Female,30.5,160.0,81.0,80.0,97.8,36.4,21.0,109.0,6.2,224.0,0.81,14.3,11.2,0,0,0,0,Never,Moderate,0,3.3,6,4,1,6,2025-05-15,1
P101034,22,Male,26.7,138.0,80.0,91.0,97.8,37.3,17.0,111.0,5.5,194.0,0.89,11.2,5.2,0,0,0,0,Current,High,0,2.9,5,0,0,23,2025-06-03,0
P101035,72,Male,30.2,154.0,81.0,95.0,96.8,37.6,17.0,100.0,6.0,167.0,1.57,13.5,6.9,0,0,0,1,Former,Moderate,0,2.6,6,1,1,5,2025-03-27,0
P101036,83,Female,29.1,115.0,62.0,63.0,96.0,37.0,17.0,136.0,6.7,182.0,1.05,13.2,8.3,1,0,0,1,Current,Moderate,1,10.1,4,2,1,4,2025-11-08,1
P101037,19,Male,27.8,126.0,87.0,69.0,96.1,37.4,12.0,55.0,7.4,153.0,1.21,13.9,6.8,0,1,0,0,Former,Moderate,0,1.0,5,0,1,5,2024-08-10,0
P101038,49,Male,28.2,153.0,84.0,58.0,95.7,37.0,12.0,126.0,6.6,209.0,0.8,14.8,13.2,0,1,0,0,Current,High,0,4.8,7,1,2,15,2024-06-03,1
P101039,78,Male,29.8,120.0,92.0,89.0,95.8,37.3,21.0,180.0,6.5,90.0,1.08,13.7,4.5,1,0,0,0,Never,Moderate,1,2.8,9,1,1,9,2025-12-02,1
P101040,69,Male,26.0,151.0,82.0,58.0,93.2,36.9,22.0,94.0,4.8,173.0,0.82,16.0,10.2,1,0,0,0,Former,Moderate,0,4.5,4,1,0,31,2025-04-15,0
P101041,80,Male,26.2,148.0,90.0,55.0,94.3,37.0,20.0,119.0,5.4,229.0,1.11,14.7,2.5,0,0,0,0,Current,Low,1,4.1,7,2,0,28,2024-11-26,1
P101042,48,Male,36.4,136.0,68.0,63.0,96.2,36.2,19.0,103.0,5.5,228.0,1.06,11.9,2.0,0,0,0,0,Current,Moderate,0,1.3,8,0,0,23,2025-05-13,0
P101043,45,Female,41.6,126.0,70.0,55.0,92.5,37.2,21.0,103.0,6.6,134.0,1.2,14.3,7.1,0,0,0,0,Current,High,1,1.7,8,0,1,3,2024-09-24,1
P101044,69,Female,21.2,118.0,58.0,79.0,92.9,36.2,21.0,79.0,5.2,217.0,0.89,14.4,8.5,1,0,0,0,Former,Moderate,0,3.1,4,1,0,15,2025-10-17,0
P101045,29,Male,21.0,160.0,79.0,63.0,95.9,37.2,15.0,178.0,6.1,152.0,0.89,14.5,10.0,0,0,0,1,Never,Moderate,1,3.2,4,0,1,16,2024-08-08,0
P101046,35,Male,22.5,141.0,73.0,56.0,96.3,36.6,19.0,123.0,5.7,181.0,1.29,11.8,10.2,0,0,0,0,Never,Moderate,0,3.7,8,1,0,17,2024-07-28,1
P101047,61,Female,27.0,139.0,74.0,75.0,95.9,37.0,17.0,91.0,6.3,224.0,0.69,14.6,7.4,0,0,0,0,Never,Low,1,5.5,4,1,0,1,2024-10-09,1
P101048,66,Male,,127.0,86.0,76.0,92.2,36.3,17.0,87.0,5.8,158.0,0.4,13.1,8.0,1,0,0,0,Never,Moderate,0,5.9,5,3,0,5,2025-01-26,0
P101049,26,Male,30.6,130.0,76.0,54.0,99.3,36.5,22.0,110.0,5.0,249.0,0.75,14.1,7.5,0,0,0,0,Never,Moderate,0,1.2,7,1,1,5,2024-03-29,0
P101050,55,Male,28.4,135.0,68.0,67.0,93.9,37.0,24.0,55.0,5.0,205.0,1.19,13.7,10.1,0,0,0,0,Never,High,2,3.0,2,2,0,13,2025-11-20,0
P101051,44,Male,30.3,138.0,107.0,75.0,95.0,37.2,10.0,148.0,6.3,213.0,1.01,12.4,4.5,0,0,0,0,Never,Moderate,0,5.3,10,0,1,17,2024-09-24,0
P101052,54,Male,23.9,145.0,82.0,72.0,94.2,37.3,17.0,95.0,5.8,236.0,0.74,14.6,5.7,0,0,0,0,Never,Low,0,1.9,3,0,0,21,2025-06-18,0
P101053,87,Male,26.2,123.0,73.0,72.0,98.8,36.2,17.0,132.0,5.3,229.0,1.13,14.9,8.7,1,1,1,1,Never,Moderate,2,5.4,9,4,0,5,2024-03-12,1
P101054,23,Female,27.4,104.0,74.0,90.0,97.3,36.0,22.0,122.0,5.7,226.0,0.82,13.4,9.1,0,0,0,0,Former,High,0,4.2,3,0,0,19,2024-05-19,0
P101055,90,Female,19.3,138.0,83.0,102.0,95.6,36.3,13.0,153.0,9.4,170.0,0.68,12.9,9.7,0,1,0,1,Current,High,0,2.8,3,3,2,7,2025-04-26,1
P101056,50,Male,21.5,102.0,80.0,72.0,95.5,36.3,10.0,129.0,5.6,153.0,0.9,13.5,6.9,0,1,0,0,Never,Low,0,1.0,4,0,0,14,2025-04-05,0
P101057,74,Female,21.7,129.0,96.0,60.0,96.8,37.6,21.0,142.0,7.6,184.0,1.28,15.4,6.0,0,1,0,0,Never,Low,0,3.9,8,2,2,12,2024-09-20,1
P101058,48,Female,31.5,123.0,81.0,73.0,94.3,37.5,21.0,147.0,4.0,213.0,0.92,13.5,8.4,0,0,0,0,Never,Moderate,0,7.7,1,1,1,21,2025-10-10,0
P101059,40,Male,28.8,139.0,100.0,78.0,97.2,36.3,12.0,99.0,5.4,146.0,0.55,13.2,4.8,0,0,0,0,Former,High,0,2.8,5,1,0,10,2025-02-12,0
P101060,74,Male,30.7,169.0,79.0,75.0,95.5,37.7,18.0,192.0,6.9,217.0,1.56,15.3,10.3,0,0,0,0,Never,Moderate,0,4.9,5,1,3,2,2024-12-26,1
P101061,68,Female,17.9,101.0,87.0,83.0,97.4,37.4,23.0,128.0,6.0,209.0,0.78,13.7,6.0,0,0,0,0,Former,Low,1,1.6,4,0,0,18,2024-11-05,0
P101062,28,Male,19.8,168.0,91.0,103.0,97.4,36.0,14.0,107.0,5.0,188.0,1.04,15.5,6.4,0,0,0,0,Never,Moderate,1,2.9,5,2,0,21,2025-11-05,0
P101063,69,Male,30.9,130.0,95.0,55.0,95.4,36.3,18.0,86.0,6.0,197.0,1.29,14.6,8.5,0,1,0,0,Never,Moderate,1,1.2,3,2,0,11,2025-09-08,0
P101064,72,Male,16.0,141.0,96.0,70.0,92.8,36.0,20.0,109.0,7.0,197.0,1.18,13.7,5.5,1,1,0,0,Current,Moderate,0,2.6,6,1,1,24,2024-07-02,1
P101065,46,Male,33.9,107.0,79.0,94.0,96.1,36.8,13.0,125.0,7.7,,0.92,12.5,4.7,0,1,0,0,Never,High,1,2.6,5,2,1,21,2024-08-03,0
P101066,85,Male,18.0,153.0,84.0,70.0,93.9,36.8,16.0,122.0,7.2,223.0,0.6,13.8,9.3,1,0,0,0,Former,High,0,1.7,6,1,1,1,2024-08-30,1
P101067,64,Male,31.9,134.0,58.0,85.0,96.6,36.8,12.0,178.0,5.5,304.0,1.37,12.1,4.9,0,0,0,0,Former,Moderate,2,4.8,8,3,2,8,2025-04-30,0
P101068,42,Male,22.9,130.0,80.0,84.0,96.0,35.8,17.0,97.0,5.5,201.0,0.65,15.1,7.5,0,1,1,0,Former,Moderate,0,1.9,12,1,0,16,2024-03-16,0
P101069,18,Female,33.0,95.0,91.0,91.0,95.4,36.1,15.0,130.0,5.2,171.0,1.18,10.8,7.0,0,0,0,0,Never,Low,1,1.0,3,0,1,9,2024-03-24,0
P101070,67,Male,44.2,135.0,92.0,99.0,94.2,36.9,19.0,76.0,5.2,123.0,1.36,14.1,3.2,0,1,0,1,Never,Low,0,5.2,5,0,0,17,2024-09-15,0
P101071,33,Female,16.0,144.0,80.0,80.0,98.6,37.1,20.0,185.0,5.5,141.0,0.61,14.3,4.9,0,0,0,1,Never,High,0,1.9,5,2,1,15,2025-10-27,0
P101072,73,Female,31.1,131.0,100.0,55.0,95.7,35.8,23.0,74.0,5.8,166.0,0.72,12.8,7.7,0,0,0,1,Current,High,0,2.8,4,0,0,16,2024-10-30,0
P101073,56,Female,18.1,153.0,79.0,68.0,100.0,36.2,26.0,186.0,4.8,221.0,0.91,13.1,9.5,0,0,0,0,Never,Low,2,1.8,7,2,1,19,2025-04-07,0
P101074,52,Female,29.7,151.0,75.0,102.0,96.6,37.3,19.0,108.0,6.6,180.0,1.26,13.9,5.5,0,1,0,0,Never,Low,2,3.2,6,1,1,6,2024-01-22,0
P101075,29,Male,26.4,119.0,76.0,59.0,97.1,36.2,17.0,55.0,5.9,210.0,0.77,15.4,5.2,0,0,0,0,Current,Moderate,0,1.1,3,0,0,18,2024-07-02,0
P101076,69,Male,28.2,161.0,72.0,82.0,96.6,36.8,17.0,163.0,5.5,167.0,1.08,16.2,8.3,1,0,0,0,Never,Moderate,0,5.9,5,0,1,15,2025-10-25,1
P101077,30,Male,22.8,130.0,87.0,46.0,97.1,36.1,15.0,111.0,,212.0,0.8,15.4,8.6,0,0,0,0,Never,Moderate,0,4.5,7,0,0,11,2024-10-02,0
P101078,48,Female,31.6,133.0,85.0,60.0,98.5,37.2,20.0,96.0,4.9,228.0,1.21,13.7,8.9,0,0,0,0,Never,Moderate,0,9.3,8,1,0,5,2025-01-16,0
P101079,79,Female,20.0,137.0,90.0,87.0,98.5,35.8,16.0,140.0,5.7,180.0,0.91,10.3,7.4,0,0,0,0,Never,Low,2,9.4,3,0,1,17,2024-01-21,0
P101080,85,Female,34.0,137.0,80.0,76.0,93.3,36.6,20.0,142.0,6.8,212.0,0.9,13.6,5.9,0,1,1,0,Never,Low,0,2.1,10,3,2,2,2024-06-15,1
P101081,90,Male,25.4,92.0,84.0,71.0,98.0,37.3,15.0,134.0,6.7,178.0,0.83,17.1,8.6,0,0,0,0,Never,Low,0,1.5,4,1,1,2,2025-10-25,0
P101082,87,Male,20.2,133.0,62.0,66.0,97.4,37.1,16.0,158.0,5.8,148.0,0.81,15.6,6.8,0,0,0,0,Never,Moderate,0,4.3,7,2,1,11,2024-06-05,0
P101083,58,Female,35.8,110.0,86.0,52.0,96.6,36.6,20.0,122.0,6.2,216.0,1.32,14.7,8.3,0,0,0,0,Never,Moderate,0,9.0,4,0,0,15,2025-01-15,0
P101084,32,Female,27.1,157.0,82.0,84.0,99.6,36.5,18.0,132.0,5.5,211.0,0.85,12.2,6.0,0,1,0,0,Current,High,0,2.9,3,0,0,18,2025-02-04,0
P101085,79,Female,37.4,162.0,73.0,73.0,99.7,36.7,11.0,99.0,5.3,218.0,0.82,13.1,6.6,1,1,1,0,Never,Low,3,6.3,2,6,0,13,2025-06-14,1
P101086,76,Male,33.9,150.0,83.0,58.0,98.1,36.2,18.0,143.0,6.0,231.0,0.61,15.4,8.1,0,1,0,1,Never,High,0,5.5,3,1,1,11,2025-03-16,0
P101087,90,Male,23.3,133.0,82.0,76.0,95.5,36.7,15.0,101.0,6.7,186.0,1.04,15.3,2.9,0,1,0,0,Never,Low,0,3.4,9,1,1,22,2025-03-22,1
P101088,65,Male,27.1,117.0,101.0,83.0,94.4,36.8,22.0,75.0,6.3,188.0,0.82,15.8,9.7,0,1,0,0,Never,Moderate,0,6.9,3,1,0,18,2025-11-18,0
P101089,28,Female,28.1,118.0,70.0,74.0,97.9,36.6,21.0,101.0,4.0,184.0,0.65,11.5,6.9,0,0,0,0,Never,Low,1,1.2,8,2,0,16,2025-07-11,1
P101090,54,Male,35.4,166.0,86.0,77.0,98.9,37.3,10.0,103.0,6.0,208.0,0.8,13.4,2.0,0,0,0,0,Never,Low,2,2.4,8,0,0,4,2025-05-21,0
P101091,50,Female,29.8,120.0,71.0,76.0,92.8,36.3,21.0,144.0,5.8,190.0,1.03,11.3,7.3,0,0,0,0,Current,Low,0,1.5,6,2,1,8,2024-02-02,0
P101092,79,Male,28.4,95.0,78.0,68.0,98.5,35.9,19.0,66.0,4.4,200.0,0.76,15.0,6.1,0,0,0,0,Current,Low,3,5.9,4,1,0,20,2025-03-21,0
P101093,46,Male,26.5,149.0,85.0,77.0,96.0,36.5,13.0,150.0,,168.0,0.9,14.3,4.9,0,1,1,0,Never,Moderate,2,2.0,9,1,1,13,2025-09-10,0
P101094,41,Male,27.2,156.0,79.0,85.0,93.2,36.9,21.0,89.0,6.1,156.0,1.22,14.3,10.9,0,0,0,0,Never,Low,0,1.0,6,1,0,8,2025-05-17,0
P101095,23,Female,34.3,157.0,80.0,88.0,97.3,36.7,14.0,55.0,6.7,160.0,0.76,12.2,8.7,0,0,0,0,Never,Moderate,0,2.0,3,2,1,7,2025-03-27,0
P101096,78,Female,27.5,153.0,87.0,85.0,98.1,36.7,22.0,75.0,4.7,211.0,0.79,11.9,6.7,0,0,0,1,Former,Moderate,1,2.8,9,2,0,23,2025-08-20,1
P101097,73,Female,25.4,155.0,78.0,68.0,95.9,36.2,16.0,105.0,7.0,193.0,1.36,13.2,7.1,0,0,0,0,Never,High,3,5.3,8,0,1,16,2024-02-26,0
P101098,21,Female,24.6,129.0,89.0,84.0,94.6,36.3,13.0,122.0,4.0,176.0,0.89,14.9,7.5,0,0,0,0,Former,High,0,6.1,4,0,0,22,2024-10-23,0
P101099,49,Male,24.6,97.0,79.0,82.0,99.6,36.6,25.0,107.0,7.0,220.0,0.95,17.0,3.7,0,0,0,0,Former,Low,1,2.4,4,0,1,22,2024-05-19,0
P101100,53,Male,20.2,133.0,81.0,67.0,95.3,36.5,13.0,70.0,5.6,250.0,1.15,17.0,12.3,0,0,0,0,Former,Moderate,1,1.0,2,0,2,14,2024-07-16,0
P101101,52,Female,23.6,143.0,86.0,70.0,98.6,37.3,15.0,85.0,5.2,176.0,0.98,12.5,7.1,0,0,0,0,Never,Moderate,0,3.2,9,1,0,18,2024-07-04,0
P101102,85,Male,35.3,134.0,86.0,84.0,93.8,36.9,16.0,77.0,6.5,154.0,1.12,12.8,10.6,0,0,0,0,Never,Moderate,1,1.5,7,2,0,10,2025-11-22,0
P101103,28,Male,26.4,126.0,87.0,93.0,97.2,36.5,16.0,117.0,4.7,231.0,0.49,15.9,5.3,0,0,0,0,Never,Moderate,0,1.0,2,0,0,26,2024-07-22,0
P101104,40,Female,31.2,114.0,85.0,54.0,97.2,37.3,20.0,107.0,6.1,196.0,0.73,15.1,8.2,0,0,0,0,Never,Moderate,0,6.8,6,1,0,12,2024-03-30,0
P101105,31,Female,16.0,113.0,86.0,96.0,98.1,37.0,18.0,130.0,5.5,188.0,1.46,13.8,4.6,0,0,0,0,Never,Low,1,2.8,3,1,1,18,2025-12-05,0
P101106,35,Male,30.5,161.0,78.0,90.0,99.2,36.1,22.0,55.0,4.0,234.0,0.66,14.6,2.0,0,0,0,0,Never,Moderate,0,1.2,5,1,0,23,2025-08-19,0
P101107,84,Female,26.7,168.0,73.0,78.0,95.0,35.2,19.0,99.0,5.5,185.0,1.12,12.3,8.8,1,0,0,0,Former,High,1,2.5,9,2,0,19,2024-01-02,0
P101108,86,Female,25.0,136.0,70.0,73.0,97.4,36.1,12.0,189.0,6.4,210.0,1.6,14.1,7.4,0,0,0,0,Never,High,2,2.6,3,0,2,14,2024-01-29,0
P101109,21,Female,28.4,133.0,64.0,81.0,94.0,37.1,20.0,129.0,6.4,201.0,1.11,14.1,5.9,0,0,0,0,Never,Low,1,7.5,2,0,0,10,2024-02-07,0
P101110,64,Female,24.9,117.0,100.0,68.0,94.0,37.2,19.0,104.0,6.3,318.0,1.12,13.6,2.0,0,1,0,0,Never,Moderate,0,1.1,6,2,1,21,2024-04-25,0
P101111,34,Male,16.5,141.0,59.0,74.0,95.5,36.0,16.0,75.0,6.6,190.0,0.73,12.9,6.1,0,0,0,0,Former,Moderate,0,1.1,3,1,1,17,2025-08-31,0
P101112,32,Male,32.3,160.0,93.0,58.0,97.2,37.1,25.0,148.0,4.8,231.0,0.77,13.1,7.5,1,0,0,0,Former,Moderate,1,5.9,4,0,1,7,2025-09-18,0
P101113,39,Female,28.8,105.0,73.0,55.0,99.5,37.1,20.0,164.0,6.3,185.0,0.88,13.1,4.8,0,0,1,0,Never,Moderate,1,11.3,2,1,1,11,2024-08-12,0
P101114,32,Male,25.9,138.0,93.0,104.0,99.8,37.5,21.0,69.0,6.3,212.0,1.04,16.2,7.3,1,0,0,0,Current,High,0,1.8,5,1,0,16,2024-09-14,0
P101115,53,Male,22.5,142.0,60.0,77.0,95.9,37.3,21.0,76.0,4.4,188.0,1.37,16.0,5.7,0,0,0,0,Never,Moderate,3,1.2,5,1,0,22,2024-12-28,0
P101116,90,Female,19.9,146.0,82.0,78.0,97.0,37.5,17.0,129.0,7.3,225.0,1.15,12.6,4.6,1,1,0,0,Former,High,1,2.4,11,2,1,1,2025-12-12,1
P101117,60,Male,28.7,161.0,97.0,76.0,98.2,37.0,20.0,127.0,6.2,191.0,0.87,11.9,6.7,0,1,0,0,Never,Moderate,0,6.7,5,2,0,15,2024-03-23,1
P101118,70,Female,35.9,169.0,90.0,66.0,97.9,37.0,19.0,132.0,5.8,214.0,1.03,15.2,2.7,1,1,0,1,Never,High,2,3.2,6,2,0,15,2024-12-09,1
P101119,54,Male,28.6,129.0,79.0,72.0,96.2,36.6,16.0,177.0,5.6,166.0,1.16,16.5,8.0,0,0,0,0,Former,Moderate,1,3.4,3,1,1,7,2024-12-25,0
P101120,19,Male,20.3,140.0,61.0,77.0,96.6,37.2,14.0,72.0,4.5,165.0,1.0,14.8,7.2,0,0,0,0,Never,Low,1,3.5,5,1,0,21,2025-07-08,0
P101121,24,Female,28.7,130.0,67.0,74.0,96.3,36.1,18.0,109.0,6.1,123.0,0.85,12.6,8.2,0,0,0,0,Never,Moderate,1,1.9,6,3,0,12,2025-01-02,0
P101122,37,Female,27.2,120.0,95.0,67.0,96.1,36.7,20.0,135.0,5.9,209.0,0.65,12.7,9.3,0,0,0,0,Never,Low,0,1.5,6,0,0,22,2025-11-16,0
P101123,35,Male,32.0,135.0,78.0,82.0,95.9,37.1,18.0,134.0,6.1,170.0,1.26,16.0,6.5,0,1,0,0,Never,Low,0,3.9,8,0,0,12,2024-05-09,0
P101124,79,Male,30.7,147.0,83.0,78.0,96.3,37.5,17.0,95.0,6.2,278.0,1.01,15.4,2.0,1,0,0,0,Never,High,0,1.3,6,1,1,16,2024-01-31,1
P101125,79,Male,16.0,139.0,87.0,81.0,95.8,36.6,18.0,96.0,6.3,177.0,1.16,14.0,6.5,0,1,0,0,Never,High,0,1.0,3,0,0,22,2025-03-12,0
P101126,80,Male,30.3,121.0,71.0,84.0,94.5,37.3,17.0,101.0,5.9,242.0,0.9,17.9,4.7,1,0,0,0,Never,Low,0,13.2,5,2,1,7,2024-08-13,1
P101127,64,Female,22.3,126.0,87.0,74.0,98.1,36.7,23.0,174.0,6.9,238.0,0.85,10.9,9.9,0,0,0,0,Never,Moderate,0,1.7,4,4,3,1,2025-10-17,0
P101128,58,Male,20.1,125.0,78.0,74.0,97.4,37.3,19.0,79.0,6.4,186.0,1.16,13.7,6.3,0,0,0,0,Current,High,1,1.3,4,0,0,10,2024-02-04,0
P101129,65,Male,26.5,119.0,86.0,94.0,99.9,36.4,16.0,103.0,6.1,167.0,0.69,13.7,8.7,0,0,1,0,Never,Low,1,5.5,9,0,0,11,2024-06-10,0
P101130,47,Male,29.6,137.0,76.0,65.0,97.2,37.2,12.0,139.0,5.6,190.0,0.67,14.8,9.9,0,0,0,0,Former,High,0,7.3,2,0,0,14,2025-05-11,0
P101131,66,Male,19.0,141.0,67.0,54.0,95.7,36.8,17.0,77.0,4.4,238.0,1.47,16.3,5.5,0,1,0,0,Never,High,2,2.6,3,2,1,11,2024-12-26,0
P101132,75,Female,31.2,152.0,79.0,83.0,95.4,36.2,16.0,126.0,4.3,282.0,1.31,14.4,7.2,0,0,0,0,Never,High,2,5.9,4,2,1,15,2024-12-01,0
P101133,73,Male,31.5,120.0,90.0,68.0,96.6,36.7,16.0,55.0,5.7,148.0,1.19,,7.1,0,0,1,0,Never,High,1,2.6,9,4,0,13,2024-12-14,0
P101134,62,Female,27.7,124.0,87.0,63.0,97.5,37.5,21.0,121.0,7.1,196.0,0.74,11.2,11.4,1,1,0,0,Never,Moderate,0,1.0,9,1,2,16,2025-01-13,1
P101135,22,Male,23.0,155.0,81.0,87.0,96.1,36.3,18.0,109.0,4.8,172.0,0.98,16.0,9.5,0,0,0,0,Never,High,1,3.7,4,0,0,14,2025-09-16,0
P101136,70,Male,22.4,132.0,92.0,74.0,93.9,36.1,12.0,121.0,5.4,181.0,1.04,12.9,4.9,0,1,0,0,Former,Low,0,2.8,5,0,0,9,2025-12-13,1
P101137,44,Female,32.8,132.0,80.0,61.0,95.2,37.0,20.0,81.0,4.9,260.0,,12.6,5.8,0,0,0,0,Former,Low,0,1.0,3,0,1,7,2024-10-22,0
P101138,72,Male,19.6,132.0,84.0,99.0,96.5,36.0,12.0,124.0,4.9,166.0,1.04,14.5,6.1,1,0,0,0,Never,Moderate,0,1.0,8,1,0,24,2025-12-08,0
P101139,57,Male,33.0,152.0,78.0,57.0,97.8,37.6,20.0,112.0,5.1,134.0,0.62,13.4,5.4,1,0,0,0,Never,Low,1,2.1,9,1,0,2,2024-11-30,1
P101140,82,Male,26.6,156.0,93.0,75.0,93.8,37.6,16.0,163.0,6.4,203.0,0.52,13.4,6.4,0,1,1,0,Never,Moderate,1,6.2,8,2,1,18,2025-02-17,1
P101141,42,Male,27.0,150.0,84.0,53.0,97.0,37.3,18.0,133.0,5.3,209.0,1.06,15.9,5.9,0,0,0,0,Former,Moderate,1,2.0,4,0,0,9,2024-10-24,0
P101142,85,Female,18.6,137.0,79.0,79.0,96.9,36.8,18.0,68.0,5.7,179.0,1.15,15.4,7.1,0,0,0,0,Current,Moderate,1,3.7,5,2,0,16,2024-03-31,0
P101143,79,Female,26.7,121.0,69.0,68.0,95.7,37.6,17.0,88.0,5.6,169.0,1.16,13.1,6.8,0,0,1,0,Former,Low,0,6.9,9,5,0,18,2025-08-27,1
P101144,42,Male,30.7,164.0,93.0,86.0,95.4,37.5,19.0,89.0,5.9,201.0,1.19,11.9,9.3,0,0,0,0,Never,High,1,5.6,3,0,0,19,2024-07-14,0
P101145,53,Female,20.6,147.0,75.0,76.0,95.2,36.5,18.0,119.0,6.2,144.0,1.15,13.6,5.5,0,0,0,0,Former,Moderate,0,4.9,6,0,0,20,2025-09-09,0
P101146,56,Female,30.1,125.0,83.0,92.0,96.8,37.5,25.0,107.0,4.2,211.0,1.43,12.2,3.7,0,0,0,0,Former,Moderate,0,3.2,3,0,1,9,2024-08-05,0
P101147,74,Female,28.0,159.0,107.0,71.0,98.5,36.3,19.0,110.0,5.4,182.0,1.4,13.7,6.0,0,0,0,1,Former,Moderate,3,13.6,5,1,0,18,2024-03-28,0
P101148,68,Male,24.2,125.0,91.0,57.0,98.7,36.7,19.0,214.0,5.9,248.0,,15.0,5.8,0,1,0,0,Former,Moderate,1,1.6,4,1,2,14,2024-04-28,1
P101149,80,Female,31.9,160.0,100.0,79.0,94.5,35.9,16.0,99.0,6.6,207.0,1.13,10.4,9.9,1,0,1,0,Never,High,3,2.1,9,3,2,20,2024-01-05,0
P101150,45,Male,16.0,157.0,76.0,73.0,96.2,36.9,19.0,160.0,5.9,189.0,1.05,14.0,8.7,0,0,0,0,Never,Moderate,2,2.0,6,3,1,8,2025-08-07,0
P101151,54,Female,29.3,117.0,93.0,54.0,92.6,36.7,14.0,108.0,6.6,186.0,0.58,14.1,9.6,0,0,0,0,Never,Moderate,1,5.2,1,1,1,32,2025-09-23,0
P101152,49,Female,35.9,142.0,82.0,63.0,96.7,36.6,22.0,55.0,4.5,122.0,1.25,13.1,8.9,0,0,0,0,Former,High,2,7.1,2,0,0,10,2025-06-05,0
P101153,84,Male,35.0,149.0,88.0,67.0,97.6,36.7,13.0,125.0,6.6,190.0,1.27,13.0,3.1,0,0,0,1,Never,Moderate,0,1.5,7,5,1,8,2024-04-17,0
P101154,40,Male,29.5,175.0,102.0,95.0,99.3,36.5,15.0,149.0,7.5,187.0,0.51,15.6,5.3,0,0,0,0,Never,High,1,3.6,2,1,2,8,2025-05-14,0
P101155,60,Female,25.9,121.0,80.0,84.0,93.3,36.8,12.0,136.0,6.0,197.0,1.46,10.7,4.0,0,1,0,0,Never,Moderate,1,2.4,6,1,2,9,2024-08-20,0
P101156,26,Male,24.2,153.0,81.0,72.0,94.5,37.4,19.0,117.0,5.6,188.0,0.81,15.0,10.1,0,0,0,0,Former,Moderate,2,1.0,8,1,0,7,2025-12-27,0
P101157,80,Female,25.9,136.0,75.0,82.0,96.8,36.3,17.0,118.0,6.6,249.0,1.06,12.4,8.7,0,0,0,0,Never,Moderate,1,1.9,3,0,2,18,2025-03-11,0
P101158,46,Female,30.3,110.0,91.0,52.0,93.6,37.2,20.0,94.0,5.3,185.0,0.95,13.9,7.8,0,0,0,0,Never,Moderate,0,3.0,6,0,0,27,2024-01-15,0
P101159,42,Male,23.3,129.0,76.0,69.0,96.8,36.9,15.0,142.0,4.9,163.0,0.93,14.3,5.9,0,0,0,0,Former,High,0,1.0,4,0,1,18,2024-10-27,0
P101160,60,Male,31.4,133.0,93.0,81.0,97.6,37.0,20.0,99.0,6.0,132.0,1.7,15.3,6.1,0,1,0,0,Never,Low,0,4.2,3,1,1,18,2024-08-03,0
P101161,54,Male,38.6,114.0,66.0,78.0,94.2,36.8,20.0,90.0,4.4,178.0,0.94,,5.3,0,1,0,0,Former,High,1,3.6,6,1,0,10,2025-06-02,0
P101162,79,Male,27.2,141.0,89.0,70.0,96.7,36.4,19.0,132.0,6.5,155.0,1.0,15.6,8.3,0,0,0,0,Never,High,2,3.5,6,4,0,2,2024-02-26,0
P101163,56,Male,20.5,149.0,76.0,76.0,94.3,37.0,18.0,103.0,6.4,146.0,1.02,15.6,7.2,0,0,1,0,Former,Moderate,2,2.3,10,4,0,16,2025-05-15,1
P101164,55,Male,20.5,137.0,90.0,80.0,99.0,37.1,18.0,158.0,4.4,183.0,0.78,15.5,8.4,0,0,1,0,Never,Moderate,2,3.9,4,3,1,11,2024-02-06,0
P101165,25,Female,31.5,120.0,80.0,76.0,96.9,36.4,15.0,124.0,5.6,238.0,1.01,10.6,7.8,0,0,0,0,Never,Moderate,1,1.1,2,0,1,25,2024-12-29,0
P101166,19,Male,27.2,126.0,75.0,86.0,95.3,36.1,14.0,79.0,5.2,231.0,0.68,14.7,8.7,0,0,0,0,Former,Moderate,0,1.3,3,1,0,19,2024-04-20,0
P101167,47,Female,32.1,132.0,78.0,80.0,94.3,36.8,20.0,71.0,7.1,146.0,1.13,,8.0,0,0,0,1,Former,High,1,4.7,5,2,1,1,2024-02-28,0
P101168,90,Female,24.7,140.0,76.0,82.0,97.2,37.2,17.0,99.0,7.5,196.0,0.83,14.0,9.2,1,0,0,0,Never,Moderate,2,11.9,8,2,1,8,2025-10-19,0
P101169,84,Female,31.8,155.0,92.0,97.0,98.9,37.3,20.0,200.0,7.0,211.0,0.94,13.1,8.5,0,1,0,1,Former,High,1,1.6,8,2,2,16,2024-03-06,1
P101170,63,Female,26.7,138.0,72.0,86.0,95.1,37.4,23.0,106.0,7.0,217.0,0.76,14.3,6.0,1,0,0,0,Never,Moderate,1,2.8,5,1,1,8,2025-05-13,1
P101171,64,Male,23.7,110.0,80.0,97.0,95.7,37.0,16.0,141.0,5.6,256.0,0.89,13.2,8.0,0,0,0,0,Current,Moderate,2,2.9,5,1,2,11,2025-01-27,0
P101172,46,Female,25.4,122.0,85.0,68.0,95.1,36.7,16.0,66.0,6.0,,0.49,16.2,7.6,0,0,0,0,Never,Moderate,0,3.0,2,1,0,10,2024-05-25,0
P101173,30,Male,21.3,132.0,97.0,57.0,99.3,36.8,17.0,70.0,5.3,161.0,0.4,15.4,6.6,0,0,0,0,Never,Low,0,3.8,5,0,0,25,2024-10-16,0
P101174,18,Male,37.8,147.0,80.0,74.0,93.1,36.2,18.0,100.0,4.5,170.0,0.81,13.2,7.0,0,0,0,0,Never,Low,0,2.0,1,0,0,17,2025-09-06,1
P101175,42,Male,27.0,153.0,79.0,73.0,98.8,36.5,20.0,170.0,5.8,209.0,0.55,16.6,9.0,0,0,0,0,Former,High,0,5.3,7,0,1,16,2024-04-16,1
P101176,41,Female,30.9,161.0,84.0,94.0,95.8,36.8,18.0,65.0,5.6,92.0,1.46,11.5,8.1,0,0,1,0,Former,High,1,3.6,5,1,1,14,2025-03-23,0
P101177,31,Female,24.7,132.0,60.0,62.0,96.4,36.7,25.0,87.0,5.4,186.0,0.84,13.2,8.9,1,0,0,0,Former,High,0,1.8,6,1,0,19,2025-02-14,0
P101178,36,Female,22.0,143.0,69.0,75.0,95.9,36.8,19.0,141.0,5.6,127.0,1.16,13.4,7.1,0,1,0,0,Current,Low,1,5.7,5,1,1,7,2025-01-30,1
P101179,19,Female,26.3,104.0,76.0,81.0,96.9,36.1,21.0,162.0,5.5,195.0,0.99,12.6,9.3,0,0,0,0,Never,Moderate,1,2.4,3,1,1,21,2024-05-26,0
P101180,62,Male,33.2,141.0,76.0,77.0,95.2,36.2,18.0,129.0,6.7,274.0,0.74,14.4,8.5,0,1,1,0,Former,Low,0,5.7,4,2,2,12,2025-01-14,1
P101181,85,Female,24.8,118.0,68.0,74.0,98.4,37.2,22.0,142.0,5.7,229.0,0.99,13.3,5.4,0,0,1,0,Never,Moderate,1,6.6,2,2,1,14,2025-02-19,0
P101182,68,Male,23.0,133.0,92.0,80.0,98.5,36.4,17.0,84.0,4.9,148.0,1.26,13.0,6.3,0,1,0,0,Never,Low,1,2.7,4,2,0,18,2024-03-11,0
P101183,50,Female,28.3,184.0,85.0,89.0,94.7,36.5,16.0,66.0,6.4,179.0,1.19,13.6,5.3,0,0,0,0,Never,Moderate,0,1.0,2,0,0,19,2024-10-16,0
P101184,48,Male,30.1,137.0,83.0,94.0,97.7,36.8,21.0,72.0,6.5,161.0,1.24,14.6,4.8,1,1,0,0,Current,Low,1,3.7,8,1,0,20,2024-01-22,1
P101185,40,Female,36.0,116.0,74.0,76.0,95.9,36.3,18.0,80.0,6.0,244.0,0.79,16.1,12.4,0,0,0,0,Current,Moderate,1,6.9,3,2,2,5,2024-05-05,0
P101186,28,Male,29.3,136.0,81.0,66.0,96.6,37.4,19.0,116.0,4.5,111.0,1.1,16.8,10.3,0,0,0,0,Current,Low,0,3.3,6,3,0,21,2025-01-26,0
P101187,61,Female,30.8,125.0,88.0,94.0,99.2,36.2,21.0,71.0,5.8,178.0,0.86,12.1,9.3,0,0,0,0,Former,High,0,4.5,4,2,0,1,2024-09-08,0
P101188,59,Male,31.2,117.0,80.0,63.0,95.3,36.8,18.0,122.0,6.2,169.0,1.31,14.4,7.9,0,0,0,0,Former,Low,0,1.7,6,0,0,21,2025-03-18,0
P101189,18,Male,21.5,164.0,85.0,97.0,98.2,36.4,17.0,95.0,4.5,150.0,1.18,13.6,5.9,0,0,0,0,Never,Low,1,3.2,4,1,0,14,2024-06-20,0
P101190,48,Female,22.5,150.0,74.0,92.0,97.3,36.9,16.0,92.0,5.1,258.0,0.61,12.8,4.8,0,0,0,0,Never,Low,0,2.8,8,1,1,28,2024-09-28,1
P101191,38,Male,21.9,136.0,82.0,94.0,96.2,36.6,22.0,141.0,5.5,135.0,1.04,15.9,6.6,0,0,0,0,Never,Low,1,3.3,5,0,1,16,2025-10-12,0
P101192,30,Male,20.6,123.0,92.0,84.0,97.2,36.8,17.0,75.0,6.6,150.0,0.63,14.4,5.6,0,0,0,0,Current,Moderate,0,5.3,2,0,1,21,2025-12-26,0
P101193,69,Male,31.6,129.0,95.0,51.0,96.9,37.4,18.0,166.0,6.2,256.0,1.29,13.9,8.4,0,0,0,0,Former,Moderate,1,1.0,2,2,2,1,2024-01-28,1
P101194,56,Male,29.0,159.0,96.0,64.0,94.4,36.5,19.0,142.0,5.4,191.0,0.7,15.5,7.3,1,0,0,0,Never,Moderate,0,1.1,5,3,1,3,2024-11-20,1
P101195,64,Male,27.9,139.0,86.0,80.0,95.4,36.5,19.0,80.0,5.8,188.0,,11.7,8.7,0,0,0,0,Former,Moderate,2,6.8,9,3,0,12,2025-03-26,0
P101196,70,Female,16.0,90.0,84.0,68.0,94.6,36.6,22.0,158.0,5.4,171.0,1.27,12.6,7.5,0,1,1,0,Former,Moderate,2,4.7,10,0,1,21,2024-09-11,1
P101197,89,Male,38.2,178.0,80.0,72.0,96.0,37.5,18.0,80.0,5.9,195.0,1.14,16.7,3.6,0,1,1,1,Current,Moderate,4,8.3,9,7,0,2,2025-02-28,1
P101198,76,Male,22.8,138.0,65.0,83.0,98.9,36.8,23.0,162.0,6.8,179.0,1.32,16.7,6.7,0,0,0,0,Former,Moderate,0,2.2,4,0,2,21,2024-03-23,1
P101199,63,Male,38.2,139.0,69.0,74.0,97.5,37.4,17.0,126.0,4.2,167.0,1.12,16.6,7.8,1,0,1,0,Former,Low,1,4.6,7,0,0,19,2024-06-17,1
P101200,82,Female,20.0,154.0,82.0,61.0,93.9,36.7,19.0,62.0,7.4,142.0,1.53,11.4,7.5,0,0,0,0,Former,Low,0,3.5,8,1,2,26,2025-03-06,0
P101201,52,Female,23.3,140.0,81.0,87.0,96.0,37.4,17.0,67.0,7.8,197.0,0.7,11.3,5.9,0,0,0,0,Former,Low,0,5.5,8,0,1,12,2025-06-06,0
P101202,89,Male,16.0,149.0,98.0,82.0,96.9,37.0,25.0,105.0,6.4,172.0,1.01,13.9,6.0,0,0,0,0,Never,Low,0,1.2,5,1,0,25,2025-03-08,1
P101203,73,Male,29.4,128.0,97.0,73.0,97.8,37.1,17.0,147.0,5.3,177.0,0.53,14.6,5.7,0,0,0,0,Never,Moderate,1,5.6,6,1,1,17,2025-04-09,0
P101204,65,Male,21.8,113.0,76.0,85.0,95.3,36.1,17.0,109.0,7.0,220.0,0.96,13.5,3.7,0,0,0,0,Former,High,2,1.6,8,1,1,15,2024-09-10,1
P101205,83,Female,21.9,141.0,92.0,77.0,94.3,36.0,18.0,111.0,6.4,176.0,0.77,10.7,6.9,1,0,0,0,Current,Moderate,0,8.8,3,1,1,10,2025-10-17,1
P101206,55,Female,20.4,157.0,78.0,92.0,96.4,37.3,17.0,114.0,5.4,191.0,0.63,14.6,8.6,0,0,0,0,Never,High,0,1.4,2,0,0,21,2025-01-02,0
P101207,70,Female,31.5,123.0,90.0,78.0,97.5,37.3,19.0,55.0,5.2,259.0,0.62,14.3,6.0,0,0,0,1,Never,Moderate,1,6.4,4,3,1,3,2025-08-09,0
P101208,38,Male,31.2,118.0,89.0,92.0,96.9,38.0,22.0,139.0,5.3,210.0,0.83,13.7,4.5,0,0,0,0,Current,Low,2,3.9,3,0,0,18,2024-09-23,0
P101209,88,Female,36.9,157.0,97.0,54.0,94.9,36.1,19.0,166.0,6.4,174.0,1.19,14.3,9.0,0,0,0,0,Never,Moderate,0,7.8,4,2,1,2,2024-05-29,1
P101210,63,Male,23.9,126.0,78.0,82.0,99.7,37.0,19.0,142.0,6.8,153.0,1.17,16.0,9.7,0,0,0,1,Never,Moderate,0,3.5,6,1,2,17,2025-07-14,1
P101211,75,Female,28.6,128.0,94.0,71.0,96.3,36.3,17.0,102.0,6.4,190.0,1.36,9.6,6.1,0,1,1,0,Current,Moderate,0,3.3,4,0,1,13,2024-07-11,0
P101212,51,Female,20.8,126.0,63.0,66.0,96.8,36.4,16.0,81.0,6.2,225.0,1.27,14.2,5.1,0,1,0,0,Former,Low,0,2.4,4,0,0,25,2024-06-13,0
P101213,81,Male,25.8,135.0,97.0,90.0,95.3,36.5,18.0,80.0,5.9,173.0,0.78,14.5,6.7,0,0,0,0,Never,Low,1,2.7,4,3,0,18,2024-12-28,0
P101214,23,Female,24.8,102.0,80.0,87.0,98.5,37.0,18.0,67.0,6.2,193.0,0.71,9.4,7.6,0,0,0,0,Current,High,3,4.1,5,0,1,23,2024-04-06,0
P101215,26,Female,29.9,120.0,81.0,52.0,97.5,36.5,22.0,187.0,5.3,172.0,0.98,14.7,6.1,0,0,0,0,Never,Moderate,0,6.6,2,2,1,7,2025-03-08,0
P101216,55,Male,32.8,137.0,62.0,85.0,97.1,36.8,15.0,110.0,7.5,180.0,1.07,14.7,3.9,1,0,0,0,Former,Moderate,1,4.5,5,0,1,26,2025-04-03,0
P101217,71,Male,32.7,138.0,79.0,83.0,94.4,37.2,23.0,147.0,5.5,146.0,1.45,12.2,8.9,0,1,0,0,Never,High,0,3.3,6,1,2,15,2025-12-06,1
P101218,77,Male,23.1,155.0,97.0,67.0,98.5,37.4,17.0,147.0,6.5,203.0,1.0,15.2,7.5,0,0,0,0,Never,Moderate,2,3.3,5,0,1,7,2024-11-07,1
P101219,50,Female,32.7,163.0,78.0,66.0,97.9,37.1,19.0,117.0,7.8,198.0,1.21,13.5,10.1,0,0,0,0,Never,Moderate,3,7.5,6,1,1,12,2024-03-12,0
P101220,65,Male,27.3,160.0,90.0,57.0,98.3,37.0,14.0,82.0,6.9,249.0,1.0,15.4,7.1,0,1,0,0,Never,High,0,4.5,5,0,2,14,2024-06-09,0
P101221,58,Male,25.8,149.0,83.0,72.0,96.6,36.7,20.0,132.0,6.6,197.0,1.12,11.7,9.9,0,0,0,0,Former,Low,0,4.2,1,0,1,17,2025-09-18,0
P101222,88,Female,23.8,134.0,95.0,74.0,96.4,36.5,15.0,81.0,6.5,165.0,1.22,12.7,6.5,0,0,0,1,Former,Moderate,0,6.3,5,1,0,31,2024-11-08,1
P101223,65,Male,24.6,123.0,85.0,86.0,96.2,37.1,19.0,136.0,6.0,248.0,1.04,13.1,5.8,0,0,0,0,Never,Low,0,3.9,5,0,1,10,2024-01-30,0
P101224,48,Male,36.6,132.0,73.0,79.0,100.0,36.3,19.0,75.0,5.6,206.0,0.72,14.4,6.0,0,0,0,0,Current,Low,0,1.8,7,1,0,16,2025-08-11,0
P101225,88,Female,29.1,147.0,85.0,63.0,95.5,36.9,17.0,104.0,5.8,200.0,1.19,10.7,10.6,0,0,0,0,Never,High,1,3.1,5,2,1,9,2025-02-15,0
P101226,25,Female,28.4,143.0,97.0,79.0,94.4,36.3,11.0,92.0,4.1,192.0,1.11,11.5,6.6,0,0,0,0,Never,Moderate,2,11.9,5,3,0,10,2025-04-19,1
P101227,89,Female,26.1,147.0,89.0,73.0,95.8,36.8,26.0,168.0,6.8,198.0,1.15,15.5,10.2,0,1,0,0,Never,Moderate,1,2.2,6,2,2,21,2024-07-01,0
P101228,29,Male,40.2,127.0,80.0,65.0,95.5,36.3,14.0,55.0,4.2,160.0,0.4,16.3,6.1,0,0,0,0,Never,Low,1,1.8,6,0,0,19,2025-04-16,0
P101229,39,Male,34.3,144.0,104.0,57.0,98.8,36.6,19.0,192.0,6.3,189.0,0.92,16.1,4.2,0,0,0,0,Current,Moderate,0,1.2,4,0,1,21,2025-07-08,1
P101230,77,Male,23.8,157.0,95.0,83.0,94.1,36.5,15.0,89.0,5.8,184.0,1.27,16.8,8.4,0,1,0,0,Never,Moderate,4,2.6,7,3,0,17,2024-02-16,0
P101231,71,Female,26.1,149.0,91.0,81.0,95.5,36.4,22.0,111.0,5.2,206.0,0.79,10.4,5.7,1,1,0,0,Never,Low,1,6.9,8,2,1,14,2024-03-10,0
P101232,88,Male,26.4,136.0,87.0,83.0,96.8,36.8,17.0,133.0,7.5,235.0,1.41,14.5,7.6,0,1,0,0,Never,Low,3,2.5,3,2,2,16,2024-03-29,1
P101233,72,Male,28.3,120.0,91.0,67.0,98.8,35.6,15.0,127.0,4.8,229.0,0.89,15.0,7.4,1,1,0,0,Former,Low,0,9.2,4,0,0,23,2024-04-15,1
P101234,64,Female,23.9,119.0,90.0,78.0,97.8,35.9,20.0,144.0,5.4,212.0,0.95,12.6,7.4,0,0,0,0,Former,High,0,3.4,5,0,1,17,2024-11-20,0
P101235,43,Female,29.8,120.0,60.0,59.0,99.4,37.2,14.0,132.0,5.2,127.0,1.04,10.4,10.3,1,0,0,0,Never,Moderate,1,6.1,0,1,1,11,2024-11-17,0
P101236,18,Female,35.1,133.0,84.0,64.0,97.1,36.9,17.0,178.0,5.6,176.0,0.65,14.5,7.5,0,1,1,0,Never,Moderate,0,1.5,5,2,1,13,2024-05-19,1
P101237,27,Male,20.7,138.0,79.0,76.0,96.1,36.4,20.0,133.0,5.0,123.0,1.19,15.5,7.2,0,1,0,0,Former,Low,0,1.0,8,3,0,16,2024-08-12,1
P101238,39,Female,21.6,107.0,76.0,79.0,98.0,37.3,23.0,106.0,7.0,233.0,1.32,12.3,6.3,0,0,0,0,Current,Moderate,0,7.2,2,1,1,9,2025-05-26,0
P101239,20,Male,25.0,120.0,78.0,56.0,94.0,36.5,15.0,87.0,4.2,188.0,0.6,15.9,8.1,0,0,0,0,Never,Low,2,2.1,5,2,0,15,2025-07-10,0
P101240,55,Female,25.2,137.0,67.0,63.0,93.4,36.5,16.0,93.0,9.5,187.0,0.96,13.4,7.9,0,0,0,0,Never,High,4,2.3,4,1,1,11,2025-06-18,1
P101241,74,Male,37.9,120.0,65.0,72.0,98.3,36.4,19.0,162.0,5.1,166.0,1.6,15.6,6.2,0,0,0,0,Never,Low,1,8.0,6,1,2,8,2025-01-23,0
P101242,88,Female,32.7,144.0,97.0,88.0,96.9,37.8,11.0,180.0,8.9,240.0,1.42,11.8,8.9,1,1,1,0,Never,Low,2,7.3,8,2,3,6,2025-04-09,1
P101243,53,Male,32.4,127.0,87.0,66.0,98.2,36.9,23.0,148.0,6.8,196.0,0.56,15.0,6.6,0,0,0,0,Former,Moderate,0,3.9,5,0,2,22,2025-11-30,0
P101244,81,Female,26.1,123.0,60.0,78.0,95.0,36.9,15.0,55.0,6.1,188.0,1.42,13.6,8.2,1,0,0,0,Never,Moderate,1,2.6,7,2,1,13,2025-07-18,0
P101245,89,Male,26.0,138.0,79.0,79.0,98.8,37.0,16.0,55.0,6.5,197.0,,14.3,4.3,1,0,0,0,Never,High,1,8.5,5,3,0,19,2024-06-14,0
P101246,80,Female,20.0,142.0,93.0,73.0,97.7,35.9,19.0,117.0,5.8,200.0,1.26,9.2,8.8,0,1,0,1,Never,High,2,5.1,5,1,1,19,2025-05-06,1
P101247,51,Male,31.6,118.0,79.0,79.0,96.4,36.5,18.0,106.0,6.1,187.0,0.76,14.9,5.6,0,0,0,0,Never,High,0,4.2,6,1,0,26,2025-10-06,0
P101248,41,Male,30.1,127.0,94.0,60.0,96.9,37.0,15.0,111.0,5.0,240.0,1.1,15.0,8.4,0,0,0,0,Never,Moderate,0,2.1,4,2,0,11,2024-04-09,0
P101249,89,Male,34.2,145.0,95.0,68.0,97.1,36.8,24.0,163.0,6.9,240.0,1.19,13.2,9.6,0,1,0,0,Former,Low,0,3.5,7,0,2,10,2025-10-08,1
P101250,35,Female,26.4,117.0,68.0,93.0,95.0,37.9,10.0,151.0,5.8,196.0,0.99,14.1,7.8,0,1,1,0,Former,Moderate,0,3.1,8,3,1,14,2025-02-22,1
P101251,48,Male,26.8,104.0,80.0,94.0,95.8,36.5,14.0,118.0,4.9,163.0,1.16,15.0,9.3,0,1,0,0,Current,Low,1,4.2,3,2,0,20,2024-06-14,0
P101252,23,Male,28.4,103.0,76.0,86.0,97.1,37.3,16.0,55.0,5.9,205.0,0.78,15.2,4.8,0,0,0,0,Never,Moderate,0,9.8,3,1,0,22,2024-05-24,0
P101253,75,Female,32.1,128.0,70.0,89.0,95.7,37.2,15.0,73.0,6.4,170.0,0.91,12.6,6.8,0,1,0,1,Never,High,1,3.2,7,2,0,15,2025-07-03,0
P101254,65,Male,,111.0,68.0,54.0,93.9,36.9,22.0,117.0,5.3,247.0,1.31,12.0,5.7,0,1,0,0,Never,Moderate,0,2.1,5,2,1,26,2024-03-13,0
P101255,24,Male,31.3,123.0,72.0,65.0,97.0,37.0,12.0,122.0,5.1,252.0,0.92,12.1,5.7,0,0,0,0,Never,Moderate,0,3.0,2,2,1,17,2025-10-18,0
P101256,34,Female,27.4,158.0,75.0,72.0,98.0,36.7,23.0,67.0,6.1,220.0,0.79,14.2,3.8,0,0,0,0,Never,High,1,2.5,4,3,0,18,2025-06-02,0
P101257,58,Female,22.0,110.0,85.0,105.0,98.4,35.8,17.0,137.0,6.9,148.0,0.97,11.6,7.2,0,0,0,0,Never,Moderate,0,2.2,6,0,1,7,2025-10-24,1
P101258,57,Female,16.7,128.0,93.0,72.0,97.5,37.0,13.0,55.0,5.8,175.0,0.95,12.0,8.9,0,0,0,0,Former,Low,0,1.7,6,1,0,12,2024-11-19,0
P101259,76,Female,26.8,171.0,89.0,85.0,98.0,37.0,11.0,55.0,6.9,185.0,0.98,14.5,9.5,0,0,0,0,Former,Moderate,1,4.3,3,3,1,1,2024-02-02,0
P101260,37,Male,35.0,137.0,89.0,81.0,98.3,37.1,17.0,79.0,6.7,160.0,1.09,11.4,4.9,0,1,0,0,Never,Moderate,1,2.1,3,1,1,8,2025-10-01,0
P101261,85,Male,36.2,130.0,81.0,80.0,96.6,36.8,16.0,166.0,7.4,181.0,0.86,12.2,6.0,0,0,1,0,Former,Moderate,0,7.2,2,2,2,16,2024-03-10,0
P101262,50,Male,29.3,129.0,88.0,76.0,92.7,37.3,19.0,165.0,6.2,201.0,1.43,15.8,5.5,0,0,0,0,Never,Low,0,1.0,5,0,2,6,2024-07-28,0
P101263,78,Female,37.7,143.0,82.0,62.0,98.6,36.4,16.0,61.0,5.3,212.0,1.15,13.3,5.4,0,1,0,0,Never,High,2,2.5,3,0,0,20,2025-03-02,0
P101264,35,Female,27.3,159.0,77.0,45.0,94.9,37.5,21.0,56.0,6.4,241.0,0.44,10.2,6.4,0,0,0,0,Former,Moderate,0,1.6,9,2,2,4,2024-07-18,0
P101265,20,Male,32.5,119.0,99.0,91.0,94.5,36.3,18.0,133.0,5.3,192.0,0.99,13.9,7.0,0,0,0,0,Former,Moderate,2,2.3,4,1,0,19,2024-01-04,0
P101266,22,Female,25.2,116.0,57.0,69.0,94.5,36.7,17.0,92.0,5.9,181.0,0.66,13.5,6.4,0,1,0,0,Never,Low,1,4.1,0,1,0,12,2025-01-25,0
P101267,45,Male,24.8,108.0,63.0,54.0,100.0,37.1,21.0,159.0,5.2,143.0,0.98,12.9,4.2,1,1,0,0,Never,Moderate,0,2.2,5,0,1,18,2025-06-13,0
P101268,87,Male,24.0,138.0,88.0,81.0,97.3,36.5,19.0,145.0,5.7,206.0,1.07,12.4,8.9,1,0,0,0,Never,Moderate,2,3.5,4,0,1,9,2025-05-12,1
P101269,21,Female,16.8,105.0,78.0,81.0,94.6,37.2,21.0,139.0,4.8,175.0,1.1,10.7,7.4,0,0,0,0,Never,Moderate,1,1.5,2,0,1,12,2025-01-28,0
P101270,44,Female,34.2,123.0,67.0,85.0,95.3,36.6,22.0,82.0,4.5,184.0,1.17,14.5,7.8,0,0,0,0,Current,Low,0,3.0,7,2,0,5,2024-03-29,0
P101271,25,Female,24.2,114.0,70.0,89.0,96.5,36.9,17.0,123.0,5.0,171.0,0.99,14.8,7.9,0,0,0,0,Never,Moderate,1,4.1,8,0,0,10,2024-05-31,0
P101272,86,Female,23.3,155.0,75.0,65.0,97.5,36.7,18.0,189.0,5.3,172.0,1.64,14.3,8.2,1,0,1,0,Former,Low,4,5.8,9,4,2,4,2024-05-19,1
P101273,67,Female,21.4,125.0,92.0,66.0,97.0,36.5,21.0,120.0,6.5,220.0,0.85,15.0,7.3,1,0,0,0,Never,Low,1,5.1,7,0,0,15,2024-07-18,0
P101274,73,Female,26.4,142.0,96.0,72.0,94.8,37.9,10.0,115.0,5.1,190.0,1.45,15.1,5.3,1,1,1,0,Former,High,5,7.3,11,2,1,4,2024-01-16,1
P101275,70,Male,36.7,107.0,100.0,86.0,97.1,36.4,18.0,100.0,5.4,252.0,1.45,12.3,10.0,0,0,0,1,Never,Moderate,1,2.7,4,0,2,9,2024-05-13,0
P101276,65,Male,38.4,136.0,67.0,51.0,95.4,35.7,17.0,59.0,6.0,150.0,1.14,16.1,8.3,0,1,1,0,Never,Moderate,0,3.0,10,1,0,3,2025-05-30,1
P101277,74,Female,18.9,114.0,70.0,78.0,98.4,36.4,19.0,78.0,7.7,240.0,1.2,13.4,5.2,0,0,0,0,Never,Moderate,1,5.4,7,2,1,6,2024-07-09,0
P101278,18,Male,25.7,121.0,66.0,87.0,96.6,36.9,15.0,75.0,4.8,174.0,1.17,17.4,5.2,0,0,0,0,Current,High,1,1.0,2,0,0,18,2024-03-13,0
P101279,81,Male,22.1,173.0,97.0,87.0,95.1,36.6,22.0,60.0,4.9,190.0,1.0,18.0,11.0,1,0,0,0,Never,Low,5,4.9,4,2,0,10,2024-05-21,0
P101280,72,Male,32.6,150.0,87.0,85.0,97.7,37.3,15.0,62.0,4.9,211.0,0.92,14.3,6.7,0,1,0,0,Never,High,0,9.1,8,1,0,11,2025-04-15,0
P101281,71,Male,29.0,132.0,84.0,89.0,97.2,37.3,16.0,55.0,5.3,231.0,0.94,14.1,5.6,0,0,0,1,Never,Moderate,0,2.0,3,3,0,7,2024-12-04,0
P101282,46,Female,24.2,186.0,84.0,45.0,95.6,36.6,16.0,84.0,5.2,233.0,1.07,12.6,5.9,0,0,0,0,Never,Low,0,3.2,3,0,0,24,2025-12-09,0
P101283,76,Male,27.9,120.0,83.0,95.0,97.8,36.0,22.0,140.0,8.2,232.0,0.95,14.7,7.9,0,1,0,0,Current,Moderate,1,1.0,6,0,1,6,2025-07-23,1
P101284,45,Male,25.0,151.0,70.0,80.0,97.6,36.2,11.0,100.0,6.6,185.0,0.78,14.9,6.0,0,0,0,0,Current,Moderate,0,6.5,10,1,1,7,2024-09-04,1
P101285,21,Female,35.9,102.0,85.0,92.0,98.7,36.8,24.0,96.0,5.2,261.0,0.62,17.2,7.3,0,1,0,0,Never,Moderate,0,1.8,7,1,1,7,2025-02-05,0
P101286,84,Male,30.3,132.0,82.0,62.0,97.8,36.0,23.0,145.0,7.9,216.0,0.83,14.8,11.6,1,0,0,1,Current,Moderate,3,7.5,7,6,3,4,2025-05-05,1
P101287,35,Male,31.0,107.0,69.0,55.0,96.1,36.6,16.0,168.0,5.1,90.0,0.78,14.0,3.9,0,0,0,0,Former,High,1,3.4,6,0,1,26,2025-12-25,1
P101288,25,Male,16.0,133.0,86.0,97.0,93.5,37.5,22.0,187.0,5.1,195.0,0.75,14.6,6.2,0,0,0,0,Former,High,0,5.2,2,1,1,20,2024-09-24,0
P101289,63,Female,27.2,135.0,79.0,65.0,96.8,37.0,18.0,119.0,5.5,179.0,1.07,12.0,7.1,0,1,0,0,Never,Low,0,1.0,4,1,0,13,2024-01-31,0
P101290,35,Male,38.3,125.0,83.0,72.0,97.1,36.8,24.0,99.0,6.5,182.0,0.74,12.1,3.5,0,0,0,0,Never,Moderate,1,3.9,5,0,0,22,2024-10-11,0
P101291,80,Female,34.4,154.0,83.0,82.0,96.6,36.3,21.0,103.0,6.1,218.0,1.23,13.0,8.0,0,0,0,0,Never,Moderate,1,1.8,9,2,0,15,2024-09-08,0
P101292,50,Male,17.9,122.0,91.0,85.0,91.1,36.9,26.0,133.0,7.2,205.0,1.55,18.0,8.8,0,1,0,0,Never,High,0,6.1,8,0,2,10,2025-06-04,1
P101293,18,Female,25.9,134.0,82.0,89.0,97.7,36.7,13.0,101.0,,168.0,1.25,14.5,4.2,0,0,0,0,Former,Moderate,2,3.4,4,2,0,21,2024-07-11,0
P101294,87,Male,21.3,150.0,75.0,79.0,94.9,36.9,19.0,113.0,7.1,251.0,0.81,13.9,6.8,0,0,1,0,Current,Moderate,1,5.7,6,1,2,1,2025-04-29,0
P101295,55,Female,36.4,107.0,86.0,63.0,97.7,37.2,12.0,110.0,4.2,145.0,0.93,13.7,7.4,0,1,0,0,Never,Low,0,1.0,5,2,0,19,2025-08-05,0
P101296,37,Male,28.8,118.0,85.0,84.0,99.6,37.2,16.0,77.0,4.1,142.0,0.61,18.0,8.1,1,0,0,0,Former,Moderate,0,1.0,7,2,0,19,2025-11-15,0
P101297,67,Female,23.5,135.0,88.0,85.0,96.0,36.9,26.0,55.0,4.5,152.0,1.11,13.5,12.3,0,1,0,0,Never,High,1,5.1,5,2,1,5,2024-12-20,0
P101298,56,Male,27.7,143.0,93.0,54.0,97.3,37.1,20.0,90.0,5.5,210.0,1.09,13.3,5.5,0,0,1,0,Never,High,1,5.7,4,1,0,11,2024-01-29,0
P101299,20,Male,16.0,153.0,74.0,93.0,96.6,36.5,21.0,158.0,4.1,207.0,0.96,14.7,8.1,0,0,0,0,Never,Moderate,1,1.5,4,1,1,9,2025-05-22,0
P101300,73,Male,21.9,131.0,90.0,46.0,97.4,37.4,20.0,166.0,7.2,163.0,0.78,15.6,6.7,0,0,0,0,Never,Moderate,0,2.7,3,0,2,19,2025-09-16,0
P101301,47,Male,27.7,126.0,65.0,88.0,96.7,36.4,20.0,144.0,5.6,171.0,0.81,15.2,6.4,0,0,0,0,Current,Moderate,0,4.6,4,1,1,15,2024-03-03,1
P101302,69,Male,31.9,119.0,82.0,68.0,95.6,36.7,16.0,98.0,6.6,193.0,1.32,16.8,7.0,0,0,1,1,Never,High,0,7.2,5,3,1,2,2025-09-30,1
P101303,83,Female,17.4,142.0,81.0,84.0,94.9,37.4,16.0,90.0,5.8,153.0,1.21,13.3,7.8,0,0,1,0,Never,Moderate,0,4.4,9,6,0,10,2025-07-15,1
P101304,62,Male,25.5,128.0,97.0,82.0,99.4,36.6,16.0,171.0,6.7,224.0,0.79,11.1,7.0,0,0,0,0,Never,Low,0,3.8,11,0,2,8,2024-01-23,0
P101305,67,Male,32.8,129.0,81.0,76.0,97.3,36.1,10.0,77.0,4.2,253.0,0.69,15.3,7.6,1,1,0,0,Never,Moderate,0,7.6,7,4,1,1,2024-01-01,1
P101306,36,Female,20.0,129.0,87.0,81.0,98.0,36.6,18.0,111.0,5.6,187.0,0.94,13.8,6.8,0,0,0,0,Never,Moderate,0,1.0,5,0,0,24,2024-06-26,0
P101307,35,Male,28.7,140.0,63.0,75.0,97.2,37.5,19.0,168.0,6.1,207.0,0.92,15.1,5.1,0,0,0,0,Current,High,0,1.8,8,0,1,18,2024-02-20,0
P101308,48,Male,27.8,122.0,78.0,85.0,98.3,35.7,16.0,116.0,6.3,198.0,0.63,13.3,8.7,0,0,0,0,Never,Moderate,0,4.8,6,1,0,16,2025-03-13,0
P101309,80,Male,36.4,122.0,75.0,102.0,94.9,36.9,18.0,107.0,5.9,245.0,1.0,17.6,9.1,0,1,0,1,Never,Moderate,0,1.9,11,3,1,21,2025-12-28,1
P101310,56,Male,26.3,140.0,107.0,60.0,96.6,36.5,20.0,154.0,4.3,267.0,0.88,13.0,9.0,0,1,0,0,Never,Low,2,4.8,11,1,2,8,2024-06-18,1
P101311,43,Male,26.6,90.0,75.0,45.0,97.4,36.7,21.0,113.0,6.6,180.0,0.81,13.1,8.3,0,1,0,0,Never,High,1,4.7,7,0,1,7,2025-09-02,0
P101312,74,Male,31.9,125.0,84.0,71.0,98.8,36.6,14.0,123.0,5.7,195.0,0.95,14.3,5.4,0,1,0,0,Former,Low,0,1.0,6,1,0,19,2024-08-07,1
P101313,80,Male,20.6,116.0,85.0,70.0,100.0,37.3,15.0,170.0,5.9,226.0,1.17,16.6,5.1,1,0,1,0,Former,Low,3,2.5,9,1,1,21,2024-05-22,0
P101314,83,Female,26.4,156.0,68.0,71.0,97.2,36.8,21.0,55.0,8.2,207.0,1.12,15.3,8.8,0,1,0,0,Never,Low,1,4.3,9,1,1,19,2024-05-25,1
P101315,39,Male,25.1,123.0,76.0,65.0,95.3,37.3,20.0,123.0,5.8,159.0,1.32,15.6,4.6,0,0,0,0,Current,Low,2,2.0,6,1,0,20,2024-12-28,0
P101316,69,Female,26.8,125.0,87.0,86.0,94.3,37.4,23.0,89.0,5.6,125.0,1.11,14.5,5.6,1,0,1,0,Never,Low,4,5.4,8,1,0,10,2025-07-07,1
P101317,61,Female,31.9,132.0,84.0,59.0,94.9,36.8,23.0,107.0,5.4,171.0,1.26,11.2,11.3,0,1,0,0,Former,Low,2,9.0,6,1,1,3,2024-07-30,0
P101318,50,Male,30.4,122.0,59.0,81.0,95.1,36.6,26.0,116.0,6.4,206.0,0.63,12.1,8.0,1,1,0,0,Never,High,0,3.5,6,0,0,18,2025-08-09,0
P101319,46,Male,23.6,125.0,76.0,84.0,91.3,37.0,17.0,88.0,5.0,179.0,1.03,14.0,7.3,0,1,1,0,Current,Moderate,1,3.4,5,1,0,9,2024-02-05,0
P101320,26,Female,28.2,131.0,91.0,80.0,95.3,37.1,24.0,116.0,6.0,153.0,0.82,14.5,3.3,0,0,0,0,Current,Low,0,3.2,2,2,0,10,2024-12-23,0
P101321,38,Female,35.3,123.0,87.0,82.0,97.8,36.2,15.0,123.0,6.6,171.0,1.17,14.6,5.7,0,0,0,0,Never,Moderate,0,2.3,5,0,1,13,2025-10-31,0
P101322,58,Male,23.2,126.0,95.0,87.0,96.6,36.9,26.0,121.0,5.8,263.0,1.1,13.3,8.7,0,0,0,0,Never,Moderate,0,2.5,8,2,1,18,2025-10-01,0
P101323,82,Female,28.3,119.0,74.0,77.0,96.0,36.7,20.0,122.0,7.1,151.0,1.54,11.7,4.0,0,0,0,0,Current,Moderate,2,3.9,7,3,2,13,2024-05-06,0
P101324,81,Female,26.5,116.0,97.0,72.0,93.6,36.6,20.0,113.0,6.1,182.0,0.83,15.0,7.8,0,1,0,0,Former,Moderate,1,15.6,5,0,0,7,2024-04-08,1
P101325,31,Male,27.2,131.0,80.0,82.0,98.4,36.5,21.0,105.0,5.0,174.0,0.74,14.9,4.2,0,0,0,0,Never,Moderate,0,6.1,3,1,0,23,2024-04-24,0
P101326,67,Male,19.0,139.0,99.0,83.0,97.4,36.5,13.0,118.0,4.5,268.0,1.15,11.5,5.8,1,0,0,0,Never,Low,0,4.1,4,2,1,10,2024-08-29,1
P101327,24,Female,34.8,105.0,80.0,87.0,96.5,37.4,14.0,74.0,5.7,138.0,0.89,11.5,3.9,0,0,0,0,Never,High,0,4.2,5,0,0,14,2024-10-07,0
P101328,67,Male,23.5,147.0,63.0,55.0,92.5,36.6,18.0,160.0,6.3,164.0,0.79,15.3,7.2,0,0,0,0,Former,High,1,2.0,5,3,1,10,2024-10-27,0
P101329,42,Female,32.8,144.0,90.0,74.0,95.6,37.4,19.0,107.0,6.6,196.0,1.08,11.4,3.6,0,1,1,0,Current,Low,1,1.8,9,0,1,12,2025-05-20,0
P101330,50,Male,24.3,149.0,78.0,63.0,97.3,36.9,25.0,98.0,6.6,200.0,0.86,13.1,6.8,0,0,0,0,Former,Moderate,0,3.5,4,2,1,6,2025-09-08,0
P101331,70,Female,24.2,139.0,79.0,83.0,96.4,36.2,15.0,129.0,7.9,236.0,1.19,11.8,8.3,0,0,0,0,Current,High,0,2.0,11,0,1,18,2025-05-17,0
P101332,49,Male,33.8,143.0,67.0,85.0,96.8,36.9,23.0,108.0,5.3,232.0,0.52,15.9,7.4,0,1,0,0,Never,Low,0,4.7,4,0,0,22,2025-07-12,0
P101333,76,Male,32.7,172.0,100.0,73.0,97.7,36.2,17.0,160.0,6.4,167.0,1.0,14.6,7.9,0,1,0,0,Never,Low,1,4.6,6,0,1,21,2024-05-12,0
P101334,56,Male,28.6,128.0,77.0,67.0,96.8,37.1,17.0,144.0,5.3,205.0,1.06,17.1,7.5,1,0,0,0,Never,Low,1,1.0,5,3,1,8,2024-02-19,0
P101335,90,Male,31.5,119.0,100.0,83.0,97.7,36.7,17.0,122.0,7.1,187.0,1.17,14.0,6.8,1,0,0,0,Never,Low,2,2.3,6,1,1,28,2024-09-10,1
P101336,64,Female,26.0,108.0,79.0,74.0,95.0,37.2,17.0,147.0,5.1,176.0,1.24,12.9,6.9,0,0,0,0,Never,Low,0,6.1,5,0,1,19,2024-09-09,0
P101337,39,Male,27.5,161.0,72.0,93.0,94.3,37.5,20.0,118.0,6.5,232.0,0.9,15.1,7.6,0,0,0,0,Never,Moderate,2,2.9,5,0,0,16,2025-06-03,0
P101338,74,Female,24.1,165.0,97.0,97.0,97.4,35.9,17.0,76.0,5.4,,1.2,12.3,4.8,0,1,0,0,Never,Low,1,1.2,9,4,0,18,2025-01-11,0
P101339,47,Female,32.2,116.0,81.0,88.0,97.7,36.6,13.0,143.0,6.5,254.0,0.97,10.8,6.2,0,0,0,0,Never,Moderate,0,3.7,0,2,3,1,2025-03-01,0
P101340,56,Male,23.9,120.0,82.0,79.0,97.4,36.2,17.0,55.0,7.0,212.0,1.22,14.1,11.1,0,1,0,0,Former,High,1,7.7,4,2,2,1,2024-03-31,1
P101341,27,Female,35.2,124.0,68.0,98.0,96.7,37.9,20.0,55.0,4.1,229.0,0.5,12.1,8.0,0,0,0,0,Never,High,1,11.8,5,1,0,17,2025-06-23,0
P101342,26,Female,25.9,150.0,76.0,79.0,95.9,36.6,13.0,132.0,4.3,90.0,0.4,13.0,9.5,0,0,0,0,Never,Moderate,0,4.7,3,3,0,1,2024-03-23,0
P101343,59,Female,27.6,111.0,87.0,70.0,96.9,36.1,20.0,129.0,6.1,197.0,1.38,12.3,7.7,1,0,0,0,Never,Moderate,1,2.4,4,0,0,15,2024-02-08,0
P101344,31,Male,31.4,96.0,68.0,68.0,97.2,37.9,22.0,122.0,5.7,210.0,0.78,15.3,5.5,0,0,0,0,Never,Moderate,1,1.7,8,0,0,21,2024-01-26,0
P101345,90,Female,27.6,174.0,79.0,68.0,97.3,36.4,23.0,168.0,6.0,,0.64,12.7,6.4,0,0,0,0,Current,Moderate,1,1.7,4,3,1,18,2024-07-22,1
P101346,80,Female,26.0,141.0,80.0,76.0,100.0,36.0,19.0,117.0,5.7,252.0,1.04,10.8,3.5,0,0,1,1,Never,High,2,5.9,9,1,2,9,2025-02-10,1
P101347,69,Female,27.3,142.0,84.0,82.0,94.8,36.2,12.0,102.0,5.3,217.0,0.91,12.3,9.7,0,1,0,0,Former,Low,0,1.8,6,0,0,27,2025-12-25,0
P101348,71,Male,32.1,131.0,98.0,59.0,100.0,36.9,20.0,144.0,6.3,148.0,1.17,12.8,8.8,0,0,0,0,Current,Low,1,1.0,6,0,1,6,2024-02-29,0
P101349,61,Female,24.1,141.0,80.0,71.0,94.2,36.8,21.0,89.0,5.1,214.0,1.17,16.1,5.3,0,1,0,0,Former,Low,1,8.8,10,1,0,18,2025-03-14,1
P101350,22,Male,26.8,103.0,73.0,79.0,97.2,36.4,16.0,99.0,5.8,226.0,0.8,14.7,8.5,0,0,0,0,Never,Moderate,0,1.0,8,1,0,23,2025-12-19,0
P101351,46,Male,27.6,117.0,109.0,84.0,94.3,36.6,18.0,120.0,5.2,171.0,1.25,15.6,8.3,0,0,1,0,Never,Moderate,0,3.4,4,1,0,26,2024-09-21,1
P101352,54,Male,32.0,134.0,78.0,76.0,97.1,36.8,20.0,124.0,5.5,178.0,0.67,14.5,7.2,0,1,0,0,Never,High,0,1.6,4,1,0,12,2024-10-31,0
P101353,84,Female,27.0,97.0,82.0,79.0,98.3,37.5,24.0,106.0,7.3,224.0,0.44,16.0,8.0,0,0,0,0,Never,Moderate,0,4.6,6,1,1,20,2025-01-12,0
P101354,34,Female,36.9,125.0,77.0,61.0,96.6,37.0,17.0,92.0,6.5,194.0,0.99,,8.1,0,0,0,0,Never,Moderate,1,1.8,1,1,0,28,2024-02-13,0
P101355,54,Male,26.7,126.0,79.0,65.0,98.3,36.5,21.0,74.0,5.0,235.0,0.94,13.4,7.8,0,0,0,0,Former,High,0,1.2,7,4,0,5,2025-06-03,0
P101356,43,Female,26.3,126.0,82.0,75.0,95.7,36.7,19.0,83.0,4.9,201.0,0.45,14.9,7.3,1,0,0,0,Never,High,1,1.8,4,0,0,23,2024-05-06,0
P101357,27,Male,26.6,120.0,90.0,82.0,92.8,37.2,19.0,172.0,6.2,111.0,,13.8,7.2,0,0,0,0,Never,Low,0,4.7,3,1,1,9,2024-09-24,1
P101358,25,Male,20.7,112.0,85.0,79.0,97.6,37.6,23.0,98.0,4.2,196.0,0.45,13.5,5.9,0,0,0,0,Former,Moderate,0,3.1,6,0,0,17,2024-06-30,0
P101359,44,Female,22.1,100.0,92.0,66.0,96.6,36.2,15.0,118.0,7.0,179.0,0.95,12.4,8.8,0,0,0,0,Never,Moderate,1,6.3,4,0,1,25,2025-07-12,0
P101360,24,Female,24.7,131.0,91.0,73.0,95.6,37.4,19.0,55.0,5.6,217.0,1.14,16.1,11.0,0,0,0,0,Never,Moderate,0,1.0,7,1,0,9,2025-10-30,0
P101361,22,Female,33.4,124.0,82.0,94.0,95.8,36.6,18.0,197.0,4.9,210.0,0.99,16.3,4.8,0,0,0,0,Never,High,0,3.5,3,0,1,17,2025-10-13,0
P101362,43,Female,27.3,108.0,85.0,83.0,97.2,36.0,13.0,81.0,5.7,158.0,1.04,13.8,7.1,0,0,0,0,Former,Moderate,0,6.7,2,1,0,10,2025-03-10,0
P101363,32,Male,25.0,131.0,92.0,74.0,95.0,35.9,22.0,68.0,6.8,202.0,0.81,14.9,5.7,0,0,0,0,Never,Low,0,2.9,6,2,1,28,2024-10-31,0
P101364,58,Female,33.9,128.0,71.0,64.0,97.2,37.5,21.0,111.0,4.0,214.0,1.07,14.4,8.1,0,0,0,0,Never,Low,2,7.4,6,0,0,16,2024-09-04,0
P101365,19,Male,35.6,120.0,105.0,67.0,98.6,37.5,18.0,75.0,6.4,211.0,1.05,15.2,7.9,0,0,0,0,Former,Moderate,0,1.1,3,1,0,17,2025-10-26,0
P101366,40,Female,34.0,94.0,76.0,76.0,100.0,36.5,17.0,123.0,6.8,231.0,0.79,13.5,7.3,0,0,0,0,Never,Moderate,0,7.1,3,1,1,19,2025-05-25,0
P101367,51,Male,23.1,144.0,79.0,79.0,99.0,36.7,18.0,59.0,5.5,155.0,0.69,13.9,5.8,0,0,0,0,Never,High,0,2.4,5,1,0,13,2025-10-20,0
P101368,88,Male,24.9,116.0,72.0,83.0,96.8,35.9,20.0,159.0,6.2,188.0,1.33,13.7,6.1,0,0,0,0,Current,High,1,4.3,11,0,1,11,2024-06-20,0
P101369,64,Male,36.9,135.0,71.0,81.0,97.0,37.2,18.0,147.0,6.1,109.0,1.56,15.3,5.5,0,0,1,0,Never,Moderate,1,4.2,8,2,2,12,2025-08-11,1
P101370,82,Female,28.8,122.0,94.0,72.0,95.8,36.8,16.0,114.0,6.8,239.0,1.51,13.4,3.6,0,1,0,1,Never,Moderate,1,1.8,5,0,2,19,2025-07-09,1
P101371,43,Male,26.1,125.0,104.0,70.0,95.7,36.0,16.0,55.0,5.1,199.0,0.4,16.8,9.5,0,1,0,0,Current,Low,3,1.4,6,1,0,12,2025-04-25,1
P101372,50,Female,31.2,152.0,76.0,101.0,98.1,36.9,18.0,84.0,5.8,191.0,1.35,12.8,8.3,0,1,0,0,Current,Moderate,0,1.0,3,1,0,15,2024-11-26,0
P101373,48,Female,32.7,141.0,85.0,69.0,95.9,36.1,15.0,114.0,5.7,190.0,0.82,11.8,9.6,0,1,0,0,Never,Moderate,0,1.0,5,0,0,20,2025-07-02,0
P101374,82,Male,24.5,155.0,86.0,60.0,97.2,37.1,19.0,75.0,6.8,213.0,1.6,12.4,6.3,0,1,0,0,Current,Moderate,1,2.7,7,0,2,18,2024-08-05,1
P101375,88,Female,28.6,142.0,94.0,56.0,94.8,36.3,15.0,82.0,8.7,235.0,0.82,12.0,8.0,1,1,1,0,Never,Moderate,1,7.4,9,1,1,12,2024-02-07,1
P101376,88,Male,32.3,143.0,106.0,72.0,99.0,37.0,15.0,156.0,5.6,184.0,0.8,12.4,5.3,0,1,0,0,Former,Moderate,0,2.1,5,2,1,5,2025-04-23,1
P101377,72,Male,21.5,104.0,99.0,87.0,95.9,36.5,29.0,121.0,6.1,211.0,1.05,16.3,5.9,0,0,0,0,Former,Moderate,2,1.6,8,0,0,9,2025-01-26,1
P101378,54,Female,27.6,127.0,80.0,69.0,98.5,35.6,25.0,117.0,5.2,210.0,0.9,12.6,11.1,0,0,0,0,Former,High,0,7.0,7,1,1,8,2025-08-09,0
P101379,57,Male,21.7,129.0,88.0,94.0,95.2,37.3,19.0,132.0,5.4,111.0,0.92,13.4,6.3,0,1,0,0,Former,Moderate,0,9.7,6,1,0,20,2024-03-09,0
P101380,89,Male,22.4,157.0,91.0,76.0,95.1,37.3,21.0,113.0,5.3,168.0,1.38,15.3,8.9,0,1,0,0,Never,High,2,3.7,7,1,0,16,2024-01-29,0
P101381,38,Male,24.6,122.0,81.0,89.0,98.9,36.5,22.0,108.0,4.3,212.0,1.31,17.5,7.5,0,0,0,0,Never,Moderate,0,5.2,4,0,0,17,2025-10-24,1
P101382,43,Female,30.0,136.0,71.0,67.0,95.4,36.9,18.0,127.0,6.8,242.0,0.71,12.6,4.2,0,1,0,0,Never,Moderate,1,3.3,5,1,2,10,2025-10-16,0
P101383,83,Male,25.8,140.0,76.0,67.0,93.7,37.0,19.0,146.0,6.5,247.0,1.56,12.9,6.7,1,0,0,0,Never,Moderate,1,1.7,8,0,3,11,2025-10-04,1
P101384,46,Male,24.1,151.0,93.0,77.0,94.6,37.0,17.0,129.0,5.8,148.0,0.64,14.0,7.8,0,1,0,0,Never,High,0,2.0,8,1,0,20,2025-05-07,1
P101385,35,Female,27.8,128.0,94.0,82.0,98.0,37.7,22.0,160.0,4.8,233.0,0.79,10.4,8.4,0,0,0,0,Never,Moderate,1,2.1,1,0,2,5,2025-01-13,0
P101386,58,Male,21.5,147.0,80.0,74.0,97.9,37.0,22.0,114.0,5.8,234.0,1.73,15.4,3.4,0,0,0,0,Never,High,0,3.8,5,2,1,1,2024-10-29,0
P101387,41,Female,29.7,102.0,84.0,80.0,95.1,36.6,23.0,63.0,4.7,211.0,,14.1,5.1,0,0,0,0,Never,Moderate,0,3.8,6,0,0,15,2024-09-15,0
P101388,83,Male,33.4,109.0,96.0,83.0,95.4,37.0,19.0,156.0,6.2,118.0,0.92,13.9,7.6,0,1,1,0,Former,Low,5,5.7,7,2,1,5,2025-08-22,1
P101389,84,Female,27.1,97.0,67.0,59.0,97.7,36.6,26.0,110.0,6.5,175.0,1.18,11.5,5.1,1,1,0,1,Never,Moderate,2,4.3,10,0,0,9,2025-07-17,0
P101390,40,Female,26.4,144.0,77.0,72.0,98.9,36.3,18.0,83.0,5.2,199.0,1.17,16.8,9.4,0,0,0,0,Never,Moderate,1,7.0,7,1,0,15,2025-10-25,0
P101391,56,Male,29.4,144.0,103.0,70.0,96.4,37.4,25.0,138.0,5.2,186.0,1.11,12.8,6.9,0,0,0,0,Former,Moderate,0,1.0,3,0,0,10,2024-07-28,0
P101392,89,Male,17.0,152.0,87.0,70.0,97.5,37.1,16.0,132.0,5.8,113.0,1.48,13.5,8.0,1,0,0,0,Former,High,1,7.2,7,2,1,24,2025-06-24,1
P101393,72,Female,30.3,123.0,72.0,81.0,98.1,35.9,13.0,71.0,6.8,185.0,0.82,13.3,9.6,1,1,0,0,Former,Low,1,3.0,6,0,1,12,2025-02-13,0
P101394,33,Female,43.6,120.0,82.0,70.0,100.0,36.5,25.0,132.0,5.8,160.0,0.77,14.5,4.6,0,0,0,0,Never,Moderate,0,1.7,6,0,0,15,2025-08-31,0
P101395,61,Male,26.9,131.0,93.0,52.0,94.4,37.2,20.0,180.0,4.5,217.0,0.78,14.4,7.9,1,0,0,0,Former,Moderate,3,3.1,9,0,1,30,2025-05-09,1
P101396,63,Female,26.9,158.0,57.0,73.0,95.3,36.0,20.0,126.0,6.6,213.0,0.81,13.3,7.3,0,0,0,0,Never,High,0,1.0,5,1,1,20,2025-11-20,0
P101397,65,Male,31.4,163.0,85.0,63.0,95.6,36.4,17.0,106.0,6.5,215.0,1.06,15.5,7.3,0,0,0,0,Former,Moderate,1,5.2,2,0,0,18,2025-07-11,0
P101398,19,Female,36.1,142.0,76.0,82.0,98.0,38.1,15.0,55.0,5.6,181.0,0.61,18.0,6.6,0,0,0,0,Former,Low,0,11.1,6,0,0,13,2024-05-04,0
P101399,39,Female,32.6,136.0,65.0,86.0,96.0,36.6,15.0,182.0,7.1,196.0,1.05,12.3,7.3,0,0,0,0,Current,Low,3,4.1,7,1,2,8,2024-09-23,1
P101400,80,Female,,158.0,85.0,50.0,97.1,37.3,18.0,99.0,6.2,192.0,1.27,12.4,2.0,1,0,0,1,Current,Moderate,0,2.8,5,3,0,21,2025-04-15,1
P101401,35,Female,30.4,126.0,80.0,67.0,96.7,37.6,17.0,60.0,6.0,230.0,0.61,13.0,9.5,0,0,0,0,Never,Moderate,2,1.1,7,0,0,16,2025-02-03,0
P101402,39,Male,40.9,124.0,81.0,80.0,96.5,36.3,11.0,114.0,6.1,175.0,0.79,15.6,4.3,0,0,0,0,Never,High,0,4.3,5,1,0,19,2025-06-29,0
P101403,41,Female,30.7,129.0,78.0,59.0,96.7,36.9,24.0,146.0,6.5,166.0,0.83,,10.5,0,0,1,0,Never,Moderate,1,3.4,7,0,1,18,2025-11-12,1
P101404,30,Female,21.5,113.0,71.0,85.0,98.4,37.8,17.0,152.0,5.4,232.0,0.88,13.0,5.1,0,0,0,0,Former,Moderate,2,8.2,5,1,1,19,2025-08-13,0
P101405,29,Female,29.0,127.0,66.0,89.0,94.8,37.0,22.0,85.0,5.0,226.0,0.89,14.0,5.0,0,0,0,0,Never,Moderate,1,8.7,2,0,0,15,2024-08-19,0
P101406,43,Female,20.8,112.0,75.0,74.0,96.2,38.0,16.0,107.0,6.6,213.0,1.23,10.0,7.8,0,0,0,0,Former,Low,0,1.0,5,0,2,23,2024-10-18,0
P101407,81,Female,33.9,153.0,92.0,67.0,94.3,36.5,19.0,118.0,7.0,255.0,1.37,13.3,7.5,0,1,0,0,Never,Moderate,2,2.9,4,2,2,4,2025-05-24,0
P101408,18,Female,22.5,137.0,82.0,48.0,96.9,37.7,21.0,140.0,6.6,274.0,0.68,13.2,7.9,0,0,0,0,Never,Low,1,1.9,0,0,2,22,2025-11-10,0
P101409,38,Female,27.9,155.0,81.0,86.0,96.1,36.8,21.0,131.0,6.0,242.0,1.16,14.7,7.7,0,0,0,1,Never,Moderate,1,5.6,4,2,1,13,2025-05-05,0
P101410,22,Female,23.0,101.0,70.0,100.0,98.4,36.6,17.0,116.0,4.0,167.0,1.3,12.4,6.7,0,0,0,0,Never,High,0,2.2,3,1,0,17,2024-08-27,0
P101411,58,Male,24.7,165.0,79.0,98.0,96.5,37.1,20.0,145.0,6.0,227.0,1.36,12.8,6.3,0,0,1,0,Former,High,0,3.0,10,2,1,13,2024-07-05,1
P101412,36,Male,35.2,104.0,89.0,74.0,95.7,36.7,20.0,62.0,5.7,199.0,1.02,14.9,8.2,0,0,0,0,Former,Moderate,0,2.0,4,1,0,20,2024-11-22,0
P101413,75,Male,28.0,115.0,89.0,63.0,96.1,36.8,17.0,131.0,7.2,174.0,1.06,12.3,5.6,0,0,0,0,Never,High,2,3.5,8,1,1,19,2024-02-05,0
P101414,60,Male,24.6,123.0,78.0,86.0,99.6,37.0,14.0,122.0,6.9,167.0,0.64,13.4,7.2,1,0,1,0,Current,Moderate,3,5.6,7,0,1,30,2025-11-02,1
P101415,75,Male,21.5,157.0,57.0,74.0,93.7,35.9,16.0,115.0,6.7,205.0,0.96,14.7,3.6,0,1,0,0,Never,Moderate,1,1.9,6,2,1,2,2025-03-29,1
P101416,64,Male,17.8,138.0,76.0,82.0,95.4,36.4,17.0,106.0,4.1,226.0,0.62,11.0,7.5,0,0,0,0,Never,Moderate,0,10.7,1,3,0,11,2025-05-01,0
P101417,50,Male,21.0,128.0,77.0,80.0,96.6,37.2,18.0,117.0,5.1,247.0,1.32,14.2,7.2,0,0,1,0,Current,Moderate,1,7.3,4,1,1,14,2024-05-06,0
P101418,80,Female,28.1,122.0,75.0,77.0,95.4,37.3,24.0,97.0,5.8,221.0,1.02,15.6,6.9,0,1,0,0,Current,Moderate,0,3.1,3,1,0,25,2024-02-20,0
P101419,52,Male,32.6,109.0,78.0,88.0,97.4,37.0,21.0,208.0,5.5,217.0,0.98,12.2,10.4,0,0,0,0,Never,Moderate,0,1.0,5,3,1,5,2025-08-04,0
P101420,87,Female,24.6,156.0,92.0,89.0,96.4,36.9,15.0,166.0,6.4,187.0,0.94,12.2,10.0,0,1,1,0,Never,Low,1,2.6,6,0,1,15,2025-09-12,1
P101421,90,Male,35.7,150.0,84.0,70.0,97.0,37.0,24.0,157.0,7.6,203.0,0.73,15.5,8.8,0,1,0,0,Never,High,2,4.2,4,3,2,18,2025-06-02,1
P101422,60,Male,23.8,156.0,92.0,65.0,96.7,37.3,18.0,95.0,6.6,138.0,1.23,15.8,8.8,1,0,0,0,Never,Low,1,1.6,3,0,1,13,2024-02-05,0
P101423,67,Female,26.3,141.0,68.0,46.0,96.3,36.1,20.0,82.0,5.2,216.0,1.19,13.3,7.2,0,0,0,0,Never,Low,3,6.7,5,0,0,11,2024-11-10,0
P101424,36,Female,21.9,90.0,78.0,72.0,94.2,36.5,15.0,102.0,4.9,211.0,1.22,12.9,7.6,0,0,0,0,Former,Moderate,1,2.7,7,0,0,32,2025-03-24,0
P101425,77,Female,32.7,114.0,64.0,63.0,96.8,36.8,16.0,121.0,5.3,268.0,0.59,15.7,7.9,0,1,0,0,Never,Moderate,0,3.6,1,1,1,1,2025-10-06,0
P101426,67,Female,38.4,142.0,79.0,81.0,93.3,36.9,22.0,64.0,5.9,193.0,1.42,13.5,8.2,1,0,0,0,Never,Moderate,2,2.3,8,0,1,11,2025-04-20,1
P101427,83,Female,18.3,130.0,74.0,72.0,95.3,35.7,15.0,135.0,6.9,240.0,1.06,11.6,7.1,0,1,0,0,Never,Moderate,2,4.8,4,0,1,21,2024-03-23,0
P101428,37,Female,25.7,121.0,94.0,73.0,97.4,36.2,18.0,148.0,6.5,177.0,1.18,13.4,8.1,0,0,0,0,Current,Moderate,0,5.7,5,0,1,18,2024-05-11,0
P101429,75,Male,34.1,116.0,88.0,86.0,98.6,36.8,20.0,55.0,5.8,259.0,0.4,14.4,7.1,0,1,0,0,Former,Moderate,1,5.6,6,1,1,12,2024-11-28,0
P101430,52,Female,20.0,148.0,92.0,81.0,100.0,37.3,14.0,81.0,5.8,250.0,1.12,12.5,7.8,0,0,0,0,Never,Low,0,6.3,4,0,1,5,2025-04-23,0
P101431,31,Female,30.4,137.0,77.0,75.0,95.7,36.6,12.0,152.0,7.1,238.0,0.92,10.7,8.8,0,0,0,0,Never,Low,0,3.0,6,2,3,6,2024-03-18,1
P101432,30,Male,33.9,138.0,71.0,96.0,94.9,36.5,21.0,121.0,4.2,,0.88,14.6,5.7,0,1,0,0,Current,High,2,6.6,3,2,0,7,2024-09-27,1
P101433,59,Male,27.9,122.0,72.0,85.0,97.4,37.1,28.0,83.0,6.5,187.0,1.0,15.5,7.3,1,1,0,0,Never,Low,0,5.3,4,1,0,15,2024-10-11,0
P101434,41,Female,30.4,134.0,84.0,71.0,99.9,36.6,20.0,136.0,6.2,181.0,0.81,14.3,7.2,0,0,0,0,Former,Moderate,0,1.0,4,1,0,12,2025-06-13,1
P101435,25,Male,36.7,106.0,99.0,72.0,99.3,37.2,20.0,87.0,5.2,158.0,0.53,14.6,5.0,0,0,0,0,Former,High,0,3.7,3,0,0,16,2024-11-17,0
P101436,49,Female,37.6,130.0,86.0,85.0,94.6,36.7,15.0,104.0,5.8,213.0,0.64,13.3,9.8,1,0,1,0,Former,Moderate,3,3.5,3,2,0,11,2024-08-16,0
P101437,65,Male,27.2,91.0,79.0,78.0,96.2,36.2,23.0,75.0,6.4,186.0,1.05,13.8,5.3,1,0,0,0,Former,High,2,6.9,5,2,0,24,2024-10-17,1
P101438,41,Male,24.7,104.0,80.0,63.0,98.0,37.5,17.0,111.0,5.4,210.0,1.34,16.1,9.9,1,0,1,0,Never,High,0,7.4,4,0,0,35,2025-03-18,0
P101439,87,Male,22.7,131.0,84.0,87.0,98.2,37.4,22.0,154.0,5.7,201.0,1.42,12.8,4.3,0,0,0,1,Never,High,1,6.8,8,1,2,7,2024-08-18,1
P101440,74,Female,32.6,175.0,104.0,91.0,97.6,36.3,20.0,100.0,5.4,154.0,1.14,12.4,4.0,0,1,0,0,Never,Moderate,1,4.5,3,0,0,28,2024-10-11,1
P101441,55,Male,20.4,102.0,95.0,90.0,95.7,37.0,20.0,135.0,7.5,235.0,,,6.3,0,0,0,0,Former,High,0,1.6,7,2,1,3,2025-10-09,0
P101442,86,Female,26.2,115.0,87.0,95.0,97.5,36.6,20.0,117.0,5.8,199.0,1.69,13.0,7.8,1,0,1,0,Never,Moderate,2,3.3,7,2,1,18,2025-12-22,1
P101443,49,Female,28.0,136.0,83.0,101.0,98.2,37.1,20.0,150.0,6.0,228.0,1.19,15.2,7.8,0,1,0,0,Never,High,1,2.2,6,2,1,14,2025-06-18,1
P101444,28,Male,24.9,159.0,84.0,97.0,94.8,36.4,19.0,92.0,6.2,151.0,1.1,12.8,9.6,0,0,0,0,Never,Low,0,1.3,0,0,0,7,2025-10-13,0
P101445,20,Female,29.0,132.0,85.0,80.0,98.9,37.2,21.0,161.0,5.2,166.0,0.54,13.6,5.5,0,0,0,0,Current,Low,0,2.9,6,0,1,10,2025-06-26,1
P101446,86,Male,40.8,148.0,80.0,73.0,98.3,37.4,15.0,142.0,6.3,180.0,1.18,15.1,8.9,0,0,0,0,Never,Moderate,3,3.9,7,1,1,10,2025-02-04,0
P101447,88,Female,26.9,131.0,76.0,54.0,95.2,36.3,17.0,127.0,6.7,204.0,0.77,11.8,3.7,1,0,0,0,Never,Moderate,0,12.6,8,3,1,11,2025-04-24,0
P101448,71,Male,25.2,126.0,94.0,76.0,98.2,36.8,23.0,126.0,5.3,191.0,1.65,14.3,5.1,0,0,0,0,Never,Moderate,1,1.0,6,0,1,17,2024-12-07,0
P101449,25,Male,32.8,130.0,81.0,82.0,98.0,37.4,19.0,91.0,4.1,247.0,0.69,13.3,6.5,0,0,0,0,Never,High,0,5.2,2,0,1,12,2025-07-03,0
P101450,39,Female,28.7,119.0,91.0,77.0,98.0,36.3,17.0,91.0,5.0,234.0,0.8,13.4,4.8,0,0,0,0,Never,High,0,1.0,11,2,0,6,2024-09-26,1
P101451,20,Female,35.0,141.0,97.0,53.0,99.3,36.5,22.0,116.0,7.0,167.0,0.73,13.0,8.1,0,0,0,0,Never,Low,0,2.0,5,2,1,1,2025-06-03,0
P101452,21,Female,28.4,101.0,85.0,73.0,96.5,37.1,21.0,65.0,4.9,307.0,0.81,15.5,5.7,1,0,0,0,Never,Low,1,3.2,2,1,1,10,2024-01-22,0
P101453,35,Female,26.2,145.0,85.0,84.0,97.1,36.7,13.0,88.0,5.7,192.0,1.14,12.1,9.0,0,1,0,0,Never,Moderate,0,1.8,2,2,0,13,2024-06-09,0
P101454,59,Male,18.2,134.0,115.0,64.0,91.8,36.0,21.0,81.0,4.7,244.0,1.03,14.3,8.7,0,0,0,0,Never,Moderate,0,2.6,5,3,1,20,2025-08-30,0
P101455,22,Male,19.1,125.0,82.0,78.0,98.5,36.6,18.0,127.0,6.7,184.0,0.93,14.0,5.6,0,0,0,0,Current,Low,0,1.0,2,2,1,12,2025-07-31,0
P101456,89,Male,18.0,109.0,73.0,81.0,98.3,37.7,20.0,140.0,6.0,219.0,1.32,16.6,6.3,0,1,0,1,Never,Low,0,3.1,5,3,0,7,2024-12-01,0
P101457,51,Female,29.5,115.0,79.0,89.0,98.9,37.8,18.0,157.0,5.4,231.0,0.58,12.5,6.8,0,0,0,0,Current,Moderate,0,5.8,10,0,1,25,2024-04-20,0
P101458,37,Male,20.4,151.0,97.0,97.0,94.8,36.5,20.0,98.0,5.5,138.0,1.17,13.3,9.7,0,0,0,0,Former,Low,0,14.3,3,0,0,22,2025-07-03,0
P101459,55,Male,34.0,129.0,69.0,71.0,98.2,36.3,12.0,85.0,8.1,261.0,1.05,13.4,5.1,0,1,0,0,Never,Low,0,5.4,7,1,2,9,2024-10-30,0
P101460,75,Male,27.7,140.0,76.0,78.0,98.3,36.6,15.0,65.0,6.5,165.0,0.88,13.4,2.3,0,1,0,0,Current,High,0,2.2,7,2,0,2,2025-11-25,0
P101461,40,Male,26.2,116.0,92.0,79.0,95.3,37.7,21.0,120.0,5.5,182.0,1.01,13.7,6.2,0,0,0,0,Former,High,1,6.5,5,0,0,12,2025-03-17,0
P101462,21,Male,23.1,128.0,78.0,84.0,98.4,37.2,27.0,156.0,4.0,172.0,0.94,13.3,5.2,0,0,0,0,Never,Low,0,5.7,6,0,1,15,2024-07-23,0
P101463,21,Male,30.7,105.0,79.0,82.0,97.3,37.5,19.0,104.0,6.7,173.0,0.4,14.6,3.9,1,0,0,0,Never,Moderate,1,3.3,4,1,1,10,2024-12-14,0
P101464,80,Male,23.3,137.0,95.0,93.0,93.4,37.3,16.0,118.0,5.5,175.0,1.47,12.7,6.9,0,0,0,0,Current,High,2,1.8,7,0,1,19,2025-09-20,1
P101465,26,Female,22.4,135.0,73.0,48.0,97.6,36.1,18.0,107.0,4.7,150.0,1.27,,4.7,0,0,0,0,Former,Moderate,0,6.0,7,1,0,18,2025-10-03,0
P101466,64,Male,33.7,139.0,68.0,81.0,95.1,36.3,15.0,123.0,5.3,224.0,0.68,14.7,7.7,0,0,0,1,Never,Moderate,1,3.3,6,2,0,1,2024-04-21,1
P101467,46,Male,29.3,116.0,68.0,82.0,93.5,36.5,22.0,146.0,7.1,199.0,0.78,17.0,4.6,0,0,0,0,Former,Moderate,2,1.3,6,0,2,10,2025-05-07,1
P101468,74,Female,26.3,129.0,89.0,73.0,97.2,36.5,18.0,183.0,6.1,190.0,1.45,13.9,12.9,0,0,0,0,Former,Moderate,1,5.4,6,1,3,9,2025-02-13,0
P101469,22,Male,30.8,138.0,83.0,49.0,96.4,36.5,22.0,124.0,4.1,234.0,1.1,15.1,9.1,0,0,0,0,Never,Low,1,1.3,2,0,0,28,2024-05-12,0
P101470,83,Male,27.5,132.0,77.0,75.0,99.0,36.5,17.0,138.0,6.0,262.0,1.21,17.6,5.5,0,1,1,1,Never,Moderate,0,3.5,9,7,1,1,2024-02-13,1
P101471,68,Male,29.5,129.0,71.0,67.0,96.8,37.1,22.0,107.0,5.3,136.0,1.18,15.3,5.5,0,1,0,0,Former,Moderate,0,9.3,0,3,0,6,2025-05-15,0
P101472,50,Male,23.3,164.0,79.0,96.0,97.9,36.9,12.0,108.0,6.1,257.0,1.1,14.3,6.6,0,0,0,0,Never,High,1,2.2,5,2,1,13,2024-03-03,0
P101473,33,Female,38.3,114.0,92.0,81.0,97.4,37.4,18.0,105.0,5.2,194.0,0.65,11.9,8.5,0,0,0,0,Never,High,0,1.4,4,0,0,11,2024-01-06,0
P101474,89,Male,24.5,155.0,76.0,66.0,98.3,36.9,20.0,106.0,4.9,144.0,0.96,16.8,6.1,0,1,0,0,Never,Moderate,1,1.0,5,2,0,18,2025-07-24,0
P101475,40,Male,35.6,111.0,75.0,51.0,94.9,36.5,17.0,115.0,5.6,211.0,1.25,13.1,4.7,0,0,0,0,Former,Moderate,1,2.5,2,0,0,19,2025-11-01,0
P101476,53,Male,26.5,143.0,70.0,83.0,96.9,36.9,19.0,134.0,5.8,191.0,1.19,12.9,4.1,0,0,0,0,Never,Moderate,0,3.9,5,1,0,21,2024-08-31,1
P101477,46,Male,31.7,144.0,78.0,84.0,96.2,36.0,19.0,114.0,4.6,228.0,1.07,12.9,7.0,0,0,0,0,Never,Moderate,1,2.6,5,0,0,35,2024-12-29,0
P101478,34,Female,31.3,121.0,84.0,73.0,97.7,35.6,22.0,99.0,4.0,201.0,0.77,12.1,5.6,0,0,0,0,Never,Moderate,0,5.6,6,0,0,16,2024-08-24,1
P101479,48,Male,33.5,111.0,103.0,83.0,97.0,37.1,20.0,116.0,6.0,209.0,1.27,14.7,7.6,0,1,1,0,Never,Moderate,1,2.0,4,2,0,11,2025-08-21,0
P101480,29,Female,23.1,96.0,83.0,72.0,95.4,37.3,19.0,75.0,5.3,178.0,0.67,12.8,2.7,0,0,0,0,Never,Low,0,1.8,4,1,0,23,2025-03-01,0
P101481,18,Female,33.1,118.0,80.0,89.0,95.9,36.8,21.0,134.0,5.2,156.0,1.32,14.0,7.9,0,0,0,0,Never,Moderate,0,4.0,6,2,0,27,2024-10-05,0
P101482,39,Female,37.1,140.0,90.0,88.0,99.5,36.6,13.0,96.0,6.3,223.0,0.76,11.6,6.4,0,0,0,0,Former,Moderate,1,4.0,3,1,0,22,2024-06-26,0
P101483,26,Female,26.2,111.0,88.0,56.0,93.5,36.1,15.0,67.0,4.0,175.0,0.68,11.9,3.5,0,0,0,0,Former,Moderate,1,2.1,6,0,0,26,2025-08-05,0
P101484,48,Female,27.7,133.0,76.0,59.0,97.8,37.4,13.0,128.0,5.8,210.0,1.0,13.4,7.7,0,1,0,0,Never,High,0,1.0,6,1,0,15,2025-08-04,0
P101485,80,Female,24.8,111.0,107.0,100.0,98.7,37.0,20.0,135.0,6.8,251.0,1.15,11.8,8.0,1,0,0,0,Current,Moderate,0,5.6,5,3,2,9,2024-07-16,0
P101486,29,Female,25.7,126.0,80.0,87.0,97.5,36.9,19.0,78.0,5.4,189.0,0.96,11.2,5.4,0,0,0,0,Never,High,0,1.3,3,2,0,12,2024-01-14,0
P101487,18,Male,36.4,109.0,82.0,61.0,100.0,36.8,23.0,128.0,4.1,222.0,0.53,12.3,8.3,0,0,0,0,Never,Moderate,0,1.9,3,0,0,8,2025-10-30,0
P101488,26,Male,22.3,128.0,86.0,57.0,98.2,36.6,19.0,130.0,4.9,194.0,1.05,14.5,4.3,0,0,0,0,Former,Moderate,1,4.7,8,2,0,14,2025-03-07,1
P101489,55,Male,22.6,124.0,86.0,78.0,97.2,36.2,16.0,182.0,5.5,181.0,1.29,14.5,2.4,0,0,0,0,Current,Moderate,0,1.3,6,1,1,14,2024-05-01,1
P101490,38,Female,35.9,110.0,97.0,62.0,95.7,36.9,18.0,102.0,4.2,136.0,0.94,13.0,6.7,0,0,0,0,Current,Low,0,4.1,4,1,0,15,2024-06-14,1
P101491,53,Female,30.7,121.0,76.0,72.0,97.2,36.5,11.0,111.0,6.2,194.0,0.58,15.0,5.2,0,0,0,0,Never,Low,1,9.8,7,0,0,26,2024-11-03,1
P101492,20,Male,38.5,113.0,88.0,75.0,97.7,36.6,17.0,85.0,5.4,189.0,0.85,15.1,4.5,0,0,0,0,Never,High,1,1.5,2,2,0,19,2024-06-29,0
P101493,42,Male,25.2,109.0,83.0,75.0,96.5,37.7,10.0,128.0,5.1,162.0,0.66,14.6,8.1,0,0,0,0,Never,High,0,3.5,4,0,0,21,2025-07-11,0
P101494,47,Male,28.2,150.0,92.0,90.0,95.2,36.8,19.0,111.0,6.7,118.0,0.45,16.6,7.4,0,0,0,0,Never,Low,2,6.6,4,1,1,9,2024-07-16,0
P101495,49,Female,24.1,126.0,80.0,98.0,94.3,35.6,17.0,146.0,5.3,132.0,0.84,14.7,10.3,0,0,0,0,Never,Low,0,1.7,6,1,1,13,2024-04-24,0
P101496,58,Female,28.2,96.0,79.0,70.0,96.8,36.5,18.0,98.0,7.2,263.0,1.48,12.1,7.8,0,0,0,0,Never,Low,0,1.0,4,0,3,6,2024-03-09,0
P101497,74,Female,18.3,124.0,91.0,62.0,93.8,36.3,15.0,133.0,5.8,196.0,1.05,14.5,8.1,0,0,1,0,Never,High,1,4.0,8,2,0,12,2025-05-26,0
P101498,52,Male,31.1,148.0,86.0,81.0,95.7,36.7,16.0,104.0,5.0,140.0,0.93,17.3,5.3,0,0,0,0,Never,Moderate,0,4.3,3,1,0,14,2024-08-11,0
P101499,79,Male,29.2,123.0,76.0,96.0,92.1,36.1,20.0,55.0,5.3,172.0,1.29,17.3,2.7,0,1,0,0,Never,High,1,2.1,8,1,0,18,2024-01-10,1
P101500,56,Male,27.2,158.0,96.0,71.0,98.0,37.0,13.0,135.0,6.0,195.0,1.19,16.1,11.0,0,0,0,0,Never,High,0,3.4,6,1,0,17,2024-02-13,1
P101501,37,Female,25.5,116.0,89.0,86.0,98.6,36.7,20.0,55.0,4.7,212.0,0.55,13.8,8.0,0,0,0,0,Former,Moderate,0,3.8,3,2,0,8,2024-04-27,0
P101502,34,Female,22.8,139.0,80.0,66.0,96.6,36.6,15.0,104.0,5.7,186.0,1.48,13.6,10.2,0,0,0,0,Current,Low,1,2.3,4,2,1,11,2025-10-25,0
P101503,41,Female,31.3,149.0,77.0,76.0,99.8,36.9,12.0,105.0,5.3,272.0,1.03,15.4,4.6,0,0,0,0,Former,Low,0,1.0,4,1,1,17,2025-09-30,0
P101504,61,Male,21.4,141.0,86.0,62.0,98.9,36.8,22.0,114.0,5.6,274.0,1.29,12.6,9.0,0,0,1,1,Never,Moderate,1,2.9,6,2,1,16,2024-07-22,0
P101505,35,Male,30.2,107.0,88.0,76.0,97.4,36.7,23.0,111.0,5.6,210.0,0.79,16.5,7.6,0,0,0,0,Never,High,0,4.3,4,1,0,8,2025-04-18,0
P101506,84,Female,38.3,120.0,68.0,75.0,96.3,36.7,16.0,119.0,7.1,181.0,0.55,13.4,9.1,0,0,1,0,Never,Moderate,0,3.2,5,0,1,15,2024-05-22,0
P101507,53,Male,35.2,152.0,86.0,83.0,95.9,36.8,16.0,125.0,5.3,210.0,0.98,13.2,8.2,0,0,1,0,Former,Low,3,2.4,6,1,0,5,2024-11-18,0
P101508,81,Female,19.7,122.0,90.0,97.0,97.5,37.0,17.0,114.0,6.3,145.0,,11.4,6.5,0,0,0,0,Current,Moderate,2,2.9,5,2,0,10,2024-05-09,1
P101509,67,Male,24.7,151.0,59.0,71.0,96.2,36.9,15.0,207.0,6.4,233.0,1.38,12.0,7.6,0,1,0,0,Current,High,1,1.7,9,0,1,15,2024-01-23,1
P101510,42,Male,29.7,124.0,83.0,52.0,97.5,37.4,16.0,99.0,4.6,202.0,0.58,15.4,6.3,0,0,0,0,Current,Moderate,0,3.9,7,1,0,21,2025-03-08,0
P101511,34,Female,27.1,132.0,88.0,74.0,97.6,36.5,20.0,66.0,6.1,149.0,0.96,16.1,8.7,0,1,0,0,Current,Moderate,2,4.0,3,0,0,24,2025-11-30,0
P101512,72,Male,20.2,111.0,89.0,80.0,96.1,36.9,25.0,67.0,6.8,173.0,1.23,13.9,5.4,0,0,0,0,Never,High,2,2.3,3,2,1,5,2025-08-12,0
P101513,42,Male,29.5,121.0,90.0,78.0,98.5,38.0,17.0,134.0,6.6,217.0,1.1,13.3,5.6,1,0,0,0,Never,Moderate,0,1.0,2,0,1,18,2025-12-22,0
P101514,36,Female,27.4,115.0,78.0,74.0,96.1,36.8,22.0,55.0,4.6,132.0,0.82,15.0,6.7,0,0,0,0,Current,Low,0,1.7,5,1,0,13,2025-04-02,0
P101515,85,Male,37.5,140.0,74.0,94.0,96.5,36.8,19.0,76.0,5.3,161.0,0.61,14.8,8.2,1,1,1,0,Current,High,0,4.4,9,2,0,16,2024-07-28,1
P101516,53,Male,26.2,134.0,64.0,78.0,94.7,36.2,12.0,65.0,5.8,177.0,0.59,16.5,7.1,0,0,0,0,Never,High,0,1.0,7,1,0,13,2025-05-19,0
P101517,21,Female,33.6,136.0,91.0,75.0,96.0,36.4,18.0,123.0,5.4,232.0,0.7,11.7,6.3,0,0,0,0,Former,High,0,2.1,4,1,0,10,2025-06-21,0
P101518,54,Male,20.9,124.0,89.0,67.0,100.0,36.7,17.0,159.0,5.9,260.0,0.62,15.6,9.1,0,1,0,0,Never,Moderate,2,1.4,2,1,2,18,2025-06-11,0
P101519,51,Male,22.2,116.0,94.0,55.0,94.9,37.1,23.0,79.0,5.5,209.0,0.98,17.3,8.2,0,0,0,0,Never,High,0,2.8,1,2,0,18,2024-07-07,0
P101520,81,Male,31.3,139.0,77.0,80.0,97.3,37.1,23.0,132.0,6.3,90.0,0.88,13.0,6.1,1,1,0,1,Never,Moderate,1,6.1,6,6,0,11,2024-11-01,1
P101521,69,Male,33.1,117.0,91.0,79.0,95.7,37.0,19.0,55.0,4.0,153.0,0.7,14.1,4.9,0,0,0,0,Current,Moderate,1,1.9,8,2,0,20,2025-08-11,0
P101522,31,Male,22.5,148.0,66.0,63.0,92.5,37.2,22.0,83.0,6.2,,0.54,14.1,6.6,0,0,0,0,Former,Moderate,1,4.2,5,0,1,12,2025-05-21,0
P101523,28,Female,27.6,127.0,72.0,75.0,97.5,36.3,17.0,129.0,6.9,201.0,0.49,14.3,5.8,0,0,0,0,Current,High,1,6.0,4,1,1,13,2024-05-20,0
P101524,62,Male,20.3,128.0,84.0,74.0,95.5,37.0,22.0,103.0,5.4,96.0,1.02,16.5,5.5,1,0,0,0,Never,Moderate,0,1.4,5,2,0,10,2024-09-29,0
P101525,21,Male,26.6,136.0,87.0,69.0,97.1,36.8,18.0,142.0,5.6,285.0,0.71,13.6,8.5,1,0,0,0,Never,Low,0,3.0,4,1,2,15,2024-06-07,1
P101526,41,Male,31.9,130.0,98.0,66.0,98.3,36.9,22.0,55.0,7.2,144.0,0.98,18.0,9.3,0,0,0,0,Never,Low,0,2.9,6,0,1,26,2025-02-16,1
P101527,28,Male,25.2,101.0,78.0,81.0,96.9,36.6,22.0,82.0,5.6,217.0,0.91,14.7,6.9,0,0,0,0,Never,Moderate,0,1.0,4,0,0,25,2025-10-22,0
P101528,19,Female,26.2,110.0,71.0,73.0,97.1,36.3,21.0,122.0,5.7,151.0,0.85,12.3,7.0,0,0,0,0,Former,Moderate,1,5.3,5,2,0,16,2024-01-04,0
P101529,85,Male,21.6,154.0,75.0,69.0,94.9,36.2,15.0,134.0,7.9,279.0,1.29,16.7,5.5,0,0,0,0,Current,Low,2,7.9,4,0,2,5,2025-06-05,1
P101530,24,Male,24.1,130.0,74.0,66.0,97.8,37.0,17.0,125.0,7.3,141.0,0.51,14.8,4.9,0,0,0,0,Never,Moderate,1,2.7,3,0,1,12,2025-02-06,1
P101531,18,Male,36.6,100.0,102.0,74.0,96.2,37.0,21.0,114.0,4.5,173.0,1.09,14.0,8.6,0,0,0,0,Former,Low,0,3.7,3,0,0,20,2024-04-26,0
P101532,86,Male,27.9,142.0,92.0,87.0,92.9,36.7,21.0,78.0,5.9,235.0,1.22,13.8,4.5,1,1,0,0,Current,High,0,2.9,5,1,0,25,2024-02-29,0
P101533,31,Male,22.3,120.0,92.0,78.0,98.0,36.8,19.0,81.0,6.4,174.0,0.89,17.8,5.8,0,0,0,0,Never,Moderate,0,1.4,5,0,0,20,2024-11-05,0
P101534,77,Female,25.9,120.0,81.0,73.0,98.5,36.4,17.0,198.0,6.6,213.0,0.85,11.7,5.7,0,0,0,0,Former,Moderate,1,4.3,12,3,2,6,2025-06-19,1
P101535,20,Female,19.2,109.0,80.0,80.0,99.2,37.1,19.0,63.0,6.1,227.0,0.92,14.9,7.8,0,0,1,0,Current,Moderate,0,2.1,5,1,0,11,2025-01-12,0
P101536,29,Male,22.2,146.0,88.0,92.0,100.0,36.8,17.0,59.0,4.0,202.0,1.06,13.4,6.6,0,0,0,0,Former,High,0,3.3,5,1,0,16,2024-01-18,0
P101537,26,Female,34.6,96.0,76.0,82.0,97.9,36.6,17.0,131.0,4.0,153.0,0.54,12.3,5.9,0,0,0,0,Never,Low,2,7.7,1,1,0,20,2024-07-27,0
P101538,69,Male,26.8,120.0,80.0,79.0,97.4,37.2,25.0,78.0,7.6,165.0,1.23,14.5,9.7,0,0,0,0,Former,Moderate,0,1.9,5,3,1,14,2024-08-05,0
P101539,63,Male,37.3,136.0,76.0,84.0,98.5,37.1,16.0,177.0,6.7,180.0,1.53,15.3,10.3,0,0,0,0,Former,Moderate,0,5.3,3,2,3,6,2024-09-09,1
P101540,52,Female,27.0,159.0,78.0,74.0,94.9,36.0,20.0,208.0,6.1,217.0,0.99,10.7,7.8,0,1,0,0,Former,Moderate,1,4.6,2,0,2,5,2024-06-20,1
P101541,35,Female,27.3,140.0,82.0,78.0,93.5,36.8,19.0,101.0,4.5,226.0,1.32,12.4,7.3,0,0,0,1,Former,Moderate,2,7.6,5,3,0,21,2024-03-21,0
P101542,24,Male,30.8,114.0,72.0,70.0,95.6,36.3,14.0,118.0,,203.0,1.05,16.1,6.0,0,1,0,0,Current,Low,0,3.7,5,2,0,19,2024-01-25,0
P101543,59,Female,16.0,159.0,85.0,57.0,98.8,36.9,14.0,55.0,6.4,222.0,1.1,14.7,7.0,0,0,0,0,Current,Moderate,0,5.2,11,0,0,14,2025-10-17,0
P101544,34,Male,28.6,107.0,84.0,80.0,95.3,35.2,18.0,145.0,4.4,135.0,0.76,14.2,4.6,0,0,0,0,Never,Low,0,3.4,2,0,1,25,2024-10-01,1
P101545,61,Female,27.2,138.0,81.0,80.0,97.3,36.9,11.0,55.0,5.3,206.0,0.94,11.4,9.0,1,0,0,0,Current,High,1,1.0,5,0,0,27,2025-06-17,0
P101546,68,Female,35.2,142.0,75.0,73.0,97.5,37.2,24.0,68.0,6.4,193.0,0.78,13.5,6.7,0,0,0,0,Former,Low,1,1.9,5,1,0,18,2024-07-11,0
P101547,80,Female,32.5,121.0,85.0,88.0,96.9,36.7,17.0,122.0,6.7,,1.35,14.5,5.6,0,0,0,0,Current,Moderate,2,9.0,5,1,1,10,2025-12-27,0
P101548,54,Female,21.6,144.0,77.0,67.0,94.2,36.2,16.0,132.0,5.4,224.0,0.8,13.5,6.3,0,1,0,0,Never,High,2,3.9,4,0,0,15,2025-04-06,0
P101549,18,Female,34.0,119.0,81.0,55.0,97.1,37.8,22.0,55.0,6.3,155.0,1.4,15.3,8.4,1,0,0,0,Current,Low,0,4.4,8,1,0,16,2024-01-30,0
P101550,38,Female,26.1,142.0,92.0,68.0,95.7,37.4,18.0,91.0,6.5,191.0,1.09,12.8,6.5,0,0,0,0,Current,Moderate,1,1.0,3,0,0,4,2024-03-12,0
P101551,80,Female,22.8,104.0,71.0,58.0,99.6,36.5,20.0,59.0,4.5,246.0,,11.2,5.4,0,0,0,0,Former,Low,1,3.9,2,1,1,16,2025-02-18,0
P101552,56,Male,28.5,138.0,104.0,80.0,98.5,36.7,16.0,102.0,7.3,207.0,0.65,13.7,2.8,0,0,0,0,Former,Low,1,6.3,6,0,1,15,2024-01-28,0
P101553,63,Male,26.4,127.0,82.0,67.0,95.8,35.8,18.0,86.0,7.0,191.0,1.23,14.6,6.8,1,0,0,0,Never,High,3,4.3,8,2,1,9,2025-07-23,1
P101554,51,Male,35.5,152.0,86.0,88.0,99.7,37.0,21.0,90.0,6.0,149.0,0.94,13.5,7.8,0,1,0,0,Never,Low,0,1.0,8,0,0,14,2024-07-18,0
P101555,29,Female,29.3,129.0,73.0,88.0,97.1,36.1,15.0,131.0,5.4,216.0,0.78,12.4,6.0,0,0,0,0,Former,Low,1,1.8,6,0,0,24,2024-11-19,0
P101556,83,Male,28.6,157.0,95.0,65.0,93.5,37.1,20.0,128.0,6.9,142.0,0.92,16.0,5.4,0,0,0,0,Former,High,0,2.4,7,1,1,6,2024-02-03,0
P101557,74,Male,32.2,144.0,82.0,66.0,96.4,37.3,10.0,136.0,6.6,188.0,0.72,13.4,4.7,0,0,0,0,Former,Moderate,0,4.5,7,1,1,18,2024-11-08,1
P101558,90,Female,33.2,135.0,80.0,82.0,99.4,36.8,22.0,115.0,6.0,176.0,,11.2,6.2,1,0,0,0,Never,Low,0,1.1,4,0,0,17,2025-02-13,0
P101559,80,Male,31.6,149.0,78.0,88.0,95.0,36.3,16.0,142.0,7.6,210.0,1.04,15.8,4.8,1,0,0,0,Never,Low,1,1.1,8,2,2,13,2024-08-08,1
P101560,39,Female,34.9,144.0,79.0,52.0,96.4,37.4,18.0,109.0,4.0,172.0,0.6,14.2,4.8,0,0,0,0,Never,Low,0,6.0,4,0,0,12,2024-11-13,0
P101561,36,Female,30.7,138.0,85.0,79.0,94.1,36.8,18.0,92.0,5.0,183.0,1.1,11.6,6.0,0,0,0,0,Never,Moderate,0,1.0,5,1,0,24,2024-02-21,0
P101562,36,Male,28.4,91.0,83.0,50.0,94.3,36.8,15.0,129.0,6.0,160.0,1.55,15.7,10.8,0,0,0,0,Former,Moderate,1,6.7,7,0,1,14,2024-03-30,0
P101563,85,Male,33.9,119.0,84.0,69.0,95.0,36.3,14.0,103.0,6.2,186.0,0.71,12.9,11.7,1,1,0,0,Never,Moderate,0,1.8,8,3,1,11,2025-04-13,0
P101564,58,Male,27.0,156.0,75.0,89.0,94.3,36.9,20.0,102.0,6.5,203.0,0.99,13.5,9.4,1,1,0,0,Never,Moderate,1,5.6,11,2,0,5,2025-12-14,0
P101565,51,Male,27.7,111.0,74.0,112.0,95.4,36.7,20.0,150.0,4.6,182.0,1.47,12.9,8.3,0,0,1,0,Never,High,0,4.8,5,4,2,10,2025-04-04,0
P101566,88,Male,36.5,152.0,80.0,73.0,99.6,36.1,15.0,153.0,6.0,183.0,0.9,13.9,3.1,1,1,1,1,Never,High,1,5.8,8,7,1,1,2025-04-20,1
P101567,62,Male,35.9,145.0,87.0,61.0,96.4,37.5,20.0,104.0,7.0,201.0,1.16,15.4,12.4,0,0,0,0,Never,Moderate,4,7.4,7,0,2,7,2025-12-14,0
P101568,84,Male,27.5,124.0,91.0,70.0,97.9,37.7,20.0,149.0,4.9,233.0,1.21,15.0,7.8,0,0,0,0,Former,Low,1,5.0,6,3,1,28,2025-11-11,0
P101569,89,Male,25.1,103.0,92.0,77.0,98.5,37.3,17.0,74.0,6.1,223.0,1.3,13.4,4.8,1,1,0,1,Never,Moderate,1,2.8,8,1,0,28,2024-08-30,0
P101570,23,Female,,119.0,80.0,68.0,94.5,37.2,13.0,97.0,5.0,146.0,1.43,13.5,12.4,0,0,0,0,Current,Moderate,0,6.7,2,2,2,1,2024-02-24,0
P101571,44,Female,31.7,167.0,85.0,65.0,95.0,37.7,18.0,85.0,6.1,224.0,0.48,13.8,6.8,0,0,0,0,Former,Low,0,2.4,1,2,0,13,2025-05-16,0
P101572,71,Male,29.1,120.0,82.0,71.0,97.9,36.3,19.0,116.0,6.4,247.0,1.12,16.0,8.7,0,0,0,0,Current,Moderate,1,10.8,6,0,1,1,2024-10-08,0
P101573,77,Female,25.8,122.0,66.0,81.0,95.4,36.3,18.0,143.0,6.2,222.0,0.94,13.7,6.4,0,0,0,1,Never,High,1,10.4,5,2,1,5,2025-11-19,1
P101574,28,Male,29.2,112.0,79.0,74.0,97.8,36.6,16.0,127.0,5.3,103.0,0.92,15.7,8.1,0,0,0,0,Never,Moderate,1,3.3,2,0,0,8,2024-10-23,0
P101575,41,Male,27.4,152.0,78.0,65.0,99.5,36.9,20.0,125.0,5.7,205.0,0.99,14.7,8.4,0,0,0,0,Never,Low,0,2.1,7,0,0,18,2025-10-11,0
P101576,58,Male,24.0,129.0,72.0,68.0,93.9,36.7,22.0,118.0,5.7,248.0,0.94,13.4,8.7,0,0,0,0,Never,Low,1,1.6,2,1,1,1,2024-04-23,0
P101577,76,Male,28.2,124.0,78.0,71.0,95.9,36.3,15.0,111.0,6.1,178.0,0.77,14.8,9.6,1,0,0,0,Current,Moderate,0,2.5,3,2,0,22,2025-07-13,0
P101578,26,Male,28.9,153.0,82.0,64.0,96.1,36.8,17.0,150.0,6.8,305.0,0.64,16.4,7.3,1,1,0,0,Current,Moderate,0,4.7,6,1,3,2,2024-10-31,1
P101579,61,Male,25.5,143.0,71.0,68.0,95.6,36.8,28.0,60.0,4.8,112.0,1.63,16.5,7.4,0,0,0,0,Current,Low,2,3.4,3,0,1,22,2024-08-01,0
P101580,39,Male,32.2,115.0,74.0,84.0,95.4,37.2,19.0,87.0,6.0,201.0,0.58,10.7,6.9,0,0,0,0,Former,Moderate,1,5.6,5,1,1,20,2025-11-29,0
P101581,33,Male,34.2,109.0,96.0,73.0,95.6,36.8,14.0,123.0,4.7,222.0,1.29,15.5,4.9,0,0,0,0,Never,High,1,3.5,7,0,0,35,2025-05-05,1
P101582,55,Female,32.5,152.0,66.0,55.0,96.5,35.8,16.0,166.0,7.6,202.0,0.73,12.5,5.2,0,1,0,0,Former,High,1,5.5,2,0,2,15,2025-03-21,1
P101583,48,Female,26.1,132.0,80.0,88.0,96.8,37.0,15.0,100.0,5.9,201.0,1.02,13.8,6.4,0,0,0,0,Never,Moderate,0,1.7,3,0,0,19,2024-06-20,0
P101584,64,Female,31.4,107.0,71.0,81.0,98.2,37.6,19.0,105.0,4.8,155.0,1.59,11.2,9.5,1,0,0,0,Never,Low,1,5.9,4,1,1,5,2024-06-22,0
P101585,41,Female,27.9,101.0,74.0,59.0,96.5,36.8,19.0,65.0,5.5,173.0,1.2,12.6,7.9,0,0,0,0,Never,High,1,7.2,3,0,0,19,2025-12-18,0
P101586,78,Female,21.1,116.0,82.0,72.0,98.5,37.3,16.0,98.0,4.8,217.0,0.68,10.8,6.8,0,0,0,0,Never,High,1,1.2,11,2,1,7,2025-05-05,0
P101587,23,Male,31.0,108.0,71.0,66.0,95.4,36.5,24.0,132.0,4.9,115.0,0.82,14.0,6.5,1,0,0,0,Never,Moderate,1,1.0,8,0,0,20,2024-10-17,0
P101588,80,Male,28.3,101.0,90.0,84.0,94.3,37.1,18.0,173.0,6.7,229.0,1.08,15.5,4.7,1,0,0,0,Never,Moderate,0,3.5,7,2,2,8,2024-01-23,0
P101589,20,Male,41.0,110.0,94.0,72.0,96.0,36.4,16.0,96.0,6.7,191.0,1.2,15.3,5.2,0,0,0,0,Never,Moderate,2,2.9,2,1,1,12,2024-07-16,0
P101590,71,Male,35.1,119.0,92.0,75.0,97.3,36.7,14.0,88.0,7.0,216.0,1.08,17.8,7.3,0,1,1,0,Former,Moderate,0,4.7,12,1,1,2,2025-11-21,0
P101591,43,Female,31.2,123.0,92.0,74.0,98.0,36.7,15.0,113.0,5.6,227.0,0.93,12.4,7.0,1,0,1,0,Current,High,2,3.4,8,1,0,24,2024-07-28,1
P101592,45,Male,28.8,160.0,68.0,58.0,99.1,37.0,14.0,55.0,6.3,337.0,1.47,13.3,8.6,0,1,0,0,Never,Moderate,1,5.4,7,0,2,18,2024-02-19,0
P101593,19,Female,28.4,124.0,78.0,93.0,97.0,36.4,17.0,150.0,6.2,248.0,1.35,15.3,6.6,0,1,0,0,Never,Low,0,1.2,3,2,2,11,2025-08-14,0
P101594,69,Female,22.3,131.0,88.0,84.0,97.9,36.1,15.0,72.0,8.1,149.0,1.25,10.6,8.1,0,1,0,0,Former,Moderate,0,1.3,3,3,2,6,2025-07-16,0
P101595,30,Male,18.5,138.0,90.0,67.0,99.0,37.0,21.0,119.0,5.0,277.0,0.76,14.9,3.9,0,0,0,0,Former,Low,0,1.0,4,1,1,19,2025-02-09,0
P101596,66,Female,23.0,130.0,100.0,78.0,95.1,37.0,16.0,125.0,7.4,92.0,0.4,14.0,5.1,0,1,0,0,Never,Moderate,0,1.7,3,2,1,11,2024-12-25,0
P101597,70,Male,27.3,141.0,94.0,88.0,96.1,36.9,21.0,138.0,5.1,178.0,0.7,11.1,7.5,0,0,1,0,Former,High,1,3.2,4,0,0,30,2025-02-03,1
P101598,79,Male,16.6,140.0,93.0,77.0,100.0,37.3,20.0,126.0,7.2,202.0,0.65,13.0,7.0,0,0,0,0,Never,Low,2,2.1,9,4,1,8,2024-01-11,1
P101599,69,Male,24.7,136.0,109.0,95.0,98.0,36.7,20.0,116.0,5.5,183.0,1.04,12.6,8.5,1,0,0,0,Never,Moderate,1,8.2,8,0,0,24,2025-03-07,0
P101600,40,Male,26.2,178.0,82.0,111.0,97.4,36.9,21.0,125.0,5.1,206.0,1.23,15.8,9.4,0,0,0,0,Former,Moderate,1,7.0,3,1,0,16,2025-01-18,1
P101601,71,Female,26.4,150.0,80.0,74.0,98.1,36.6,25.0,145.0,5.8,189.0,1.62,12.2,9.4,0,0,0,0,Never,Moderate,0,6.0,9,2,2,6,2025-02-27,0
P101602,78,Male,24.1,117.0,85.0,69.0,94.1,36.7,15.0,180.0,5.4,244.0,1.44,14.2,10.2,0,0,0,0,Never,Low,0,5.2,4,0,3,10,2025-06-28,1
P101603,41,Male,25.7,137.0,72.0,64.0,95.3,37.0,21.0,72.0,6.1,177.0,0.77,12.2,10.6,0,0,0,0,Never,High,0,5.9,1,0,0,19,2025-04-25,0
P101604,27,Male,36.5,116.0,81.0,49.0,94.7,37.9,19.0,55.0,6.6,191.0,1.0,13.4,6.3,0,0,0,0,Never,Moderate,0,2.5,5,0,1,4,2024-05-04,0
P101605,82,Male,30.9,143.0,67.0,91.0,97.3,37.2,22.0,64.0,4.3,262.0,1.21,13.4,11.6,0,1,0,1,Never,Low,1,9.8,3,0,2,20,2025-03-13,0
P101606,28,Female,24.6,106.0,75.0,72.0,95.8,37.1,18.0,55.0,5.4,232.0,0.5,12.9,12.8,0,0,0,0,Current,High,1,3.6,7,1,1,7,2025-12-14,1
P101607,61,Female,27.1,114.0,82.0,87.0,96.7,37.2,22.0,72.0,5.0,189.0,0.79,12.7,4.4,0,0,0,0,Never,High,2,3.2,6,2,0,8,2024-11-07,0
P101608,35,Male,27.4,136.0,91.0,89.0,95.9,35.6,13.0,63.0,6.4,213.0,0.83,16.8,5.8,0,0,0,0,Never,Moderate,1,3.1,2,1,0,13,2024-02-23,0
P101609,27,Female,23.5,146.0,92.0,63.0,93.6,37.0,14.0,93.0,6.8,266.0,1.53,14.2,7.7,1,0,0,0,Never,Low,0,3.6,5,1,3,8,2025-12-15,0
P101610,74,Male,23.5,143.0,74.0,65.0,98.1,37.3,16.0,146.0,5.9,142.0,1.18,11.9,7.5,0,0,0,0,Never,High,2,4.2,7,1,1,12,2025-10-23,0
P101611,28,Male,32.8,144.0,101.0,97.0,93.3,36.8,18.0,130.0,4.9,154.0,0.57,16.1,3.6,0,0,0,0,Never,Low,0,1.5,3,1,0,18,2025-06-24,0
P101612,66,Female,25.3,140.0,84.0,75.0,95.2,36.8,18.0,93.0,4.5,173.0,0.93,14.5,5.1,0,1,0,0,Current,Moderate,1,1.8,5,1,0,13,2025-07-22,0
P101613,68,Male,21.8,137.0,85.0,68.0,94.1,36.3,15.0,96.0,7.8,203.0,1.18,14.7,7.4,0,1,0,0,Never,High,1,4.9,2,0,1,26,2025-09-17,0
P101614,22,Male,27.3,120.0,64.0,63.0,94.9,36.6,15.0,177.0,6.7,232.0,0.85,16.1,6.6,0,0,0,0,Never,Moderate,0,6.8,3,0,2,10,2024-03-08,0
P101615,30,Male,28.1,143.0,75.0,74.0,96.9,36.4,16.0,129.0,4.0,166.0,,16.4,8.2,0,0,0,0,Current,Moderate,0,3.5,7,0,0,21,2024-09-06,0
P101616,75,Male,17.2,152.0,94.0,94.0,98.7,37.3,12.0,123.0,6.7,159.0,1.28,13.9,10.9,0,0,1,0,Former,Moderate,1,3.9,6,0,1,1,2024-03-28,0
P101617,55,Female,27.3,132.0,84.0,84.0,93.7,37.6,17.0,117.0,4.9,145.0,1.41,11.4,4.5,0,0,0,0,Current,Moderate,1,5.1,9,2,1,1,2025-08-14,1
P101618,26,Male,32.0,127.0,82.0,78.0,95.5,37.8,18.0,98.0,5.1,159.0,1.27,15.4,11.6,0,0,0,0,Former,High,1,10.5,2,1,1,7,2025-05-08,0
P101619,90,Male,29.8,164.0,87.0,95.0,93.4,36.4,20.0,189.0,5.2,170.0,1.04,13.4,10.8,1,0,0,0,Current,High,2,8.6,8,1,1,8,2024-01-25,1
P101620,37,Male,39.1,130.0,67.0,93.0,95.4,36.5,19.0,103.0,4.0,113.0,0.91,15.0,3.5,0,0,0,0,Current,High,1,3.8,7,0,0,17,2024-03-19,0
P101621,18,Female,34.0,129.0,79.0,80.0,96.6,36.4,24.0,111.0,5.4,174.0,0.82,11.6,4.6,0,0,0,0,Never,Moderate,0,8.4,4,1,0,23,2024-01-21,0
P101622,85,Female,35.0,144.0,98.0,109.0,97.9,36.3,21.0,61.0,7.9,155.0,1.4,14.7,6.2,1,1,0,0,Current,High,1,2.6,8,1,1,1,2024-05-30,0
P101623,19,Female,42.1,127.0,91.0,73.0,92.7,36.3,21.0,84.0,4.6,189.0,0.8,12.1,5.1,0,0,0,0,Never,Low,0,5.1,5,0,0,22,2025-06-26,0
P101624,58,Female,31.4,119.0,81.0,89.0,97.5,36.5,19.0,94.0,6.7,260.0,0.49,12.9,8.2,0,0,0,0,Current,Moderate,0,3.3,9,1,2,5,2024-12-29,0
P101625,90,Female,28.3,143.0,100.0,71.0,94.7,37.2,20.0,136.0,7.2,134.0,1.26,12.8,8.3,0,1,1,0,Former,High,2,2.9,1,3,1,5,2025-03-23,1
P101626,60,Female,32.6,133.0,70.0,87.0,94.3,36.4,17.0,87.0,6.6,234.0,1.18,11.1,7.3,0,0,0,0,Former,High,4,3.9,7,1,1,28,2024-02-04,1
P101627,60,Female,24.6,165.0,73.0,73.0,96.6,37.3,18.0,115.0,7.7,258.0,0.92,14.8,7.7,0,0,0,0,Never,High,0,2.4,3,2,2,8,2025-05-20,1
P101628,46,Male,28.1,145.0,100.0,82.0,97.6,37.5,25.0,90.0,6.6,232.0,1.51,16.5,6.7,0,0,0,0,Never,Moderate,1,4.4,3,0,2,9,2024-10-11,0
P101629,27,Male,24.1,119.0,86.0,105.0,96.3,36.9,18.0,69.0,7.1,208.0,0.78,14.4,7.8,0,0,0,0,Never,High,2,10.3,5,0,1,7,2025-01-06,0
P101630,59,Male,29.6,145.0,80.0,87.0,94.5,37.4,13.0,74.0,4.9,245.0,1.42,13.5,10.8,0,1,0,0,Never,Moderate,3,2.4,7,0,2,16,2025-06-12,1
P101631,83,Male,24.1,141.0,83.0,82.0,96.3,36.1,20.0,112.0,6.9,219.0,0.72,14.2,2.2,0,1,0,0,Current,Moderate,3,5.0,7,1,1,6,2024-05-03,1
P101632,24,Male,23.9,151.0,72.0,67.0,95.2,36.5,21.0,111.0,6.8,237.0,1.0,13.8,7.0,0,0,0,0,Never,Moderate,1,7.2,5,0,1,5,2025-11-04,0
P101633,82,Female,29.7,127.0,87.0,78.0,97.6,36.9,19.0,111.0,5.5,200.0,0.87,13.2,7.9,0,0,0,0,Current,Moderate,1,4.2,8,2,0,5,2025-04-30,0
P101634,48,Female,26.8,135.0,84.0,64.0,98.4,36.9,11.0,82.0,4.0,155.0,0.97,12.7,6.8,0,0,0,0,Former,Low,1,5.9,6,1,0,11,2024-04-29,0
P101635,57,Male,17.5,131.0,83.0,87.0,98.3,37.5,23.0,108.0,4.7,239.0,1.23,13.2,7.6,0,1,0,0,Never,Moderate,0,5.1,7,1,0,25,2024-04-17,1
P101636,30,Male,19.9,131.0,69.0,86.0,96.5,36.3,19.0,97.0,4.9,294.0,0.78,16.3,9.4,0,0,0,0,Never,High,0,2.6,6,3,1,14,2025-09-19,0
P101637,63,Male,21.5,119.0,85.0,74.0,98.5,36.5,17.0,78.0,6.5,182.0,0.84,14.3,6.0,0,1,0,1,Never,Moderate,2,5.0,4,2,0,8,2025-05-27,0
P101638,31,Female,22.9,140.0,76.0,96.0,94.7,36.8,22.0,111.0,5.1,196.0,0.88,16.1,11.4,0,0,0,0,Never,Moderate,0,1.0,5,1,1,17,2024-03-04,0
P101639,37,Male,29.7,138.0,71.0,94.0,99.7,36.5,11.0,173.0,5.6,199.0,2.01,14.8,4.0,0,1,0,0,Former,Moderate,0,1.4,6,0,2,3,2024-10-31,0
P101640,70,Male,28.6,156.0,96.0,78.0,94.7,36.3,18.0,110.0,5.5,139.0,1.12,14.0,8.2,0,1,0,0,Never,Moderate,4,2.9,7,1,0,3,2024-06-18,1
P101641,21,Male,33.0,128.0,102.0,83.0,92.8,36.6,16.0,56.0,5.3,163.0,0.95,14.2,7.0,0,1,0,0,Never,High,0,15.4,5,2,0,25,2025-07-29,0
P101642,50,Female,31.4,125.0,101.0,69.0,99.0,36.7,23.0,163.0,5.7,207.0,1.12,12.6,7.5,1,0,0,0,Current,Low,1,5.8,4,0,1,28,2024-09-09,0
P101643,61,Male,33.1,147.0,89.0,73.0,95.2,37.5,19.0,158.0,5.4,191.0,0.55,14.4,8.5,0,1,0,0,Never,Moderate,2,1.0,3,0,1,10,2025-02-17,0
P101644,27,Female,30.7,116.0,78.0,63.0,96.7,36.3,15.0,158.0,6.3,196.0,1.19,13.5,5.8,0,0,0,0,Never,Low,2,1.5,7,0,1,6,2024-02-23,0
P101645,39,Female,28.6,149.0,81.0,70.0,94.6,37.2,22.0,109.0,6.9,196.0,1.17,11.5,9.2,0,0,0,0,Never,Moderate,0,1.0,4,0,1,17,2024-11-30,0
P101646,43,Male,33.2,150.0,86.0,75.0,100.0,37.4,10.0,83.0,4.7,191.0,0.48,13.1,11.0,0,0,0,0,Never,Moderate,1,2.8,5,0,0,20,2024-02-06,0
P101647,66,Female,32.3,155.0,79.0,56.0,99.8,36.5,20.0,84.0,6.2,166.0,1.72,14.4,6.4,0,1,0,0,Never,Low,0,2.8,9,0,1,12,2025-01-30,1
P101648,89,Female,29.5,143.0,98.0,83.0,99.3,36.9,14.0,159.0,5.0,212.0,1.12,14.0,6.0,0,0,0,0,Never,Low,2,1.0,11,1,1,7,2024-12-27,1
P101649,79,Female,34.1,127.0,63.0,88.0,96.7,37.1,16.0,173.0,4.6,207.0,0.77,10.8,9.5,0,0,1,0,Never,High,3,7.7,2,3,2,13,2025-03-07,1
P101650,31,Male,16.0,132.0,78.0,76.0,98.3,37.0,17.0,76.0,6.5,162.0,1.03,15.4,9.0,0,0,0,0,Former,Low,0,1.0,4,2,0,16,2024-05-03,0
P101651,19,Female,26.0,135.0,88.0,45.0,96.4,36.8,21.0,55.0,7.2,211.0,0.65,14.5,3.9,1,0,1,0,Former,High,1,4.4,4,2,1,8,2024-11-02,1
P101652,21,Female,25.9,119.0,72.0,73.0,98.5,36.5,26.0,106.0,5.2,171.0,0.46,13.6,8.1,0,0,0,0,Never,Moderate,1,4.6,6,1,0,9,2024-05-31,0
P101653,61,Male,33.5,156.0,80.0,59.0,95.8,37.1,12.0,82.0,7.6,220.0,0.96,12.1,8.6,0,0,1,0,Never,High,0,2.3,7,2,1,12,2025-03-01,1
P101654,29,Male,35.7,139.0,87.0,69.0,99.4,36.6,20.0,83.0,5.0,193.0,0.87,12.6,6.9,0,0,0,0,Current,Moderate,0,1.8,3,0,0,10,2024-07-30,0
P101655,34,Female,20.0,115.0,96.0,93.0,95.7,36.8,26.0,101.0,5.4,210.0,0.51,13.1,10.0,0,0,0,0,Current,High,1,3.0,1,0,0,23,2024-02-05,0
P101656,79,Female,34.8,167.0,71.0,47.0,95.9,36.9,16.0,132.0,7.6,202.0,0.87,16.0,3.8,0,1,1,0,Never,Low,1,3.4,8,0,1,23,2024-09-21,1
P101657,81,Female,21.4,137.0,70.0,66.0,95.7,37.2,16.0,90.0,5.4,193.0,0.8,12.4,2.7,0,0,0,0,Former,Low,0,1.3,6,0,0,29,2025-08-17,0
P101658,79,Female,21.6,117.0,74.0,86.0,96.8,37.8,19.0,122.0,7.0,207.0,0.99,14.1,9.1,1,0,1,0,Never,Moderate,0,1.6,5,4,1,1,2025-04-18,0
P101659,36,Male,26.3,116.0,66.0,68.0,95.8,36.4,21.0,105.0,5.3,227.0,1.14,13.6,5.4,1,0,0,0,Never,High,0,2.0,3,2,0,9,2025-11-20,1
P101660,63,Male,25.8,159.0,68.0,67.0,97.4,36.8,20.0,55.0,5.3,200.0,1.08,17.1,6.9,0,0,0,0,Never,High,0,3.9,8,1,0,18,2025-07-11,0
P101661,62,Female,19.4,164.0,73.0,100.0,95.6,36.1,17.0,133.0,5.5,199.0,1.03,13.3,4.7,0,0,0,0,Never,High,1,6.0,7,2,0,23,2025-05-19,1
P101662,31,Male,30.9,147.0,93.0,81.0,97.9,37.5,15.0,93.0,4.0,182.0,0.43,12.8,8.7,0,0,0,0,Never,High,0,3.1,1,0,0,17,2025-06-02,1
P101663,58,Male,31.0,155.0,79.0,87.0,99.2,36.8,23.0,69.0,7.0,126.0,1.02,13.4,7.7,0,1,0,0,Former,High,0,2.4,2,0,1,13,2024-04-17,0
P101664,56,Female,33.0,153.0,83.0,82.0,96.6,36.7,15.0,88.0,6.1,196.0,0.71,11.9,6.7,1,0,0,0,Never,Moderate,1,3.5,5,0,0,3,2025-12-06,0
P101665,46,Male,25.2,141.0,72.0,78.0,100.0,36.8,11.0,118.0,5.6,147.0,0.51,14.8,4.5,1,0,0,0,Never,Moderate,0,1.8,9,0,0,23,2024-01-15,0
P101666,72,Male,27.3,140.0,90.0,91.0,98.5,36.9,13.0,118.0,5.4,173.0,1.31,13.6,6.7,0,1,0,0,Current,Moderate,0,1.2,6,2,0,5,2024-08-01,1
P101667,67,Male,27.3,143.0,102.0,99.0,100.0,36.4,16.0,138.0,6.3,162.0,0.68,13.9,7.7,0,0,0,1,Former,Moderate,0,6.6,3,1,0,16,2025-08-15,0
P101668,56,Male,36.3,145.0,73.0,56.0,96.4,37.4,23.0,128.0,6.7,,1.04,17.5,5.9,0,0,0,0,Never,High,1,2.5,4,1,1,9,2024-07-25,0
P101669,70,Male,16.0,122.0,100.0,76.0,93.5,37.1,14.0,75.0,5.8,170.0,0.92,13.7,6.0,0,0,0,0,Never,Low,3,2.6,4,2,0,22,2025-06-07,1
P101670,73,Male,22.5,147.0,87.0,75.0,95.2,37.2,23.0,55.0,6.9,213.0,0.8,14.9,7.0,0,0,0,0,Never,High,1,2.0,9,3,1,6,2025-03-06,0
P101671,59,Male,27.5,158.0,83.0,71.0,95.4,36.5,23.0,118.0,6.2,,1.37,14.2,8.3,0,1,0,1,Current,High,0,4.0,5,2,0,14,2024-09-15,0
P101672,37,Male,21.9,127.0,85.0,88.0,94.8,36.4,19.0,132.0,5.6,199.0,0.79,14.5,7.8,0,1,0,0,Former,Low,0,2.0,5,0,0,18,2024-09-30,0
P101673,73,Female,26.2,129.0,87.0,79.0,92.5,36.7,10.0,109.0,6.9,241.0,0.92,14.2,9.4,0,0,0,0,Never,Low,0,2.7,6,0,2,8,2024-08-30,1
P101674,70,Female,26.8,143.0,102.0,99.0,98.3,37.2,14.0,139.0,5.6,311.0,0.85,9.9,6.8,0,0,1,0,Never,Moderate,1,1.6,9,5,2,13,2024-08-24,1
P101675,89,Female,24.1,126.0,90.0,89.0,93.2,37.1,16.0,84.0,5.1,214.0,1.17,13.4,9.0,1,0,0,0,Former,Low,3,4.7,10,0,0,51,2024-05-28,1
P101676,28,Female,27.8,107.0,86.0,92.0,98.2,36.4,24.0,96.0,5.5,230.0,0.89,12.6,4.7,0,0,0,0,Current,Moderate,2,2.3,4,0,0,11,2024-11-13,0
P101677,48,Male,30.8,151.0,78.0,62.0,100.0,37.1,16.0,79.0,5.8,206.0,0.8,14.9,7.8,0,0,0,0,Never,Moderate,0,4.1,4,0,0,16,2025-10-19,0
P101678,85,Female,26.3,129.0,92.0,66.0,95.1,36.3,15.0,143.0,6.0,220.0,0.85,12.9,7.7,0,0,0,0,Never,Moderate,1,11.5,5,1,1,8,2025-11-17,0
P101679,55,Female,25.1,133.0,73.0,67.0,97.2,36.5,19.0,81.0,6.9,133.0,1.0,12.9,11.7,0,0,0,0,Former,Low,2,5.0,4,0,2,14,2024-04-29,0
P101680,86,Male,26.6,126.0,85.0,92.0,95.8,36.9,13.0,191.0,6.7,92.0,0.93,15.0,5.7,0,0,0,0,Never,High,0,4.9,6,1,2,12,2025-10-16,1
P101681,18,Male,27.5,150.0,109.0,64.0,98.0,36.2,18.0,89.0,5.3,115.0,1.39,13.8,4.6,0,0,0,0,Current,High,2,10.4,3,1,0,22,2025-10-09,1
P101682,20,Female,18.5,143.0,55.0,65.0,94.4,36.3,15.0,135.0,5.4,171.0,0.76,16.2,5.5,0,1,0,0,Current,Low,0,3.3,3,0,0,9,2025-12-16,0
P101683,76,Female,29.9,131.0,86.0,63.0,96.3,37.6,27.0,100.0,6.2,247.0,1.17,11.8,5.7,0,1,0,0,Never,Low,1,3.6,3,0,1,22,2024-03-29,0
P101684,44,Male,25.2,111.0,84.0,109.0,98.5,37.5,15.0,158.0,6.2,205.0,0.96,16.8,7.8,0,0,0,0,Never,Moderate,0,3.4,4,1,1,1,2025-08-20,0
P101685,55,Male,34.1,127.0,80.0,74.0,96.4,37.9,25.0,158.0,5.9,180.0,0.93,12.7,4.5,0,0,0,0,Current,High,0,7.4,9,2,1,15,2024-04-15,1
P101686,49,Male,30.6,142.0,80.0,82.0,93.6,37.0,14.0,100.0,5.6,217.0,1.25,14.2,7.7,1,1,0,0,Current,High,0,4.6,2,1,0,11,2025-04-12,0
P101687,47,Male,33.6,135.0,83.0,62.0,98.7,37.1,19.0,121.0,4.6,208.0,1.15,15.1,7.1,1,1,0,0,Never,High,0,1.4,3,2,0,5,2024-12-01,0
P101688,86,Female,22.2,138.0,82.0,88.0,94.2,36.7,20.0,163.0,5.6,144.0,1.27,11.8,8.8,0,1,0,0,Never,Moderate,0,3.9,4,0,1,17,2024-07-08,0
P101689,24,Female,25.6,132.0,83.0,55.0,96.6,36.6,18.0,118.0,5.7,213.0,1.08,11.7,8.2,0,0,0,0,Former,Low,1,3.1,4,0,0,14,2024-07-11,0
P101690,74,Male,21.0,148.0,79.0,64.0,97.5,37.2,18.0,84.0,6.3,227.0,0.62,14.2,8.7,0,0,0,1,Never,Low,3,7.2,6,2,0,24,2024-01-07,1
P101691,82,Female,23.8,135.0,104.0,67.0,96.7,37.5,21.0,120.0,4.8,275.0,1.22,14.5,8.0,0,0,0,0,Former,Low,2,3.1,4,2,1,15,2025-05-16,1
P101692,65,Female,34.0,141.0,80.0,79.0,100.0,37.2,19.0,89.0,5.5,192.0,0.98,13.3,9.3,0,0,0,0,Never,Moderate,0,8.5,4,3,0,10,2025-06-16,0
P101693,46,Female,35.2,115.0,87.0,66.0,97.8,36.4,17.0,117.0,4.9,259.0,0.84,16.0,4.0,0,0,0,0,Former,Moderate,1,2.3,6,2,1,8,2025-01-06,0
P101694,29,Male,21.5,173.0,74.0,94.0,96.1,37.0,16.0,81.0,6.8,180.0,1.91,15.4,4.1,0,0,0,0,Current,High,0,1.6,6,2,2,7,2025-08-02,0
P101695,67,Female,25.1,129.0,92.0,82.0,97.6,36.4,17.0,128.0,6.2,283.0,0.64,12.5,7.0,0,1,0,0,Never,Moderate,1,1.6,5,2,1,25,2024-12-21,0
P101696,52,Female,27.1,136.0,89.0,68.0,96.9,36.6,17.0,55.0,6.2,172.0,0.98,9.2,7.2,0,0,0,0,Current,High,0,5.0,6,0,1,3,2024-09-13,1
P101697,28,Female,30.5,139.0,85.0,88.0,96.6,37.6,17.0,69.0,5.5,219.0,0.89,10.9,5.0,0,1,0,0,Former,High,0,1.2,4,2,1,2,2025-06-04,0
P101698,44,Male,18.3,124.0,71.0,71.0,96.9,36.2,18.0,83.0,5.2,206.0,0.96,14.2,8.1,0,0,0,0,Former,Moderate,1,3.0,5,1,0,26,2024-10-21,0
P101699,88,Male,19.2,137.0,77.0,69.0,95.7,37.9,13.0,113.0,5.9,252.0,0.83,12.3,4.4,1,0,0,0,Current,Low,1,2.2,5,1,1,5,2024-12-14,0
P101700,37,Female,30.0,130.0,98.0,87.0,96.9,37.1,14.0,57.0,6.1,246.0,1.02,12.9,6.5,0,0,0,0,Current,Low,0,2.8,2,0,1,17,2025-01-19,0
P101701,31,Male,17.4,114.0,73.0,47.0,95.6,36.6,21.0,78.0,5.3,155.0,0.63,14.9,7.0,0,0,0,0,Current,High,1,5.8,6,0,0,23,2024-08-13,1
P101702,67,Female,25.2,141.0,89.0,85.0,93.1,36.8,10.0,142.0,6.5,182.0,1.13,12.8,8.1,0,0,0,0,Current,Low,2,2.0,7,1,1,10,2025-10-21,1
P101703,32,Male,28.3,102.0,71.0,67.0,98.6,36.5,22.0,140.0,5.7,276.0,0.99,14.2,6.0,0,0,0,0,Never,Moderate,0,5.0,3,0,1,20,2025-07-03,0
P101704,85,Female,29.7,166.0,94.0,67.0,95.5,36.5,16.0,55.0,6.5,199.0,1.04,16.1,9.4,0,1,0,0,Never,Moderate,1,1.0,6,2,0,1,2025-07-17,0
P101705,80,Male,26.8,149.0,77.0,99.0,96.8,36.8,24.0,97.0,6.5,226.0,1.07,14.7,10.4,0,0,1,0,Never,Moderate,1,5.8,6,2,0,17,2025-02-11,0
P101706,89,Male,25.6,148.0,75.0,70.0,95.1,36.6,22.0,164.0,5.8,154.0,1.56,14.4,10.1,0,0,0,0,Current,High,1,2.6,5,1,2,23,2025-04-11,0
P101707,84,Male,31.9,107.0,77.0,87.0,95.2,36.3,17.0,132.0,5.9,186.0,1.26,13.1,10.6,0,1,1,0,Current,Low,0,6.1,11,5,0,9,2024-01-22,1
P101708,35,Male,29.0,117.0,76.0,79.0,94.6,36.7,17.0,124.0,6.4,168.0,1.0,14.6,9.1,1,1,0,0,Former,Moderate,2,4.2,4,0,0,23,2025-01-23,0
P101709,33,Male,24.1,154.0,85.0,81.0,98.2,36.1,24.0,129.0,7.2,230.0,1.07,13.9,8.2,0,0,0,0,Former,Low,0,2.3,2,0,1,33,2024-01-17,0
P101710,43,Male,27.7,202.0,82.0,73.0,98.6,36.2,22.0,77.0,6.5,223.0,0.99,17.3,5.5,0,0,0,1,Never,Low,0,2.8,5,1,0,15,2024-09-19,0
P101711,52,Male,29.5,153.0,71.0,72.0,96.5,36.2,21.0,120.0,4.0,241.0,1.16,15.5,5.9,0,1,0,0,Never,Moderate,1,4.4,5,0,1,6,2024-03-27,1
P101712,82,Female,36.4,153.0,84.0,94.0,95.5,37.6,22.0,134.0,5.5,154.0,0.93,15.3,8.9,0,0,1,1,Former,Moderate,4,5.0,6,3,0,1,2024-11-16,1
P101713,71,Female,31.6,143.0,72.0,87.0,93.5,37.0,14.0,120.0,6.2,216.0,1.68,,3.4,1,0,0,0,Never,Low,0,3.3,9,1,1,14,2025-01-07,0
P101714,65,Female,33.8,119.0,89.0,70.0,97.9,37.1,19.0,101.0,5.0,196.0,1.1,15.1,9.6,1,0,0,0,Never,Moderate,0,1.0,7,0,0,10,2024-11-04,0
P101715,82,Male,24.3,153.0,92.0,63.0,95.3,36.8,15.0,116.0,5.2,102.0,1.89,13.1,5.8,0,0,0,0,Never,High,3,3.3,8,0,1,21,2025-01-30,0
P101716,65,Female,24.8,115.0,83.0,69.0,94.5,37.1,14.0,75.0,5.6,213.0,1.67,13.6,5.9,1,0,1,0,Never,Low,0,4.2,7,3,1,17,2024-06-19,0
P101717,45,Female,26.3,111.0,84.0,88.0,96.6,37.4,19.0,133.0,6.1,244.0,0.84,11.9,8.6,0,0,0,0,Never,Moderate,0,2.2,5,0,1,12,2025-01-05,0
P101718,48,Male,26.8,110.0,99.0,90.0,95.9,37.0,17.0,61.0,6.3,255.0,1.06,13.9,7.6,0,0,1,0,Current,Moderate,2,5.0,6,0,1,4,2025-03-27,0
P101719,55,Female,22.3,149.0,81.0,83.0,93.8,37.6,17.0,84.0,5.5,194.0,1.12,13.3,6.2,0,0,0,0,Never,High,0,6.7,5,0,0,24,2024-08-28,0
P101720,24,Female,34.1,128.0,71.0,57.0,94.0,36.8,16.0,131.0,5.1,227.0,1.18,11.8,5.2,0,0,0,0,Former,Moderate,1,1.3,5,0,0,16,2025-05-27,0
P101721,72,Male,32.1,136.0,89.0,85.0,97.1,37.1,14.0,126.0,5.3,216.0,1.1,12.4,4.0,0,1,0,1,Former,Moderate,3,7.9,6,1,0,22,2024-03-28,1
P101722,65,Male,25.9,134.0,72.0,92.0,95.3,37.2,24.0,98.0,6.4,166.0,1.38,16.1,2.7,0,0,0,1,Never,Low,1,4.2,4,2,0,14,2024-08-07,0
P101723,71,Male,30.8,115.0,81.0,78.0,97.4,36.3,19.0,56.0,6.4,161.0,0.57,12.1,9.9,1,0,0,0,Never,Low,2,1.3,7,4,0,13,2025-12-13,0
P101724,56,Male,28.7,121.0,76.0,100.0,96.8,36.8,13.0,111.0,6.7,193.0,0.85,17.1,6.6,0,1,0,0,Never,High,1,5.9,5,1,1,17,2025-01-12,0
P101725,75,Female,31.2,124.0,76.0,60.0,98.4,35.9,19.0,94.0,6.2,186.0,1.02,12.0,5.2,1,0,0,0,Never,Low,2,9.1,5,0,0,17,2024-01-13,0
P101726,87,Female,20.5,113.0,82.0,84.0,95.0,36.7,23.0,135.0,5.1,198.0,0.92,14.0,8.5,1,0,0,0,Never,Moderate,1,1.0,9,0,0,22,2025-04-20,0
P101727,59,Female,26.7,125.0,92.0,64.0,96.9,36.7,21.0,96.0,5.6,179.0,0.54,14.1,5.4,0,0,0,0,Never,Moderate,1,1.0,5,0,0,29,2025-05-13,0
P101728,50,Male,27.2,114.0,93.0,89.0,97.6,36.6,16.0,55.0,6.6,203.0,1.25,12.9,5.5,1,0,0,0,Current,High,0,5.9,8,2,1,2,2024-11-27,1
P101729,25,Male,30.7,139.0,90.0,83.0,95.4,36.6,16.0,59.0,4.0,154.0,0.62,15.3,9.4,0,0,0,0,Never,Low,0,4.9,1,0,0,10,2024-03-02,0
P101730,74,Female,24.2,146.0,87.0,98.0,98.5,37.1,15.0,101.0,6.0,253.0,0.88,13.5,8.5,0,0,1,0,Never,Moderate,1,2.6,7,1,1,12,2025-05-19,1
P101731,83,Male,16.0,114.0,81.0,82.0,93.5,36.4,15.0,122.0,6.5,126.0,1.31,15.5,7.4,0,0,0,0,Former,Moderate,1,3.4,13,0,0,10,2024-12-11,0
P101732,69,Female,21.9,129.0,60.0,71.0,95.0,37.7,16.0,75.0,7.8,192.0,1.4,15.0,5.9,0,0,0,0,Former,High,1,2.3,4,2,1,1,2024-07-26,0
P101733,81,Female,27.2,167.0,88.0,70.0,93.4,37.1,13.0,91.0,5.6,187.0,0.93,14.4,7.5,0,1,1,0,Never,High,2,2.2,8,6,0,13,2025-06-19,1
P101734,80,Male,27.8,119.0,61.0,73.0,95.2,36.4,16.0,145.0,6.1,190.0,0.8,13.3,8.2,1,0,0,0,Never,Moderate,0,1.7,2,2,1,15,2025-08-02,0
P101735,76,Female,36.3,142.0,64.0,70.0,96.2,37.1,19.0,156.0,7.6,163.0,0.85,13.0,7.5,0,1,0,0,Former,Moderate,0,1.0,7,2,2,3,2024-05-12,0
P101736,54,Male,30.5,134.0,81.0,92.0,98.0,37.3,17.0,122.0,5.3,138.0,1.32,13.4,9.4,0,0,0,0,Current,Low,1,7.5,7,0,0,28,2025-10-11,1
P101737,25,Male,27.9,148.0,83.0,91.0,96.2,37.0,19.0,98.0,6.5,204.0,1.25,13.7,5.0,0,0,0,0,Never,Moderate,2,4.0,4,1,0,33,2025-12-13,0
P101738,18,Male,27.3,133.0,76.0,58.0,95.4,36.3,24.0,84.0,5.8,187.0,1.0,15.3,6.5,0,0,0,0,Former,Moderate,0,2.1,2,3,0,17,2025-01-14,0
P101739,32,Male,33.2,123.0,96.0,76.0,93.7,37.9,24.0,128.0,5.4,210.0,1.02,15.5,8.1,0,0,0,0,Current,High,0,2.7,3,1,0,26,2025-04-08,0
P101740,49,Male,24.4,133.0,87.0,77.0,94.3,37.1,18.0,101.0,6.2,132.0,0.63,15.5,5.9,0,0,0,1,Former,Low,0,2.8,4,1,0,17,2025-11-15,0
P101741,72,Female,26.8,136.0,81.0,67.0,97.1,36.2,21.0,148.0,,260.0,1.2,13.6,8.9,0,0,0,0,Never,Low,0,2.1,6,3,2,7,2024-07-16,1
P101742,51,Female,21.8,131.0,96.0,81.0,98.1,36.9,17.0,146.0,7.8,192.0,1.22,13.9,9.7,0,0,0,0,Never,High,1,2.4,7,0,2,5,2024-04-05,0
P101743,19,Male,34.9,106.0,96.0,94.0,95.7,36.7,16.0,121.0,4.0,90.0,0.95,13.9,7.1,0,0,0,0,Former,Low,1,5.2,3,1,0,15,2024-03-18,0
P101744,33,Female,29.5,151.0,86.0,87.0,98.7,36.8,14.0,92.0,5.3,202.0,1.01,15.2,7.8,0,0,0,0,Never,Moderate,0,1.4,4,0,0,22,2024-11-29,0
P101745,89,Female,23.8,155.0,77.0,92.0,94.8,36.2,18.0,104.0,6.0,177.0,,14.2,6.6,0,0,0,0,Never,Low,1,7.1,8,1,0,16,2025-02-27,0
P101746,90,Male,26.9,119.0,79.0,67.0,95.8,36.8,22.0,62.0,6.2,152.0,1.45,14.6,6.4,0,0,0,0,Never,High,3,2.0,7,2,1,14,2024-08-03,0
P101747,45,Male,30.2,126.0,67.0,76.0,95.9,36.4,14.0,109.0,6.7,242.0,0.6,16.3,9.6,0,0,0,0,Never,High,1,9.8,4,0,2,21,2025-02-17,0
P101748,76,Male,26.2,131.0,83.0,67.0,99.3,36.6,17.0,114.0,5.7,230.0,1.07,13.8,5.3,1,0,0,0,Never,Moderate,1,6.0,4,1,0,22,2025-07-22,0
P101749,70,Female,24.7,115.0,73.0,79.0,96.7,37.0,17.0,67.0,6.5,208.0,1.19,13.4,8.7,0,0,0,0,Former,Low,1,2.4,7,1,0,24,2024-06-24,1
P101750,85,Female,24.1,104.0,81.0,80.0,93.3,36.6,19.0,201.0,6.4,198.0,1.42,14.5,6.0,1,1,0,0,Never,Moderate,0,3.4,12,1,2,13,2025-12-02,1
P101751,82,Male,29.3,124.0,87.0,88.0,98.2,36.7,19.0,137.0,6.9,214.0,1.39,12.8,5.3,0,1,0,0,Never,Low,0,3.4,6,1,1,8,2024-09-30,1
P101752,63,Female,25.6,128.0,63.0,92.0,99.8,37.2,20.0,85.0,5.8,135.0,1.36,16.5,9.0,1,1,0,1,Never,Low,1,2.8,3,1,0,5,2025-08-10,0
P101753,46,Male,25.1,107.0,69.0,84.0,96.1,36.4,25.0,183.0,6.0,,0.9,13.7,8.4,0,0,0,0,Never,Moderate,0,1.0,4,0,1,10,2025-01-07,1
P101754,63,Female,20.6,137.0,78.0,66.0,94.9,36.5,15.0,97.0,5.8,242.0,1.69,12.5,5.7,0,1,0,0,Never,Low,2,2.2,4,2,2,5,2025-03-11,0
P101755,41,Female,27.9,151.0,81.0,60.0,98.1,36.2,15.0,139.0,4.8,235.0,1.28,13.2,6.7,1,1,0,0,Never,Low,1,1.0,3,1,0,13,2025-08-10,1
P101756,43,Female,26.6,145.0,77.0,82.0,100.0,36.4,19.0,114.0,7.2,155.0,0.88,14.3,6.8,0,0,0,0,Never,Moderate,1,3.5,4,0,1,18,2024-02-15,0
P101757,62,Male,25.8,131.0,80.0,94.0,98.0,36.9,23.0,98.0,5.3,202.0,0.96,15.9,7.5,0,0,0,0,Never,High,0,1.1,3,3,0,28,2025-11-09,0
P101758,59,Male,28.5,102.0,75.0,76.0,93.6,37.1,13.0,102.0,,152.0,1.24,16.8,6.0,0,0,0,0,Never,Moderate,0,3.0,7,3,0,20,2024-03-23,0
P101759,60,Female,31.4,145.0,68.0,58.0,97.9,36.4,19.0,164.0,5.1,201.0,0.9,13.1,10.5,0,0,0,0,Current,Moderate,1,4.0,0,0,1,15,2025-10-03,0
P101760,46,Male,31.1,134.0,76.0,101.0,97.2,37.1,17.0,142.0,6.1,166.0,0.63,15.1,4.8,0,0,0,0,Never,Low,0,2.6,3,1,1,7,2025-02-17,0
P101761,47,Male,30.4,139.0,80.0,82.0,94.8,36.9,21.0,107.0,5.3,162.0,1.01,12.3,4.0,0,0,1,0,Former,Low,3,4.1,6,1,0,18,2024-08-30,1
P101762,18,Male,26.2,161.0,77.0,78.0,98.8,36.1,20.0,55.0,6.8,,0.4,13.0,6.8,0,0,0,0,Current,High,0,1.8,5,2,1,20,2025-10-12,0
P101763,61,Female,24.6,119.0,84.0,62.0,97.3,36.9,18.0,125.0,6.4,167.0,1.13,13.1,3.0,0,0,1,0,Current,Low,1,2.3,10,3,0,27,2025-11-11,1
P101764,60,Male,22.1,90.0,87.0,76.0,98.9,37.4,20.0,70.0,5.7,165.0,1.21,15.1,5.4,0,0,0,0,Never,Moderate,0,2.8,7,0,0,11,2024-01-13,1
P101765,86,Female,24.4,118.0,91.0,84.0,94.6,35.9,16.0,137.0,,208.0,1.03,13.1,5.7,1,1,0,0,Former,High,1,19.8,12,2,0,25,2024-09-22,1
P101766,54,Female,27.6,141.0,76.0,82.0,97.2,37.8,21.0,88.0,5.7,139.0,1.33,14.0,7.0,0,1,0,0,Never,Moderate,0,3.1,9,2,0,12,2025-09-21,0
P101767,52,Female,23.4,133.0,66.0,68.0,94.9,36.5,23.0,91.0,6.3,183.0,1.24,13.1,6.6,1,1,0,0,Never,High,2,3.4,4,0,0,16,2024-04-02,0
P101768,22,Female,28.0,108.0,93.0,75.0,96.9,36.0,18.0,85.0,5.4,137.0,0.63,12.8,7.5,0,1,0,0,Former,Moderate,0,1.4,6,0,0,17,2025-10-04,0
P101769,32,Male,22.5,106.0,85.0,69.0,99.2,36.9,17.0,144.0,5.5,144.0,0.96,18.0,5.4,0,0,0,0,Current,Moderate,1,1.6,5,0,1,21,2024-06-29,0
P101770,42,Female,,125.0,72.0,96.0,93.9,37.2,17.0,55.0,4.8,239.0,0.83,12.8,6.2,1,0,0,0,Never,Moderate,0,5.0,3,1,0,15,2024-03-15,0
P101771,45,Female,31.8,110.0,84.0,87.0,94.0,36.7,21.0,137.0,7.8,179.0,0.89,14.7,8.2,1,0,0,0,Former,Low,2,4.2,6,0,1,21,2025-02-07,1
P101772,44,Female,25.0,140.0,92.0,70.0,98.2,37.0,18.0,123.0,5.5,168.0,1.3,11.2,2.5,0,0,0,0,Former,Low,1,6.1,2,2,0,18,2024-04-28,0
P101773,46,Female,23.1,125.0,99.0,62.0,96.5,37.9,14.0,109.0,4.5,227.0,1.16,13.4,7.8,0,0,0,0,Never,Low,2,6.3,6,2,0,17,2025-04-15,1
P101774,74,Female,21.8,124.0,86.0,79.0,98.6,36.9,21.0,101.0,5.1,256.0,0.87,12.2,2.7,0,1,0,0,Never,Moderate,2,1.9,6,3,1,11,2025-09-08,0
P101775,27,Female,29.7,116.0,91.0,70.0,95.0,38.3,15.0,125.0,5.2,205.0,0.99,16.2,7.0,0,1,0,0,Former,Moderate,0,1.1,5,0,0,18,2024-11-08,0
P101776,42,Female,34.6,136.0,69.0,71.0,96.6,37.4,19.0,95.0,7.5,234.0,0.76,12.4,8.0,0,0,0,0,Current,Moderate,0,2.8,4,4,1,3,2025-11-17,0
P101777,29,Male,25.4,130.0,80.0,62.0,97.7,36.8,11.0,93.0,5.4,174.0,0.8,14.6,7.6,0,0,0,0,Never,Moderate,1,2.6,1,0,0,30,2025-07-16,0
P101778,40,Male,26.4,134.0,78.0,64.0,96.9,36.9,18.0,112.0,5.3,197.0,,13.4,5.8,0,0,0,0,Never,Low,1,4.3,6,1,0,13,2025-05-15,1
P101779,67,Male,33.1,137.0,86.0,78.0,93.3,36.6,18.0,175.0,6.8,195.0,1.76,13.3,7.5,0,0,0,0,Never,High,0,4.2,7,2,3,12,2024-03-13,0
P101780,21,Female,18.1,127.0,96.0,73.0,100.0,36.9,11.0,55.0,6.3,207.0,1.41,13.1,5.1,0,0,0,0,Never,Low,1,4.5,5,2,1,23,2024-09-04,0
P101781,42,Male,37.7,113.0,84.0,106.0,96.9,37.1,19.0,128.0,6.3,232.0,1.05,15.1,9.8,0,0,0,0,Never,Low,0,5.0,4,0,0,20,2025-10-03,0
P101782,19,Male,40.2,116.0,71.0,83.0,94.1,36.6,14.0,101.0,5.6,139.0,0.96,16.2,8.7,0,0,0,0,Former,Moderate,0,5.4,3,0,0,21,2025-01-24,0
P101783,87,Female,16.0,130.0,72.0,62.0,97.1,36.1,18.0,111.0,5.3,161.0,1.4,12.3,5.1,1,0,0,0,Former,Moderate,0,1.0,8,3,0,4,2025-07-20,0
P101784,71,Male,27.0,170.0,100.0,58.0,97.3,37.5,17.0,62.0,5.4,177.0,1.09,13.7,9.8,0,1,0,0,Current,Low,1,10.8,7,0,0,8,2025-01-17,1
P101785,35,Female,23.8,107.0,86.0,81.0,98.3,37.3,13.0,55.0,4.2,158.0,0.56,15.1,7.4,0,0,0,0,Never,Low,0,4.4,7,1,0,5,2025-01-22,0
P101786,32,Female,26.1,123.0,85.0,71.0,98.2,36.1,14.0,121.0,5.4,204.0,1.46,15.6,4.7,0,0,0,0,Current,Moderate,0,9.3,5,1,1,14,2025-06-03,1
P101787,25,Male,25.3,131.0,77.0,92.0,96.1,36.9,15.0,63.0,5.1,203.0,0.59,14.5,9.3,0,0,0,1,Never,Moderate,1,4.5,3,1,0,10,2024-05-14,0
P101788,52,Male,31.7,127.0,85.0,79.0,93.4,37.3,21.0,148.0,5.3,197.0,1.34,15.3,10.3,0,0,1,0,Current,Low,0,3.4,6,0,1,11,2025-06-12,1
P101789,73,Female,26.9,153.0,74.0,52.0,97.3,37.3,21.0,81.0,6.3,180.0,1.28,15.7,6.5,0,1,0,0,Never,Moderate,0,1.3,5,1,0,18,2025-08-10,0
P101790,60,Female,22.8,128.0,86.0,64.0,93.5,36.5,26.0,133.0,5.3,246.0,1.55,17.2,7.7,0,1,1,0,Never,Low,1,4.8,2,5,2,5,2024-08-02,1
P101791,82,Female,26.6,132.0,72.0,68.0,98.7,37.3,16.0,98.0,5.9,203.0,1.34,13.8,7.0,1,0,0,0,Former,Low,4,4.0,3,1,0,12,2025-08-23,0
P101792,43,Female,30.2,145.0,78.0,81.0,95.2,36.8,16.0,89.0,5.3,189.0,0.81,14.3,8.2,0,0,0,0,Current,Moderate,0,4.2,4,0,0,21,2024-09-08,0
P101793,38,Male,21.3,161.0,75.0,63.0,97.6,37.0,18.0,78.0,5.6,198.0,1.27,14.8,8.6,0,0,0,0,Former,High,0,1.6,7,0,0,10,2024-06-29,0
P101794,52,Female,18.9,156.0,50.0,78.0,95.3,36.3,17.0,128.0,6.2,223.0,0.9,11.0,9.0,1,1,1,0,Current,Moderate,1,5.3,2,1,0,6,2025-10-15,1
P101795,32,Male,37.9,128.0,77.0,60.0,95.6,35.0,16.0,134.0,4.4,203.0,0.67,15.1,3.3,0,0,0,0,Never,Low,0,1.0,4,3,0,10,2024-01-15,0
P101796,89,Male,24.2,136.0,75.0,76.0,95.1,36.4,18.0,108.0,6.7,162.0,0.6,16.7,6.0,0,1,1,1,Current,Moderate,5,5.9,7,3,1,20,2024-06-16,1
P101797,31,Female,26.8,131.0,79.0,80.0,97.8,37.1,20.0,129.0,5.8,262.0,0.91,12.1,8.9,0,0,0,0,Never,Moderate,1,5.7,7,0,1,9,2024-03-08,0
P101798,52,Male,25.4,135.0,82.0,94.0,95.4,36.7,11.0,113.0,6.2,,0.53,11.8,5.6,0,1,0,0,Current,Low,1,11.1,3,1,0,24,2025-06-05,0
P101799,56,Female,30.4,118.0,100.0,79.0,97.9,37.1,16.0,66.0,6.0,151.0,1.42,14.1,7.7,0,0,0,0,Never,Low,0,2.8,1,0,1,13,2024-08-09,0
P101800,22,Female,36.7,145.0,83.0,66.0,95.4,37.4,13.0,120.0,5.8,126.0,0.48,10.6,5.2,1,0,0,0,Former,Moderate,2,1.7,6,0,1,20,2025-04-14,0
P101801,52,Male,30.5,136.0,85.0,94.0,96.1,36.6,17.0,102.0,5.4,221.0,0.9,12.2,8.4,0,0,1,0,Former,High,2,3.0,5,4,0,22,2024-03-31,0
P101802,51,Female,19.6,131.0,87.0,74.0,96.6,36.6,20.0,55.0,6.2,244.0,0.91,10.7,7.1,1,0,0,0,Never,High,0,2.4,6,0,2,2,2025-05-30,1
P101803,36,Female,20.3,109.0,90.0,85.0,96.8,35.7,22.0,96.0,6.7,212.0,1.01,,8.2,0,0,0,0,Never,High,0,2.2,5,1,2,7,2025-12-28,0
P101804,27,Male,25.4,130.0,85.0,69.0,94.8,36.0,16.0,55.0,5.1,218.0,0.69,16.2,7.8,0,0,0,0,Never,Low,1,7.3,2,0,0,21,2024-05-15,1
P101805,21,Female,26.1,96.0,83.0,77.0,97.8,36.1,18.0,64.0,5.0,219.0,1.23,13.4,4.2,0,0,0,0,Never,Moderate,0,2.9,4,0,0,25,2024-01-24,0
P101806,18,Male,18.5,118.0,87.0,66.0,96.0,37.1,12.0,98.0,6.0,195.0,0.95,17.7,11.2,0,0,0,0,Former,Low,0,3.8,4,0,1,15,2025-08-06,0
P101807,53,Female,31.8,123.0,58.0,80.0,97.5,36.6,15.0,110.0,5.3,131.0,1.0,14.3,4.4,1,0,1,0,Former,Moderate,1,1.4,4,1,0,21,2024-04-26,1
P101808,24,Male,21.9,134.0,101.0,86.0,96.5,36.5,19.0,78.0,4.8,168.0,0.74,,12.0,0,0,0,1,Never,Moderate,0,3.5,3,2,1,12,2025-01-26,0
P101809,88,Female,35.3,169.0,100.0,70.0,97.6,36.5,13.0,137.0,6.6,225.0,1.27,12.2,2.7,0,0,1,0,Former,Low,4,4.2,8,3,1,15,2025-06-29,1
P101810,35,Female,37.0,140.0,83.0,69.0,95.8,36.4,22.0,105.0,,217.0,1.35,13.7,7.1,0,0,0,0,Current,High,1,2.8,3,0,0,20,2024-10-08,0
P101811,65,Female,26.2,158.0,69.0,80.0,95.1,37.3,20.0,100.0,7.1,188.0,1.8,11.3,4.2,1,1,0,0,Never,Moderate,1,7.0,6,1,2,1,2025-12-15,0
P101812,67,Male,29.8,145.0,95.0,66.0,97.3,36.8,15.0,117.0,5.6,174.0,0.79,14.2,10.2,1,0,0,0,Current,Moderate,1,2.8,8,3,0,17,2025-09-27,1
P101813,54,Female,21.1,152.0,75.0,58.0,95.6,37.3,13.0,155.0,5.1,202.0,0.97,15.4,5.0,0,0,0,0,Never,High,1,1.1,8,0,1,26,2025-07-06,0
P101814,82,Male,30.7,167.0,89.0,80.0,99.1,35.7,15.0,55.0,6.2,182.0,0.56,14.5,4.8,1,0,0,0,Former,Low,0,1.8,8,3,0,13,2025-04-13,0
P101815,26,Male,24.9,117.0,68.0,75.0,96.6,37.1,15.0,153.0,5.9,192.0,,14.2,7.1,0,0,0,0,Never,High,0,7.2,2,1,1,17,2024-09-13,0
P101816,35,Female,21.8,117.0,103.0,74.0,94.0,36.6,14.0,88.0,5.9,200.0,,13.2,9.9,0,0,0,0,Never,Moderate,1,6.8,6,0,0,33,2025-08-14,0
P101817,36,Female,26.0,142.0,67.0,82.0,95.4,36.7,13.0,82.0,6.1,165.0,1.04,13.4,9.5,0,0,0,0,Never,Moderate,0,2.4,0,0,0,17,2025-06-26,0
P101818,27,Female,25.1,129.0,81.0,84.0,94.7,37.5,17.0,94.0,5.0,225.0,1.28,13.4,6.6,0,1,0,0,Current,High,0,2.3,6,3,0,14,2024-02-29,0
P101819,39,Male,25.8,134.0,60.0,74.0,98.4,36.6,21.0,79.0,6.7,189.0,0.85,16.6,6.4,0,0,0,0,Former,High,0,1.0,6,1,1,17,2025-09-21,0
P101820,40,Female,32.4,127.0,81.0,63.0,97.9,37.0,16.0,74.0,,214.0,0.71,12.1,8.0,0,0,0,0,Current,Moderate,0,2.9,6,0,0,7,2024-06-03,0
P101821,73,Female,23.4,125.0,79.0,68.0,96.4,36.3,20.0,146.0,5.4,197.0,1.44,12.9,6.9,0,1,0,0,Former,Moderate,0,1.9,5,2,2,4,2025-01-27,1
P101822,40,Female,36.5,158.0,93.0,83.0,97.0,36.8,17.0,116.0,5.7,254.0,1.17,13.3,7.2,0,0,0,0,Former,High,1,1.0,4,1,1,18,2024-03-16,0
P101823,81,Male,20.6,117.0,80.0,78.0,96.3,36.0,20.0,55.0,5.5,216.0,0.78,13.2,6.7,0,1,0,0,Current,High,1,3.1,7,1,0,5,2025-12-06,0
P101824,74,Female,35.9,147.0,95.0,69.0,98.0,36.8,15.0,140.0,5.8,210.0,1.11,12.5,8.2,0,0,0,1,Never,Moderate,1,5.5,10,1,0,15,2025-04-10,1
P101825,83,Female,22.2,145.0,74.0,67.0,97.4,37.0,19.0,136.0,5.3,209.0,0.86,14.3,7.9,1,1,0,0,Former,Moderate,0,1.0,11,0,0,26,2025-07-18,1
P101826,25,Female,27.5,102.0,78.0,83.0,97.8,37.4,18.0,56.0,5.3,274.0,1.22,12.0,10.0,0,0,0,0,Current,Moderate,0,8.6,2,0,1,12,2024-12-03,0
P101827,89,Male,25.0,123.0,82.0,73.0,96.2,36.4,23.0,125.0,6.7,193.0,1.15,18.0,5.7,0,0,0,0,Former,High,2,2.2,8,1,1,4,2025-03-12,1
P101828,62,Male,,122.0,88.0,85.0,95.4,36.5,20.0,136.0,5.5,201.0,1.46,17.1,5.7,1,0,0,0,Former,High,2,1.9,7,2,1,7,2024-02-03,0
P101829,89,Male,31.7,146.0,88.0,87.0,97.7,36.5,19.0,63.0,5.5,199.0,0.86,14.9,6.8,1,1,1,0,Never,Low,3,4.2,9,2,0,14,2025-03-24,1
P101830,43,Female,35.3,125.0,89.0,72.0,99.3,36.7,13.0,121.0,5.3,120.0,1.04,14.1,6.6,0,0,0,0,Current,Moderate,0,1.0,4,0,0,27,2025-03-16,0
P101831,87,Male,33.7,135.0,87.0,87.0,98.5,36.3,16.0,95.0,7.2,199.0,1.11,15.8,8.7,0,0,0,0,Never,Moderate,3,1.8,6,1,1,13,2024-01-17,0
P101832,60,Male,25.4,108.0,89.0,78.0,99.3,35.7,15.0,133.0,6.9,234.0,1.1,15.4,4.9,0,0,0,1,Never,Low,0,4.1,4,1,1,3,2024-12-26,1
P101833,23,Female,28.5,168.0,71.0,79.0,96.8,36.3,15.0,74.0,,215.0,0.76,13.3,9.5,0,0,0,0,Never,Low,0,1.9,6,0,0,13,2025-07-31,0
P101834,47,Male,23.4,133.0,86.0,50.0,94.8,36.8,18.0,148.0,6.2,252.0,0.4,18.0,6.4,0,0,0,0,Never,Moderate,0,1.0,2,0,2,9,2024-03-22,0
P101835,28,Female,22.3,138.0,97.0,64.0,94.9,36.7,19.0,100.0,5.5,225.0,1.12,12.1,9.4,0,0,0,0,Never,Low,1,2.6,6,0,0,24,2024-12-30,0
P101836,86,Female,21.5,127.0,67.0,65.0,99.0,37.1,19.0,97.0,7.4,,1.12,12.6,12.1,1,0,1,1,Former,Low,1,3.6,11,1,2,8,2025-03-03,1
P101837,40,Male,25.2,120.0,86.0,72.0,93.1,37.2,22.0,85.0,5.9,229.0,0.74,14.7,9.1,0,0,0,0,Never,Moderate,2,4.6,7,0,0,12,2024-07-24,0
P101838,34,Male,28.8,163.0,88.0,77.0,99.2,36.6,20.0,140.0,5.4,209.0,0.81,15.6,8.2,0,0,0,0,Current,Moderate,1,3.7,5,1,0,17,2025-10-07,0
P101839,58,Female,17.6,100.0,97.0,78.0,95.1,36.0,14.0,88.0,7.3,184.0,0.7,16.2,9.2,0,0,0,0,Never,Low,0,5.5,9,3,1,13,2025-06-01,0
P101840,49,Male,27.3,137.0,89.0,79.0,100.0,37.0,19.0,149.0,5.0,190.0,0.48,14.6,6.4,0,0,0,0,Never,High,0,1.0,5,1,1,8,2025-02-14,0
P101841,25,Female,35.4,108.0,82.0,68.0,96.4,36.8,20.0,115.0,5.8,104.0,1.22,14.1,7.5,0,0,0,0,Never,Moderate,0,3.7,9,0,0,23,2024-11-13,0
P101842,77,Male,33.3,128.0,88.0,84.0,97.8,36.7,22.0,68.0,7.4,256.0,1.24,15.2,5.7,0,0,0,1,Never,Low,1,2.4,7,3,2,16,2024-04-18,1
P101843,79,Male,24.5,125.0,76.0,98.0,100.0,37.4,17.0,118.0,6.7,187.0,0.71,14.5,5.8,0,0,0,0,Never,Low,0,1.4,7,0,1,11,2024-10-24,0
P101844,72,Male,20.2,118.0,79.0,72.0,95.9,37.0,17.0,118.0,5.4,155.0,1.77,16.5,7.6,0,1,0,1,Current,High,2,3.4,3,2,1,17,2024-06-22,1
P101845,63,Female,29.9,134.0,69.0,68.0,95.9,36.9,22.0,65.0,5.2,181.0,0.72,13.8,7.2,1,0,0,0,Current,Moderate,2,5.3,7,1,0,15,2025-03-29,1
P101846,47,Male,16.0,90.0,97.0,68.0,95.2,36.9,19.0,112.0,4.5,262.0,1.19,16.1,7.9,0,0,0,0,Never,Moderate,1,4.3,6,0,1,14,2024-12-10,1
P101847,57,Male,33.3,127.0,87.0,77.0,94.7,37.2,12.0,132.0,7.2,198.0,1.02,14.2,7.3,0,0,0,0,Never,High,2,2.6,6,1,1,14,2024-07-24,0
P101848,56,Male,26.4,131.0,73.0,70.0,95.9,36.5,12.0,153.0,4.9,205.0,0.66,,6.4,0,0,0,0,Former,Moderate,2,4.4,3,1,1,19,2024-03-06,0
P101849,30,Male,37.0,106.0,84.0,55.0,95.5,36.4,24.0,146.0,6.2,274.0,1.04,14.1,8.8,0,1,1,0,Former,Low,1,6.1,6,2,2,1,2024-11-06,0
P101850,23,Male,18.5,154.0,92.0,59.0,94.2,36.7,12.0,191.0,4.2,227.0,0.87,15.0,5.8,0,0,0,0,Current,Moderate,1,11.2,4,3,1,6,2024-01-02,1
P101851,36,Female,32.3,120.0,91.0,88.0,96.1,36.2,17.0,110.0,7.9,184.0,0.78,14.9,7.5,0,0,0,0,Current,Low,0,1.0,3,0,1,17,2024-09-13,0
P101852,51,Female,27.0,128.0,73.0,91.0,97.3,36.8,21.0,132.0,4.6,130.0,1.37,16.3,9.3,0,1,0,0,Never,Moderate,0,3.5,3,2,0,17,2025-05-24,0
P101853,29,Male,25.8,119.0,50.0,95.0,94.9,36.8,12.0,87.0,5.6,219.0,1.11,14.9,8.4,0,1,0,0,Current,Low,0,1.0,4,0,0,31,2025-11-26,0
P101854,25,Female,20.4,128.0,84.0,79.0,96.2,36.8,14.0,173.0,6.6,169.0,1.13,16.0,6.9,1,0,0,0,Never,High,1,6.6,2,2,2,15,2024-03-02,0
P101855,80,Female,30.6,158.0,75.0,64.0,99.0,36.6,14.0,86.0,5.5,220.0,1.03,14.1,3.4,0,0,1,0,Current,Low,2,1.5,7,0,0,23,2025-10-19,1
P101856,45,Female,31.0,173.0,88.0,71.0,93.9,37.6,24.0,175.0,6.2,193.0,1.08,12.2,6.3,1,1,0,0,Former,High,0,2.3,7,1,1,32,2025-05-16,1
P101857,60,Female,36.8,146.0,92.0,58.0,100.0,37.3,25.0,174.0,5.7,211.0,1.02,13.4,11.2,1,0,0,0,Never,Moderate,0,1.8,3,1,2,1,2025-01-23,0
P101858,56,Male,32.7,151.0,93.0,58.0,95.3,36.8,15.0,86.0,6.2,229.0,1.16,15.8,6.5,1,1,1,0,Never,Moderate,1,2.5,5,0,0,19,2025-07-20,0
P101859,71,Female,24.4,164.0,101.0,79.0,96.9,36.8,20.0,152.0,7.0,129.0,0.79,14.5,7.0,1,0,0,1,Never,Low,0,5.8,5,2,2,6,2025-01-26,0
P101860,72,Female,22.3,139.0,96.0,82.0,98.8,37.5,19.0,132.0,5.7,200.0,0.4,12.5,7.3,0,1,0,0,Never,Moderate,4,5.8,9,0,0,5,2024-02-15,1
P101861,39,Female,20.4,157.0,99.0,100.0,99.4,36.5,17.0,96.0,7.0,194.0,1.35,12.7,7.9,0,0,0,0,Never,Moderate,2,2.3,3,3,1,14,2025-03-30,0
P101862,79,Male,35.2,149.0,98.0,75.0,97.3,36.3,12.0,112.0,6.5,206.0,1.08,14.1,5.7,0,1,0,0,Never,Moderate,2,1.9,3,1,0,9,2024-03-02,0
P101863,45,Female,23.5,134.0,96.0,60.0,95.2,36.9,26.0,120.0,7.5,214.0,1.15,12.9,8.5,0,0,0,0,Never,Low,0,1.0,8,1,1,4,2024-06-23,0
P101864,78,Female,35.2,141.0,83.0,75.0,95.1,37.0,12.0,130.0,5.4,201.0,0.89,13.7,7.8,1,1,1,0,Never,Moderate,1,3.1,5,1,0,20,2025-04-14,0
P101865,47,Female,30.2,101.0,69.0,73.0,95.5,37.0,19.0,164.0,5.2,170.0,0.93,16.0,3.6,1,0,0,0,Current,High,0,3.8,5,1,1,9,2024-09-27,1
P101866,26,Male,29.2,134.0,105.0,70.0,99.9,37.2,16.0,128.0,5.3,152.0,1.35,14.0,2.0,0,0,0,0,Never,Low,1,4.1,1,1,0,24,2025-02-09,0
P101867,73,Male,25.9,109.0,84.0,80.0,95.8,36.4,22.0,89.0,5.0,135.0,1.17,12.1,5.9,0,1,0,0,Never,Moderate,0,3.9,12,0,0,15,2025-12-18,0
P101868,20,Female,30.9,101.0,92.0,61.0,97.1,36.1,21.0,133.0,6.3,200.0,1.53,10.6,4.6,0,0,0,0,Former,Moderate,0,2.3,4,0,2,14,2024-08-26,0
P101869,74,Male,27.4,138.0,78.0,78.0,94.6,36.5,15.0,55.0,6.0,215.0,1.32,15.8,7.6,0,0,0,0,Former,High,0,7.0,7,1,0,28,2025-02-03,0
P101870,21,Male,25.6,110.0,90.0,84.0,94.4,37.1,15.0,93.0,4.4,182.0,0.73,13.8,6.3,0,0,0,0,Never,Moderate,1,7.6,4,1,0,27,2025-01-28,0
P101871,33,Female,31.1,130.0,57.0,93.0,96.5,36.3,13.0,99.0,4.9,227.0,1.07,13.6,7.9,0,0,0,0,Never,Moderate,0,5.2,4,0,0,17,2024-05-18,0
P101872,62,Female,26.8,136.0,79.0,80.0,95.9,35.8,19.0,137.0,5.2,191.0,1.51,12.1,8.0,0,0,0,0,Never,Low,1,3.1,5,2,1,6,2025-11-08,0
P101873,86,Male,23.3,139.0,83.0,89.0,96.0,36.9,20.0,180.0,7.1,192.0,1.17,14.4,5.0,0,0,0,0,Never,High,5,6.2,6,2,2,9,2025-05-03,1
P101874,47,Male,30.6,116.0,86.0,71.0,93.8,36.5,16.0,119.0,6.2,140.0,1.17,14.1,6.3,0,0,0,0,Never,Moderate,0,1.1,4,0,0,20,2025-02-06,0
P101875,26,Male,27.2,144.0,91.0,72.0,96.4,35.9,17.0,95.0,5.4,178.0,,13.6,5.9,0,0,0,0,Former,Moderate,1,4.8,3,0,0,15,2025-07-27,0
P101876,35,Male,30.0,129.0,70.0,92.0,99.3,36.8,25.0,85.0,5.3,230.0,0.4,16.5,8.9,0,0,0,0,Never,High,0,5.9,6,0,0,28,2024-09-17,0
P101877,83,Male,25.1,143.0,91.0,60.0,95.0,36.6,21.0,147.0,6.0,248.0,1.3,16.6,6.6,0,0,1,0,Never,Moderate,4,5.6,12,2,2,1,2025-03-10,1
P101878,71,Female,21.2,114.0,96.0,71.0,98.1,37.6,23.0,109.0,7.7,188.0,1.44,14.2,9.5,0,1,0,0,Never,Low,2,2.9,6,2,2,7,2025-11-19,1
P101879,25,Female,36.5,126.0,104.0,90.0,90.3,36.8,10.0,90.0,5.3,228.0,0.71,16.3,9.6,0,1,0,0,Never,Moderate,0,3.1,5,0,0,17,2025-09-17,0
P101880,46,Male,35.5,150.0,89.0,73.0,95.1,37.1,20.0,145.0,6.5,249.0,1.28,12.6,6.7,0,1,1,0,Never,High,2,4.3,4,1,2,5,2024-04-13,0
P101881,37,Male,32.1,147.0,77.0,73.0,93.1,36.8,19.0,151.0,5.3,159.0,0.96,14.3,5.8,0,0,1,0,Current,Low,1,1.5,3,3,1,4,2025-04-17,0
P101882,30,Female,25.5,116.0,68.0,73.0,98.7,36.5,14.0,75.0,7.1,207.0,0.47,12.7,5.2,0,0,0,0,Never,Low,0,1.4,4,1,1,8,2025-11-17,0
P101883,79,Male,25.9,126.0,102.0,77.0,98.1,36.6,14.0,65.0,5.1,202.0,1.31,15.7,8.4,0,0,0,0,Never,High,1,3.1,9,0,0,22,2025-08-26,1
P101884,63,Male,34.7,117.0,90.0,89.0,94.6,37.3,17.0,111.0,6.7,236.0,1.04,12.7,6.8,1,0,0,0,Current,Moderate,1,2.7,9,0,1,18,2025-02-12,0
P101885,31,Male,25.7,119.0,81.0,87.0,97.0,37.2,13.0,69.0,4.9,163.0,0.92,15.6,5.5,0,0,0,0,Never,High,1,1.5,5,0,0,11,2024-03-11,0
P101886,65,Female,24.2,110.0,67.0,76.0,98.7,36.1,15.0,70.0,8.0,207.0,1.23,11.0,8.8,0,1,0,0,Former,Moderate,0,4.9,8,0,1,1,2024-03-07,0
P101887,48,Male,37.2,129.0,73.0,89.0,98.9,36.2,16.0,75.0,6.4,185.0,0.73,15.7,8.8,0,0,0,0,Never,High,1,5.1,7,0,0,19,2025-10-10,0
P101888,22,Male,27.3,139.0,87.0,80.0,95.8,36.2,20.0,144.0,4.0,211.0,1.13,16.3,5.1,0,0,0,0,Never,Moderate,0,1.0,4,1,1,18,2024-08-02,0
P101889,50,Female,36.7,119.0,86.0,86.0,92.5,37.3,16.0,135.0,5.0,241.0,0.74,11.5,7.7,0,0,0,0,Never,Moderate,0,2.0,6,0,1,18,2025-11-03,0
P101890,31,Male,20.2,128.0,61.0,64.0,94.9,35.9,16.0,195.0,6.2,251.0,1.37,14.0,8.2,0,0,0,0,Never,Low,0,1.7,8,2,2,1,2025-11-16,0
P101891,35,Male,30.2,126.0,87.0,97.0,97.9,37.2,22.0,87.0,6.2,,1.27,16.4,10.4,0,0,0,0,Former,Low,0,2.0,7,2,1,22,2024-01-22,0
P101892,82,Male,38.3,154.0,68.0,79.0,100.0,37.0,12.0,164.0,6.7,157.0,1.53,16.7,6.7,0,1,0,0,Never,Moderate,1,7.5,4,0,3,8,2024-03-29,1
P101893,69,Female,27.7,124.0,97.0,45.0,96.4,36.9,19.0,133.0,6.2,177.0,1.19,11.1,7.0,0,0,1,0,Current,High,1,3.7,7,3,0,13,2024-03-20,1
P101894,27,Female,26.1,119.0,83.0,96.0,95.4,36.6,19.0,88.0,5.2,,0.81,13.8,8.3,0,0,0,0,Current,Moderate,0,2.9,6,1,0,14,2024-10-21,0
P101895,80,Female,21.4,121.0,79.0,76.0,100.0,37.4,19.0,112.0,7.1,218.0,0.89,14.2,9.5,1,1,0,0,Never,High,2,2.2,9,1,1,14,2024-09-03,0
P101896,59,Male,33.1,114.0,92.0,71.0,97.2,36.9,16.0,94.0,5.1,185.0,0.81,14.6,7.8,0,0,0,0,Former,Low,1,2.0,8,2,0,8,2025-02-27,1
P101897,81,Male,23.5,145.0,87.0,69.0,94.3,36.1,14.0,127.0,6.2,160.0,1.04,16.8,7.5,0,0,0,0,Former,Low,1,8.9,8,3,0,4,2025-01-23,1
P101898,72,Female,27.0,132.0,97.0,81.0,96.3,36.2,23.0,150.0,5.5,90.0,0.87,12.4,5.9,0,1,0,0,Never,Moderate,1,7.2,5,1,1,25,2025-10-05,0
P101899,42,Female,21.1,132.0,82.0,65.0,98.3,36.0,15.0,98.0,5.1,134.0,1.07,12.6,6.4,1,0,0,0,Never,Moderate,2,4.8,7,0,0,12,2025-04-28,0
P101900,57,Male,35.6,155.0,84.0,69.0,96.4,37.4,14.0,143.0,5.5,183.0,0.8,13.6,6.7,0,1,1,0,Current,Moderate,2,12.5,5,2,1,20,2024-03-09,1
P101901,56,Female,33.5,155.0,80.0,69.0,97.9,37.5,18.0,158.0,5.2,184.0,0.84,13.6,8.4,0,0,0,0,Former,High,1,2.0,8,0,1,12,2024-03-13,0
P101902,70,Female,27.3,106.0,86.0,72.0,93.6,37.3,15.0,168.0,6.5,211.0,0.95,12.8,7.9,0,1,1,0,Never,Moderate,1,3.1,5,4,1,25,2025-06-06,1
P101903,36,Female,21.5,141.0,98.0,70.0,93.9,36.7,22.0,68.0,4.3,218.0,0.74,14.5,5.6,0,1,0,0,Never,Low,0,3.8,5,0,0,26,2025-04-02,0
P101904,42,Female,35.5,135.0,76.0,86.0,95.2,36.1,17.0,109.0,6.1,281.0,0.88,12.7,8.7,0,0,0,0,Never,Low,1,3.8,2,1,1,14,2024-04-08,0
P101905,35,Male,25.6,122.0,88.0,79.0,96.0,36.3,22.0,134.0,5.0,166.0,1.12,14.4,6.7,0,0,0,0,Never,Moderate,0,3.7,4,0,0,14,2025-01-24,1
P101906,39,Male,21.8,136.0,73.0,81.0,97.1,36.3,20.0,72.0,5.7,121.0,0.72,15.0,6.7,0,0,0,0,Former,Moderate,0,4.8,5,1,0,13,2025-04-24,0
P101907,29,Male,18.3,100.0,60.0,83.0,97.6,36.8,17.0,62.0,5.4,160.0,0.6,13.4,8.5,0,0,0,0,Current,Low,1,1.8,3,1,0,24,2025-05-02,0
P101908,20,Male,24.1,153.0,82.0,75.0,100.0,37.5,22.0,106.0,5.0,259.0,0.86,16.2,8.8,0,0,0,0,Never,Low,0,2.4,5,2,1,5,2025-06-29,0
P101909,86,Female,19.9,145.0,88.0,64.0,95.2,37.5,16.0,104.0,7.3,195.0,0.79,14.3,7.7,0,1,0,1,Never,High,3,2.2,5,5,1,19,2025-04-03,1
P101910,23,Female,24.3,114.0,79.0,98.0,95.9,36.6,17.0,101.0,5.1,233.0,1.29,14.3,10.7,0,0,0,0,Former,Moderate,0,2.3,1,0,0,15,2025-08-23,0
P101911,82,Female,31.4,126.0,69.0,87.0,95.2,35.7,20.0,101.0,6.8,174.0,0.9,11.7,3.3,0,1,0,0,Former,Moderate,3,8.3,6,2,1,25,2024-07-27,1
P101912,18,Male,25.5,99.0,83.0,95.0,98.4,36.2,19.0,182.0,6.1,176.0,0.92,17.0,8.9,0,0,0,0,Former,Low,0,1.0,7,2,1,11,2024-10-06,0
P101913,74,Female,,130.0,86.0,88.0,98.5,37.4,16.0,100.0,5.8,130.0,1.2,10.5,5.0,0,1,0,1,Never,Moderate,1,3.8,9,4,1,8,2024-11-28,1
P101914,41,Male,23.7,123.0,73.0,70.0,95.7,36.9,13.0,131.0,4.6,182.0,0.62,15.8,7.0,0,0,0,0,Never,Moderate,0,5.7,5,1,0,22,2024-02-15,1
P101915,55,Female,27.8,110.0,69.0,48.0,100.0,36.6,18.0,131.0,5.1,195.0,0.78,13.5,7.0,0,0,0,0,Former,Moderate,1,10.2,9,2,0,16,2024-12-17,1
P101916,38,Male,37.5,144.0,79.0,61.0,95.2,36.6,15.0,55.0,6.8,228.0,0.79,15.7,6.9,0,0,0,1,Former,Moderate,2,2.3,6,1,1,9,2024-06-28,0
P101917,53,Male,25.7,154.0,89.0,84.0,98.4,36.4,18.0,164.0,6.3,216.0,1.23,14.4,5.2,0,0,0,0,Never,High,4,2.0,6,1,1,7,2024-12-26,1
P101918,50,Male,29.5,132.0,86.0,75.0,99.1,36.2,17.0,134.0,5.9,271.0,1.51,14.8,4.3,0,1,0,0,Former,Moderate,1,2.6,8,0,2,9,2025-10-15,1
P101919,56,Female,19.4,128.0,74.0,71.0,94.0,37.8,15.0,119.0,5.4,189.0,1.54,14.3,3.2,0,0,0,0,Never,Moderate,1,1.4,5,2,1,2,2024-04-09,0
P101920,46,Male,35.4,139.0,83.0,46.0,97.5,37.7,17.0,148.0,7.3,204.0,1.34,14.7,6.6,0,0,0,0,Former,High,1,4.0,4,1,2,6,2024-05-01,0
P101921,57,Male,25.0,133.0,91.0,76.0,91.6,36.4,18.0,112.0,5.1,194.0,0.67,15.0,7.3,0,0,0,0,Current,Moderate,1,5.6,2,2,0,15,2024-02-23,0
P101922,78,Male,33.0,117.0,72.0,63.0,98.0,35.9,20.0,148.0,6.3,169.0,0.84,15.1,8.2,1,1,0,0,Never,Low,1,2.5,10,1,1,3,2025-08-10,1
P101923,49,Female,26.9,121.0,83.0,67.0,94.5,36.9,19.0,55.0,,211.0,1.39,16.6,9.3,0,1,1,0,Never,Moderate,0,3.0,7,3,0,5,2025-04-07,0
P101924,44,Male,30.7,126.0,95.0,86.0,97.5,36.7,25.0,140.0,4.6,185.0,1.41,12.3,8.7,0,0,0,0,Never,Moderate,1,2.4,9,0,1,14,2025-01-05,0
P101925,27,Male,31.0,133.0,68.0,64.0,97.9,37.1,18.0,114.0,4.8,258.0,1.15,16.6,9.0,0,0,0,0,Former,High,0,2.4,3,0,1,6,2025-06-17,0
P101926,44,Male,25.1,131.0,93.0,65.0,98.5,37.2,16.0,118.0,5.3,165.0,1.21,15.4,5.0,0,0,0,0,Never,High,1,2.6,6,1,0,1,2025-12-08,0
P101927,27,Male,33.2,133.0,97.0,78.0,98.1,36.2,17.0,78.0,6.3,182.0,0.81,15.2,9.2,0,1,0,0,Never,Low,0,3.5,0,0,0,10,2025-08-17,0
P101928,31,Female,23.6,104.0,79.0,86.0,96.6,37.4,20.0,101.0,5.2,148.0,1.42,11.4,7.8,0,0,0,0,Never,Moderate,1,4.5,2,0,1,8,2025-09-12,0
P101929,87,Female,31.5,148.0,81.0,71.0,95.8,36.6,22.0,110.0,5.0,208.0,0.91,15.0,4.4,0,1,1,0,Current,Moderate,2,2.3,8,1,0,30,2025-06-08,1
P101930,24,Male,25.5,129.0,91.0,94.0,96.4,37.1,23.0,67.0,4.1,145.0,0.47,13.0,9.2,0,0,0,0,Never,High,0,4.6,3,0,0,21,2024-09-27,0
P101931,53,Female,29.3,176.0,80.0,61.0,94.5,36.7,14.0,125.0,5.1,195.0,1.23,15.5,5.3,1,0,0,0,Never,Low,2,4.1,8,0,0,18,2025-03-25,1
P101932,78,Male,25.1,129.0,60.0,59.0,96.1,37.3,22.0,172.0,4.8,151.0,0.92,13.9,4.9,0,1,0,0,Former,Moderate,0,1.1,5,1,1,11,2024-11-23,0
P101933,87,Female,27.8,142.0,83.0,58.0,96.0,35.6,18.0,69.0,6.9,158.0,0.75,15.5,10.1,0,1,1,0,Never,High,2,5.7,6,0,1,8,2025-07-14,1
P101934,28,Male,21.9,177.0,85.0,56.0,95.1,37.2,15.0,125.0,6.3,166.0,1.18,13.6,7.5,0,1,0,0,Former,Moderate,0,1.9,4,0,0,15,2024-08-26,0
P101935,29,Male,28.8,133.0,88.0,80.0,93.4,36.4,17.0,94.0,5.6,223.0,0.43,13.3,4.9,0,0,0,0,Never,Moderate,0,3.5,5,0,0,19,2025-06-26,0
P101936,45,Male,27.7,130.0,73.0,64.0,94.2,36.8,22.0,92.0,5.5,191.0,1.11,14.5,5.9,0,0,0,0,Current,Moderate,0,5.1,3,0,0,23,2024-01-09,0
P101937,58,Male,24.7,116.0,80.0,59.0,90.8,37.4,20.0,116.0,6.6,190.0,0.9,13.6,9.1,1,0,0,0,Never,Low,0,4.5,6,0,1,10,2024-10-15,1
P101938,88,Female,27.2,163.0,94.0,81.0,95.9,36.4,14.0,122.0,6.9,216.0,1.56,12.9,4.6,0,0,0,0,Never,Moderate,0,2.5,11,1,2,10,2024-01-27,1
P101939,33,Female,28.2,110.0,80.0,86.0,97.1,36.3,14.0,115.0,4.7,170.0,1.08,15.8,6.7,0,0,0,0,Never,Moderate,1,6.6,6,1,0,22,2025-04-06,0
P101940,30,Female,24.3,137.0,66.0,89.0,91.7,36.6,14.0,69.0,4.8,120.0,1.24,12.4,6.7,0,0,0,0,Never,Low,0,3.0,2,0,0,15,2025-08-13,0
P101941,36,Male,26.8,122.0,94.0,87.0,96.9,36.6,15.0,148.0,6.3,153.0,0.65,14.9,12.5,0,0,0,0,Never,High,1,4.0,3,1,2,3,2025-01-24,0
P101942,81,Female,22.3,133.0,82.0,65.0,96.3,36.3,18.0,120.0,6.4,184.0,0.62,15.7,4.1,0,1,1,0,Never,Moderate,1,2.9,11,1,0,20,2024-12-04,0
P101943,20,Male,39.7,104.0,91.0,79.0,94.4,36.9,14.0,127.0,6.0,193.0,0.81,15.0,4.2,0,0,0,0,Current,High,0,2.8,2,1,0,20,2024-06-30,0
P101944,45,Female,33.0,154.0,68.0,82.0,95.7,36.9,17.0,154.0,4.9,216.0,1.16,15.0,5.9,1,0,0,0,Current,Low,0,2.1,6,0,1,11,2024-12-01,0
P101945,26,Female,28.9,124.0,79.0,70.0,98.4,37.0,23.0,55.0,4.8,189.0,0.95,14.1,5.7,0,1,0,0,Never,Moderate,0,3.7,4,0,0,10,2025-04-26,0
P101946,29,Male,33.6,109.0,86.0,78.0,94.7,36.4,24.0,130.0,6.0,234.0,1.26,16.2,7.1,0,0,0,0,Current,High,1,3.0,2,1,0,6,2025-08-19,0
P101947,84,Male,17.2,157.0,83.0,61.0,96.6,36.3,23.0,112.0,5.6,209.0,1.25,14.6,6.1,0,0,0,0,Former,Moderate,1,1.9,5,1,0,14,2024-03-29,0
P101948,18,Male,16.0,120.0,68.0,68.0,97.1,36.7,12.0,142.0,4.0,141.0,0.61,15.6,8.7,0,0,0,0,Never,Moderate,1,1.5,7,1,1,9,2024-05-21,0
P101949,41,Female,,137.0,58.0,80.0,95.0,36.7,24.0,82.0,5.1,98.0,1.1,16.0,7.2,0,1,0,0,Never,Moderate,0,2.5,2,0,0,25,2024-02-08,0
P101950,84,Female,20.3,150.0,99.0,94.0,98.3,36.7,18.0,151.0,6.0,157.0,1.15,12.8,5.1,0,1,0,0,Never,Low,0,1.8,7,1,1,11,2024-08-07,1
P101951,62,Male,26.3,141.0,85.0,90.0,97.2,36.4,18.0,77.0,7.5,200.0,1.39,15.3,6.5,0,1,0,0,Never,High,1,1.4,4,0,1,30,2025-11-09,0
P101952,23,Female,28.6,91.0,92.0,84.0,96.0,37.0,22.0,121.0,4.7,209.0,0.66,12.3,6.5,0,0,0,0,Former,Low,1,1.0,4,1,0,21,2025-09-22,0
P101953,51,Female,32.3,144.0,91.0,77.0,100.0,36.3,20.0,122.0,5.8,191.0,0.82,14.8,9.3,0,0,0,0,Never,Low,0,6.0,7,1,0,12,2024-07-13,0
P101954,88,Male,21.6,135.0,90.0,75.0,98.3,36.7,11.0,113.0,8.1,200.0,1.23,12.2,8.7,0,0,0,0,Current,High,2,1.4,8,0,1,16,2025-06-09,0
P101955,47,Female,29.6,126.0,79.0,59.0,93.5,36.6,16.0,75.0,4.8,245.0,1.39,12.8,8.4,0,0,0,0,Current,Low,1,6.1,7,0,1,25,2025-03-03,0
P101956,56,Male,27.6,131.0,87.0,66.0,95.8,36.8,17.0,100.0,6.5,196.0,0.96,16.2,5.6,0,0,1,0,Never,High,1,4.1,6,1,0,24,2024-12-26,0
P101957,56,Female,29.3,105.0,97.0,66.0,100.0,37.4,13.0,145.0,5.2,208.0,1.19,13.0,7.6,0,1,0,0,Former,Moderate,1,1.0,4,2,1,8,2024-07-28,0
P101958,66,Male,24.8,137.0,84.0,83.0,94.7,36.1,21.0,167.0,6.4,256.0,1.06,12.0,4.7,0,1,0,0,Never,Low,0,2.9,4,0,2,3,2024-09-05,0
P101959,31,Female,34.7,107.0,100.0,87.0,96.6,35.6,23.0,177.0,7.7,126.0,0.93,12.1,8.3,0,0,0,0,Current,Moderate,1,1.9,1,2,2,8,2025-11-30,0
P101960,79,Male,27.0,131.0,69.0,85.0,98.7,36.5,18.0,136.0,6.9,260.0,1.41,13.7,9.5,1,0,0,0,Current,Low,2,5.9,5,3,3,22,2024-07-05,0
P101961,90,Male,36.7,139.0,68.0,90.0,97.7,36.2,19.0,128.0,6.4,98.0,1.15,17.0,2.8,0,0,0,0,Former,Low,1,7.5,5,0,0,19,2024-06-27,0
P101962,28,Male,23.4,148.0,91.0,77.0,97.9,35.3,18.0,124.0,4.7,164.0,0.81,15.9,6.9,0,1,1,0,Never,Moderate,0,4.4,7,1,0,24,2024-06-25,0
P101963,77,Female,31.4,121.0,75.0,64.0,97.8,37.7,18.0,184.0,6.0,174.0,0.94,14.6,6.8,0,0,0,0,Never,Moderate,0,6.8,3,0,1,13,2024-11-05,1
P101964,77,Male,27.2,160.0,104.0,75.0,96.5,37.1,22.0,135.0,5.6,133.0,1.0,12.8,8.8,1,0,0,0,Former,Moderate,3,5.6,7,2,0,14,2024-06-24,1
P101965,72,Female,25.8,151.0,97.0,67.0,95.1,37.1,12.0,119.0,4.8,189.0,0.87,13.3,5.9,0,0,0,0,Current,Moderate,1,2.4,5,0,0,21,2024-06-03,1
P101966,45,Female,30.8,124.0,98.0,84.0,97.3,36.7,20.0,101.0,4.0,193.0,0.92,15.6,5.8,0,0,0,0,Current,Moderate,0,2.9,8,0,0,13,2024-05-16,0
P101967,52,Female,25.9,113.0,91.0,72.0,95.8,37.0,18.0,107.0,5.1,,1.02,14.6,7.4,0,0,0,1,Former,Moderate,1,3.6,4,0,0,22,2025-09-28,0
P101968,79,Female,16.0,111.0,75.0,75.0,95.6,36.6,16.0,131.0,6.1,222.0,1.17,12.5,8.3,0,0,1,0,Never,Moderate,0,5.0,10,4,0,6,2024-06-07,1
P101969,29,Female,16.0,134.0,64.0,84.0,99.2,37.2,16.0,82.0,6.6,202.0,0.66,14.5,7.5,0,0,0,0,Never,High,1,4.1,2,1,1,21,2024-02-11,0
P101970,78,Male,34.1,123.0,99.0,67.0,95.8,36.9,24.0,95.0,5.5,237.0,0.97,12.7,8.8,0,0,0,0,Current,Low,1,2.0,3,1,0,24,2024-09-19,0
P101971,85,Female,33.9,157.0,69.0,88.0,99.6,36.8,13.0,116.0,6.4,220.0,1.0,12.0,8.4,0,0,0,0,Never,Low,2,1.0,6,0,0,28,2025-08-26,0
P101972,67,Male,37.3,122.0,99.0,60.0,97.0,36.8,17.0,99.0,4.5,183.0,0.84,11.8,6.0,0,1,0,0,Former,Moderate,0,10.8,8,0,0,16,2024-09-03,0
P101973,42,Female,27.4,116.0,88.0,80.0,96.2,37.5,24.0,131.0,5.0,200.0,0.81,13.1,7.1,0,0,0,0,Current,Moderate,0,1.7,9,0,0,26,2025-12-05,0
P101974,58,Male,20.8,137.0,82.0,75.0,93.2,36.9,14.0,137.0,4.0,171.0,1.28,15.6,8.1,0,0,0,1,Never,Moderate,2,2.1,8,2,0,10,2024-01-21,1
P101975,21,Female,25.3,117.0,85.0,86.0,100.0,36.3,16.0,116.0,7.5,148.0,1.29,11.8,5.5,0,0,0,0,Never,Low,0,4.2,3,0,1,23,2025-04-04,0
P101976,86,Female,27.6,136.0,89.0,60.0,96.5,37.0,18.0,136.0,6.4,211.0,1.02,13.1,5.7,1,1,0,0,Current,High,1,1.2,12,2,0,17,2024-07-17,1
P101977,42,Male,22.3,148.0,79.0,58.0,92.4,37.0,19.0,115.0,5.9,138.0,0.78,13.4,4.1,0,0,0,0,Current,Low,1,4.2,8,0,0,19,2025-07-12,0
P101978,22,Female,36.1,131.0,95.0,85.0,98.3,36.7,18.0,55.0,5.9,188.0,0.89,12.4,9.4,0,0,0,0,Never,Moderate,0,2.0,1,0,0,26,2024-02-11,0
P101979,75,Male,39.1,137.0,97.0,71.0,96.4,36.8,15.0,86.0,8.4,108.0,1.1,13.1,11.4,0,1,1,0,Current,Moderate,0,2.6,8,5,2,1,2024-08-01,1
P101980,66,Male,30.0,137.0,85.0,75.0,94.8,36.3,20.0,140.0,5.6,198.0,1.24,16.5,5.7,1,0,0,0,Never,Moderate,2,3.4,3,0,0,19,2025-07-19,0
P101981,63,Female,27.4,105.0,77.0,68.0,98.2,36.8,18.0,85.0,5.1,167.0,0.93,12.2,8.2,0,0,0,0,Never,Moderate,2,3.0,4,1,0,22,2024-10-07,0
P101982,21,Female,20.8,135.0,93.0,87.0,91.9,36.2,20.0,137.0,7.3,217.0,0.76,12.9,9.5,0,0,0,0,Never,High,0,9.4,4,0,1,4,2024-05-27,0
P101983,72,Male,35.5,137.0,63.0,80.0,95.2,36.7,21.0,148.0,5.0,187.0,1.75,13.9,4.7,0,0,0,0,Former,Moderate,1,5.4,4,0,2,8,2024-01-14,0
P101984,64,Female,27.9,149.0,87.0,79.0,96.0,36.5,13.0,105.0,7.1,190.0,0.68,13.7,7.7,0,0,0,0,Never,Low,1,1.0,8,1,1,10,2024-07-22,0
P101985,75,Female,26.0,145.0,91.0,62.0,98.0,37.3,22.0,96.0,6.0,197.0,1.33,17.0,9.7,0,1,0,0,Never,Low,5,2.0,4,2,0,6,2025-06-08,1
P101986,78,Female,30.0,132.0,75.0,82.0,100.0,37.6,17.0,117.0,6.5,172.0,1.5,17.5,6.5,0,1,0,0,Never,High,2,3.2,7,4,1,5,2025-08-17,0
P101987,33,Female,24.5,148.0,91.0,64.0,96.1,36.2,21.0,107.0,4.3,173.0,0.88,12.9,6.9,0,0,0,0,Never,High,0,1.2,5,1,0,28,2024-12-28,0
P101988,33,Male,28.3,125.0,81.0,68.0,97.3,36.8,20.0,131.0,7.9,173.0,1.07,15.3,9.8,0,0,0,0,Never,High,1,2.3,4,1,1,18,2025-03-20,0
P101989,85,Male,20.0,140.0,79.0,60.0,100.0,36.6,24.0,55.0,5.9,190.0,,16.1,6.2,0,0,0,0,Former,Low,2,2.9,10,0,0,14,2025-07-03,1
P101990,56,Female,33.2,127.0,92.0,74.0,96.5,37.0,18.0,87.0,5.2,174.0,1.02,15.2,5.9,0,1,0,1,Former,Low,1,5.0,4,1,0,22,2024-07-13,0
P101991,49,Female,27.0,140.0,71.0,89.0,97.3,36.8,17.0,76.0,6.3,212.0,1.32,14.2,6.7,0,0,0,0,Never,Moderate,0,2.6,7,0,0,26,2025-11-17,0
P101992,38,Male,33.5,124.0,90.0,79.0,94.3,36.6,16.0,55.0,5.1,128.0,1.0,16.3,10.7,0,0,0,0,Former,High,0,1.9,4,1,0,9,2024-03-13,0
P101993,64,Female,26.5,162.0,63.0,71.0,100.0,36.8,14.0,97.0,6.4,138.0,1.05,13.9,8.7,0,1,0,0,Never,High,0,3.4,7,3,0,14,2024-08-20,1
P101994,73,Female,26.8,169.0,86.0,77.0,95.2,36.7,21.0,64.0,4.9,267.0,1.55,12.3,8.2,0,1,0,0,Never,Moderate,0,2.2,6,0,2,13,2025-03-29,0
P101995,18,Female,21.2,143.0,81.0,77.0,97.0,37.6,14.0,93.0,5.5,179.0,1.13,14.9,8.1,0,0,0,0,Former,High,1,3.2,3,1,0,16,2024-01-08,0
P101996,58,Male,31.5,159.0,77.0,77.0,96.9,36.4,21.0,96.0,5.4,156.0,1.22,14.9,4.9,0,1,0,0,Former,Moderate,1,1.0,8,1,0,17,2025-05-30,1
P101997,90,Male,22.9,111.0,88.0,78.0,96.7,36.9,17.0,135.0,5.6,194.0,0.89,15.2,8.2,1,0,1,0,Never,Low,4,5.4,6,0,0,23,2024-05-01,1
P101998,38,Male,25.0,106.0,80.0,64.0,95.7,37.1,12.0,101.0,4.8,224.0,0.4,12.6,6.2,0,0,0,0,Former,Low,3,5.6,2,0,0,15,2024-09-02,0
P101999,38,Female,27.5,125.0,92.0,77.0,96.9,37.0,23.0,55.0,6.5,219.0,1.07,12.1,6.7,0,0,0,0,Never,Moderate,1,1.6,4,0,0,19,2024-04-04,0
P102000,82,Female,28.1,137.0,90.0,55.0,99.7,36.7,10.0,130.0,5.9,167.0,1.1,12.7,6.6,0,1,0,0,Never,Low,0,3.3,12,2,0,1,2025-07-28,1
P102001,22,Male,18.6,125.0,85.0,83.0,100.0,37.5,18.0,192.0,5.3,176.0,1.13,15.5,9.0,0,0,0,0,Never,Moderate,2,1.6,5,0,1,12,2024-04-27,1
P102002,47,Female,26.3,104.0,85.0,63.0,96.2,35.8,19.0,149.0,6.1,182.0,1.03,16.0,10.8,0,0,0,0,Never,Low,0,1.0,4,1,1,1,2025-05-29,0
P102003,51,Female,31.6,152.0,77.0,90.0,95.7,36.3,10.0,136.0,6.8,207.0,1.02,14.4,5.3,0,0,0,0,Never,Low,0,4.7,4,0,1,13,2024-02-19,0
P102004,76,Male,25.5,172.0,81.0,47.0,95.0,37.1,20.0,110.0,5.3,197.0,1.09,14.4,9.3,0,1,0,0,Former,High,1,7.3,9,1,0,8,2024-12-02,0
P102005,27,Male,26.3,151.0,83.0,96.0,100.0,36.4,16.0,91.0,5.7,160.0,0.62,13.2,6.8,0,0,0,0,Former,High,1,2.4,4,1,0,16,2024-01-01,0
P102006,49,Female,28.3,150.0,80.0,56.0,96.7,36.3,17.0,92.0,5.0,176.0,0.48,15.1,8.7,0,0,0,0,Never,Moderate,0,2.0,7,0,0,12,2024-01-26,0
P102007,29,Female,26.8,133.0,92.0,62.0,98.5,36.6,23.0,117.0,5.4,185.0,0.69,13.8,7.8,0,1,0,0,Current,Low,0,1.9,4,0,0,13,2025-09-16,0
P102008,75,Female,22.1,121.0,84.0,80.0,97.8,36.4,18.0,77.0,7.1,251.0,0.77,8.5,6.0,0,1,0,0,Never,High,0,2.1,5,1,3,8,2024-06-13,0
P102009,64,Female,27.3,135.0,87.0,83.0,100.0,37.1,17.0,122.0,4.0,188.0,1.03,14.8,6.0,1,0,0,1,Former,Low,2,5.1,8,2,0,11,2024-11-30,1
P102010,54,Male,32.7,168.0,68.0,73.0,96.1,37.3,17.0,89.0,5.0,321.0,0.55,15.2,6.8,0,1,0,0,Never,Low,0,1.4,4,1,1,14,2024-08-27,0
P102011,46,Female,22.0,126.0,91.0,87.0,94.5,36.8,24.0,55.0,5.5,185.0,0.85,10.1,7.9,1,0,0,0,Never,Moderate,1,4.0,5,0,1,7,2025-05-29,0
P102012,29,Female,25.6,122.0,75.0,66.0,99.8,37.3,19.0,84.0,5.9,131.0,1.48,14.2,8.2,0,0,0,0,Former,Low,1,3.1,2,0,1,12,2025-02-15,0
P102013,85,Male,20.3,155.0,74.0,71.0,98.1,36.1,15.0,162.0,7.3,208.0,1.08,,13.2,0,0,0,0,Never,Moderate,2,2.2,3,0,3,14,2024-09-29,0
P102014,65,Male,32.4,154.0,99.0,72.0,97.3,36.8,16.0,120.0,4.5,235.0,1.06,12.7,8.3,0,1,0,0,Former,Moderate,1,2.8,6,0,0,19,2024-02-08,0
P102015,41,Female,27.0,117.0,88.0,70.0,99.3,37.5,14.0,55.0,7.0,213.0,0.98,16.3,4.6,0,0,0,0,Never,Moderate,1,3.2,6,0,1,14,2025-12-01,0
P102016,48,Female,23.1,127.0,92.0,53.0,97.4,37.3,16.0,88.0,6.2,202.0,1.05,13.9,9.7,0,1,0,0,Former,High,0,1.0,7,2,0,6,2025-03-04,0
P102017,71,Female,28.0,126.0,88.0,76.0,99.3,37.5,24.0,147.0,5.8,181.0,0.92,12.6,8.4,0,1,1,1,Former,Moderate,0,3.6,6,2,1,3,2024-03-07,1
P102018,70,Male,21.2,136.0,82.0,75.0,96.9,36.5,17.0,105.0,4.7,184.0,1.01,13.5,6.9,0,1,0,0,Former,Moderate,0,1.5,4,0,0,14,2024-02-23,0
P102019,51,Male,22.1,151.0,79.0,89.0,98.1,37.3,13.0,131.0,5.3,107.0,0.85,14.4,5.0,0,1,1,1,Current,Moderate,2,12.7,6,2,0,7,2024-04-10,1
P102020,40,Female,19.9,117.0,89.0,61.0,97.4,36.6,20.0,96.0,6.6,228.0,0.55,13.0,6.7,0,0,0,0,Current,Moderate,2,2.8,6,2,1,6,2025-02-21,0
P102021,66,Female,22.0,152.0,94.0,68.0,95.9,37.1,17.0,121.0,6.0,181.0,1.38,14.1,9.6,1,1,0,0,Never,Moderate,2,2.6,6,3,0,8,2025-02-24,0
P102022,66,Female,34.6,136.0,82.0,90.0,96.1,37.5,20.0,116.0,5.8,239.0,0.8,12.9,8.2,1,0,0,0,Former,Low,1,4.0,7,2,0,11,2024-05-10,0
P102023,61,Female,23.7,173.0,103.0,80.0,95.8,36.4,17.0,91.0,5.1,175.0,1.48,12.7,9.9,0,0,0,0,Former,Low,1,5.0,3,2,1,12,2024-06-23,0
P102024,23,Male,29.9,134.0,78.0,83.0,97.0,35.9,23.0,127.0,6.1,193.0,0.7,14.9,9.8,0,0,0,0,Never,High,0,1.0,4,1,0,9,2025-10-26,0
P102025,52,Female,23.2,131.0,68.0,81.0,95.7,37.7,15.0,166.0,5.7,242.0,0.63,12.6,7.6,0,0,0,0,Never,Low,1,2.3,2,1,2,5,2024-08-28,0
P102026,62,Male,31.4,143.0,66.0,81.0,97.3,37.0,14.0,128.0,5.7,246.0,1.58,14.5,2.0,0,1,0,0,Never,Low,0,2.7,5,0,2,3,2025-03-04,0
P102027,87,Female,22.2,131.0,67.0,98.0,97.2,36.7,21.0,122.0,6.2,227.0,0.7,15.3,5.4,0,0,0,0,Never,Moderate,0,1.8,7,1,0,16,2025-03-24,1
P102028,56,Male,27.7,102.0,78.0,77.0,96.9,36.7,11.0,84.0,5.3,124.0,0.4,13.9,4.1,0,1,0,0,Former,Low,2,1.8,5,2,0,21,2024-06-02,0
P102029,43,Female,27.8,127.0,79.0,64.0,96.9,35.8,17.0,144.0,5.0,,0.57,13.0,10.1,0,0,0,0,Never,High,1,1.0,8,1,1,15,2025-10-03,0
P102030,58,Female,39.6,129.0,89.0,84.0,95.5,36.9,21.0,96.0,4.5,222.0,0.99,12.1,8.3,0,0,0,0,Current,Moderate,1,6.1,4,0,0,7,2025-05-15,0
P102031,30,Female,30.8,103.0,81.0,69.0,96.0,36.5,10.0,128.0,5.0,168.0,0.57,14.9,6.8,0,0,0,0,Current,High,1,2.3,5,1,0,3,2024-02-15,0
P102032,24,Female,24.4,128.0,89.0,75.0,93.5,36.8,18.0,134.0,4.0,198.0,0.76,10.7,6.2,0,0,0,0,Former,High,1,5.7,6,0,1,32,2024-05-31,0
P102033,67,Female,31.1,99.0,83.0,80.0,96.3,36.8,13.0,150.0,6.4,203.0,0.48,12.0,9.4,0,0,0,1,Current,Moderate,1,5.8,6,0,1,20,2025-01-26,1
P102034,89,Female,38.6,131.0,84.0,66.0,94.7,35.1,12.0,154.0,5.7,205.0,1.42,14.3,5.4,1,0,0,0,Never,Moderate,0,1.0,7,1,2,10,2024-10-29,1
P102035,79,Male,19.0,140.0,78.0,70.0,96.7,37.0,14.0,151.0,5.8,155.0,1.2,14.4,4.6,0,0,0,0,Never,Moderate,0,1.7,5,1,1,19,2024-03-07,0
P102036,60,Male,23.1,135.0,97.0,82.0,95.2,36.9,17.0,70.0,5.9,234.0,0.68,15.9,4.5,0,0,0,0,Never,Low,1,4.1,5,2,0,13,2025-05-27,0
P102037,20,Female,26.3,121.0,65.0,69.0,92.8,37.0,16.0,77.0,4.7,175.0,0.4,12.9,7.4,0,0,0,0,Never,Moderate,2,2.7,6,2,0,14,2025-05-30,0
P102038,90,Female,25.3,135.0,87.0,88.0,100.0,36.7,22.0,71.0,5.2,217.0,0.87,12.2,5.6,0,1,0,1,Former,High,2,2.0,7,3,0,6,2025-06-22,0
P102039,50,Female,25.8,119.0,80.0,64.0,96.1,36.8,18.0,62.0,6.0,187.0,1.18,13.0,9.2,0,0,0,0,Never,Low,1,4.8,3,2,0,12,2025-01-01,0
P102040,39,Female,20.7,131.0,89.0,64.0,99.1,36.9,16.0,163.0,7.4,268.0,1.27,11.3,7.2,0,0,0,0,Current,High,0,1.0,2,0,3,10,2025-11-11,0
P102041,83,Female,34.8,137.0,84.0,99.0,95.6,36.9,13.0,83.0,7.0,250.0,1.03,12.0,4.4,1,0,1,0,Never,Low,0,2.1,6,1,2,8,2025-10-29,0
P102042,72,Female,20.1,119.0,83.0,58.0,99.6,37.0,19.0,77.0,7.2,276.0,0.93,14.6,6.7,1,0,0,0,Current,Low,1,1.8,5,2,2,7,2024-04-03,0
P102043,72,Female,26.5,139.0,81.0,76.0,94.4,36.9,25.0,114.0,4.9,258.0,0.9,12.8,5.2,0,1,0,0,Former,High,1,2.7,7,2,1,1,2025-08-12,0
P102044,38,Female,32.9,135.0,95.0,98.0,96.8,37.7,16.0,84.0,5.5,190.0,1.05,13.2,6.9,0,0,0,0,Never,Low,3,5.4,5,0,0,24,2025-08-13,0
P102045,90,Male,27.3,134.0,84.0,76.0,94.5,36.4,16.0,198.0,6.1,175.0,1.37,14.8,9.3,1,1,0,0,Former,High,1,7.4,4,2,1,15,2024-03-26,0
P102046,51,Female,22.4,173.0,102.0,92.0,100.0,36.6,14.0,103.0,7.1,152.0,0.96,10.8,6.8,0,0,0,0,Current,Moderate,1,2.5,6,1,2,1,2024-06-29,0
P102047,56,Male,20.5,130.0,85.0,84.0,96.1,37.6,22.0,129.0,6.7,205.0,0.91,12.3,5.8,0,1,0,0,Never,High,1,2.7,4,1,1,8,2024-06-14,0
P102048,72,Female,26.3,130.0,84.0,76.0,98.0,36.7,21.0,89.0,5.9,196.0,1.28,,8.0,0,0,0,0,Never,Moderate,1,7.9,6,1,0,5,2025-07-08,1
P102049,66,Female,23.6,127.0,82.0,74.0,97.3,37.3,16.0,57.0,4.0,193.0,1.47,12.6,6.3,0,0,0,0,Never,Low,1,3.4,14,2,1,20,2025-04-13,1
P102050,30,Female,28.6,113.0,86.0,51.0,96.5,36.9,16.0,83.0,4.5,163.0,0.86,12.9,8.2,0,0,0,0,Former,Moderate,2,9.3,6,1,0,26,2024-11-24,0
P102051,40,Male,20.2,142.0,76.0,72.0,97.4,36.7,15.0,85.0,6.2,209.0,0.99,15.5,7.8,0,0,0,0,Never,Moderate,0,3.5,5,0,0,19,2024-11-03,0
P102052,44,Female,31.7,120.0,83.0,79.0,98.9,37.3,17.0,86.0,5.4,180.0,0.77,11.8,5.0,0,0,0,0,Never,Low,1,5.0,5,0,0,18,2025-03-10,0
P102053,87,Male,28.1,127.0,84.0,79.0,97.7,37.1,22.0,63.0,6.1,177.0,1.13,13.7,4.5,0,1,1,0,Never,Low,2,1.8,5,3,0,17,2024-11-29,0
P102054,70,Female,28.5,125.0,86.0,106.0,96.8,36.0,18.0,120.0,6.6,201.0,0.8,12.7,6.4,1,0,0,1,Never,Moderate,2,4.0,3,3,1,15,2024-06-25,1
P102055,44,Male,35.0,115.0,85.0,79.0,97.4,36.9,23.0,99.0,6.7,192.0,1.38,15.1,7.9,0,0,0,0,Former,Low,2,7.1,4,1,1,24,2025-10-14,0
P102056,71,Male,25.2,105.0,87.0,84.0,99.9,36.3,15.0,62.0,5.4,141.0,1.31,14.1,10.6,0,0,0,0,Never,Low,0,1.0,9,0,0,27,2025-02-17,0
P102057,71,Female,23.7,127.0,84.0,90.0,95.7,37.4,10.0,119.0,6.6,165.0,1.55,12.3,4.9,0,0,0,0,Never,High,0,2.1,10,0,2,16,2024-11-24,0
P102058,46,Female,24.7,146.0,97.0,82.0,93.2,37.7,27.0,138.0,,215.0,0.83,15.7,5.1,0,0,0,0,Never,High,0,4.3,4,1,1,13,2025-06-19,0
P102059,47,Male,26.5,135.0,86.0,75.0,94.5,37.7,19.0,153.0,7.0,193.0,1.57,14.7,9.1,0,0,0,0,Never,Moderate,0,3.5,6,1,3,4,2024-11-19,0
P102060,83,Male,27.0,162.0,110.0,75.0,94.7,37.0,21.0,55.0,5.7,121.0,1.17,15.6,7.5,1,0,0,0,Never,Moderate,1,4.9,5,3,0,18,2025-05-15,0
P102061,59,Male,23.2,146.0,83.0,72.0,94.9,36.6,15.0,88.0,6.2,222.0,0.99,11.9,6.7,1,1,0,0,Never,Moderate,3,7.1,7,0,0,14,2024-02-14,0
P102062,28,Female,17.0,138.0,90.0,81.0,95.0,37.0,13.0,60.0,6.2,193.0,1.29,11.3,8.4,1,0,0,0,Never,Low,0,7.6,4,0,0,19,2024-09-27,0
P102063,70,Male,24.6,166.0,76.0,74.0,96.5,36.3,19.0,93.0,6.1,155.0,0.77,15.5,9.6,0,0,0,0,Never,Moderate,1,4.6,4,0,0,14,2025-07-19,1
P102064,61,Male,29.4,132.0,97.0,83.0,96.9,38.0,11.0,163.0,5.7,170.0,1.04,14.2,9.2,0,0,0,0,Never,Moderate,0,1.0,7,0,1,5,2025-04-16,1
P102065,55,Male,28.2,134.0,75.0,64.0,96.9,37.4,17.0,87.0,4.3,201.0,0.97,14.0,5.7,0,0,0,1,Never,Moderate,0,5.3,4,2,0,16,2024-12-19,0
P102066,70,Male,33.7,134.0,88.0,78.0,95.2,37.0,22.0,99.0,5.3,111.0,1.18,13.2,8.0,0,0,0,0,Never,Low,2,2.6,2,1,0,22,2025-05-15,0
P102067,84,Male,37.7,162.0,81.0,95.0,98.3,37.3,20.0,89.0,5.6,211.0,0.98,16.1,9.4,0,0,0,0,Current,Moderate,0,2.7,6,0,0,11,2025-08-10,0
P102068,42,Female,31.4,131.0,86.0,73.0,97.5,36.6,19.0,167.0,4.6,232.0,0.82,14.2,6.5,1,0,0,0,Former,High,0,2.9,8,0,1,10,2024-05-09,0
P102069,48,Female,34.7,121.0,80.0,98.0,99.3,36.2,24.0,55.0,5.9,229.0,0.89,13.1,7.8,1,0,0,0,Never,High,1,7.3,8,0,0,21,2025-12-19,0
P102070,31,Male,31.5,140.0,73.0,78.0,98.0,35.7,19.0,89.0,6.4,239.0,0.86,15.0,5.9,0,0,0,0,Never,Low,0,5.4,6,0,0,15,2025-04-13,0
P102071,65,Female,36.4,120.0,80.0,75.0,95.9,36.8,11.0,84.0,5.6,165.0,1.07,12.7,5.2,0,0,0,0,Never,Moderate,0,1.0,7,0,0,19,2025-05-09,0
P102072,47,Female,37.1,141.0,97.0,77.0,98.8,36.7,17.0,55.0,4.0,234.0,1.35,12.2,7.9,0,0,0,0,Current,Moderate,0,3.0,4,1,0,18,2024-06-23,0
P102073,42,Male,32.4,138.0,86.0,72.0,97.0,37.1,25.0,149.0,5.6,205.0,0.4,13.8,8.9,0,0,0,0,Current,Moderate,3,3.1,5,0,1,26,2024-10-09,1
P102074,68,Female,31.2,131.0,70.0,52.0,97.9,36.8,17.0,55.0,6.3,163.0,1.27,14.3,8.6,0,0,0,0,Never,Low,4,3.4,3,2,0,22,2024-10-29,0
P102075,47,Female,26.4,141.0,93.0,87.0,97.8,37.0,25.0,95.0,5.9,213.0,0.86,12.6,4.4,0,0,0,0,Former,Moderate,0,3.3,6,2,0,22,2024-09-19,0
P102076,51,Female,27.3,107.0,73.0,102.0,96.3,37.2,22.0,109.0,5.2,212.0,0.95,13.3,9.7,0,0,0,0,Never,Moderate,2,4.1,4,0,0,25,2025-01-01,0
P102077,50,Male,25.7,135.0,89.0,82.0,96.7,36.1,17.0,86.0,4.7,254.0,0.7,14.0,8.3,0,0,0,0,Former,High,1,1.0,1,1,1,16,2025-10-21,0
P102078,36,Male,30.7,122.0,87.0,82.0,96.3,37.2,14.0,55.0,6.4,240.0,0.97,16.0,9.4,0,0,0,0,Current,Low,0,1.0,5,0,0,25,2024-05-18,0
P102079,27,Male,23.8,178.0,87.0,74.0,95.0,36.6,19.0,102.0,5.8,169.0,0.82,,5.3,0,0,0,0,Never,High,1,4.5,5,2,0,20,2025-05-13,0
P102080,78,Male,26.5,138.0,102.0,90.0,92.6,37.1,22.0,90.0,5.5,208.0,1.02,16.9,8.8,0,0,1,0,Never,Moderate,1,7.4,4,1,0,2,2025-04-11,0
P102081,24,Female,16.0,119.0,72.0,76.0,95.3,37.3,12.0,136.0,4.1,208.0,1.09,12.3,8.4,0,0,0,0,Former,Moderate,0,2.6,2,1,0,19,2024-01-22,0
P102082,41,Female,36.5,107.0,88.0,79.0,96.9,37.3,18.0,128.0,5.9,205.0,1.15,12.3,4.6,0,0,0,0,Never,Moderate,0,2.0,4,0,0,29,2024-08-18,0
P102083,66,Female,26.4,156.0,96.0,57.0,98.5,36.9,11.0,183.0,5.2,183.0,1.45,16.2,8.0,1,0,1,0,Never,Moderate,0,3.2,17,3,2,9,2024-11-13,1
P102084,27,Female,29.9,123.0,74.0,70.0,97.9,36.9,17.0,112.0,5.9,262.0,0.77,11.6,5.1,0,0,0,0,Never,Low,0,4.0,4,0,1,10,2024-05-01,0
P102085,65,Female,35.1,120.0,75.0,80.0,96.0,37.2,12.0,135.0,6.1,171.0,1.24,13.1,7.2,0,0,0,0,Never,Moderate,0,3.5,5,0,0,24,2024-05-11,0
P102086,71,Male,29.1,140.0,80.0,87.0,95.3,36.0,20.0,103.0,7.9,258.0,1.24,16.1,11.8,0,1,0,0,Never,Moderate,1,5.7,5,1,3,1,2024-06-05,1
P102087,66,Male,35.0,145.0,86.0,87.0,96.2,36.3,16.0,175.0,5.9,141.0,1.07,12.3,7.7,0,0,0,0,Never,Moderate,1,1.0,11,1,1,14,2024-04-21,1
P102088,40,Male,21.0,142.0,67.0,57.0,94.7,36.7,22.0,111.0,7.5,181.0,1.44,15.0,6.9,0,0,0,0,Never,Low,2,5.1,4,1,2,14,2024-06-08,0
P102089,19,Male,40.0,129.0,86.0,58.0,92.7,36.1,16.0,103.0,5.5,224.0,0.73,12.3,4.2,0,1,0,0,Never,High,1,5.8,6,2,0,29,2025-05-17,0
P102090,82,Female,33.2,139.0,70.0,83.0,93.7,36.7,16.0,137.0,5.6,155.0,1.14,13.3,7.7,0,1,0,0,Current,High,0,1.7,6,1,0,24,2024-05-29,0
P102091,41,Male,28.6,135.0,94.0,67.0,99.0,36.6,12.0,88.0,4.7,167.0,1.06,17.7,6.8,0,0,0,0,Never,Moderate,0,1.0,1,0,0,19,2024-06-05,0
P102092,76,Male,34.9,141.0,89.0,87.0,99.8,36.8,19.0,99.0,5.3,215.0,0.74,11.1,3.1,0,1,0,0,Former,Moderate,1,4.7,2,4,0,13,2024-05-20,0
P102093,32,Male,21.4,137.0,100.0,56.0,97.9,36.8,20.0,128.0,6.0,129.0,1.3,14.5,4.9,1,0,0,0,Current,Moderate,0,2.6,6,1,0,6,2024-10-23,0
P102094,29,Female,26.0,148.0,87.0,75.0,96.4,37.3,21.0,134.0,5.7,237.0,0.91,12.5,8.9,0,0,0,0,Current,Low,1,3.6,4,1,0,15,2025-07-11,0
P102095,74,Female,35.0,136.0,80.0,76.0,94.0,37.1,20.0,137.0,4.4,251.0,1.19,,9.7,0,0,1,0,Former,Low,0,7.9,8,3,1,1,2024-03-22,1
P102096,86,Male,17.8,122.0,76.0,82.0,96.2,36.8,19.0,116.0,7.2,253.0,1.55,12.3,7.3,1,0,0,0,Never,Low,2,4.1,9,3,3,18,2024-11-22,0
P102097,80,Male,30.4,133.0,86.0,64.0,97.6,36.6,20.0,127.0,7.5,207.0,1.15,16.2,9.2,1,0,0,0,Never,Low,0,1.0,4,2,1,8,2024-02-13,0
P102098,72,Male,30.3,147.0,83.0,52.0,98.0,36.8,20.0,150.0,4.4,179.0,1.08,14.9,7.2,0,0,0,1,Never,Low,2,3.4,4,2,1,5,2024-12-01,1
P102099,36,Female,37.7,100.0,93.0,78.0,97.7,36.8,21.0,71.0,6.5,181.0,0.98,10.4,5.6,1,1,0,0,Current,Low,0,9.4,3,0,1,14,2024-12-29,1
P102100,84,Male,19.3,106.0,75.0,82.0,98.7,38.1,13.0,118.0,7.7,206.0,0.82,13.2,11.5,0,1,0,0,Former,Moderate,0,4.0,5,1,2,18,2025-01-02,0
P102101,66,Female,35.9,150.0,103.0,88.0,100.0,36.1,16.0,55.0,4.4,200.0,0.94,12.4,4.3,0,0,0,0,Current,Moderate,1,6.6,7,0,0,17,2024-07-28,1
P102102,30,Female,24.6,155.0,94.0,72.0,95.8,36.3,12.0,134.0,5.1,181.0,0.9,10.8,8.0,0,0,0,0,Never,High,0,2.6,6,0,1,12,2025-02-13,0
P102103,27,Female,25.2,108.0,79.0,85.0,100.0,36.3,19.0,80.0,4.8,255.0,0.96,13.3,5.8,0,0,0,0,Current,High,1,3.7,5,2,1,11,2024-12-10,0
P102104,81,Male,21.1,137.0,102.0,82.0,92.9,36.9,24.0,91.0,7.0,186.0,1.48,15.0,6.7,0,0,0,0,Former,Low,2,2.1,2,3,2,10,2024-03-13,1
P102105,38,Male,21.8,124.0,73.0,92.0,95.1,36.9,21.0,106.0,5.3,250.0,1.22,15.0,10.3,0,0,0,0,Current,Low,1,1.1,9,1,1,6,2025-04-28,0
P102106,73,Male,29.6,130.0,85.0,75.0,96.9,36.5,16.0,138.0,5.7,199.0,0.9,17.6,7.2,0,1,0,0,Former,Low,0,2.3,8,0,0,24,2025-04-10,1
P102107,28,Female,21.7,135.0,68.0,55.0,97.5,37.2,20.0,192.0,5.9,196.0,0.93,11.8,6.5,0,1,0,0,Former,Low,0,2.2,6,0,1,20,2025-06-24,0
P102108,38,Male,31.3,109.0,100.0,75.0,96.2,37.0,19.0,55.0,,215.0,1.36,13.9,6.0,0,0,0,0,Never,Moderate,0,1.0,5,0,1,23,2024-01-19,0
P102109,38,Male,24.1,112.0,65.0,77.0,95.6,37.3,19.0,80.0,5.6,214.0,0.48,13.8,8.3,0,0,0,0,Never,High,0,3.5,4,0,0,14,2024-08-19,0
P102110,38,Male,21.2,125.0,67.0,82.0,100.0,37.4,13.0,118.0,5.2,190.0,0.9,15.9,5.2,0,0,0,0,Never,Moderate,1,1.7,3,1,0,16,2025-10-15,0
P102111,67,Female,24.8,132.0,77.0,58.0,95.5,35.7,23.0,90.0,5.7,216.0,0.69,14.3,7.3,1,1,0,0,Never,Moderate,0,3.6,7,0,0,24,2024-08-15,1
P102112,84,Female,29.3,117.0,97.0,72.0,94.7,37.1,14.0,147.0,6.8,221.0,1.79,11.5,6.9,0,0,0,0,Former,High,2,1.1,3,1,3,16,2025-08-23,0
P102113,84,Male,26.1,150.0,94.0,86.0,99.5,36.2,17.0,112.0,5.0,258.0,1.32,16.8,5.6,1,0,1,1,Never,Low,1,3.5,12,1,1,23,2024-03-07,1
P102114,72,Female,27.7,128.0,85.0,75.0,98.0,36.9,21.0,147.0,6.0,198.0,0.93,11.8,4.3,1,0,0,1,Current,Moderate,2,14.2,7,4,1,2,2024-10-21,1
P102115,32,Female,31.1,123.0,91.0,72.0,98.5,36.8,17.0,100.0,4.7,165.0,,14.5,7.2,0,0,0,0,Former,Low,0,1.0,4,2,0,14,2024-03-22,0
P102116,88,Female,33.1,141.0,83.0,99.0,96.9,36.8,18.0,138.0,5.2,169.0,0.88,14.4,6.4,0,0,1,0,Former,Moderate,0,3.2,8,2,0,12,2025-04-30,0
P102117,57,Female,25.9,131.0,87.0,63.0,94.0,36.2,18.0,80.0,4.1,285.0,1.58,13.8,7.6,1,0,1,0,Current,Low,1,3.1,5,2,2,16,2025-09-03,1
P102118,57,Male,22.1,147.0,99.0,91.0,96.7,37.3,18.0,181.0,5.4,124.0,0.4,14.1,2.8,0,0,0,0,Never,Low,2,7.4,9,2,1,10,2025-10-01,1
P102119,69,Female,27.9,118.0,81.0,88.0,93.8,36.2,18.0,56.0,7.0,150.0,1.15,12.7,6.2,0,1,0,0,Never,Low,0,1.2,6,1,1,19,2025-08-09,0
P102120,74,Female,29.9,111.0,76.0,73.0,96.9,37.2,19.0,92.0,4.3,196.0,1.05,13.9,8.8,1,0,0,0,Never,High,1,5.2,8,2,0,10,2024-03-23,1
P102121,87,Female,19.9,131.0,89.0,76.0,97.7,36.1,18.0,69.0,6.7,172.0,0.82,14.0,3.8,0,0,0,0,Never,Moderate,1,2.5,13,0,1,4,2024-06-20,1
P102122,60,Female,22.9,134.0,90.0,76.0,98.4,36.8,15.0,142.0,5.3,226.0,0.96,14.3,10.9,0,0,0,0,Current,High,0,6.2,6,1,1,11,2025-12-04,0
P102123,62,Female,23.8,112.0,84.0,78.0,96.3,37.7,13.0,133.0,5.0,223.0,0.58,14.3,7.9,0,0,1,0,Never,Low,1,4.9,6,3,0,9,2025-02-01,0
P102124,72,Male,26.4,111.0,93.0,69.0,97.8,38.0,21.0,73.0,6.4,175.0,1.51,15.1,6.8,0,0,0,1,Never,Low,0,5.1,6,3,1,4,2025-09-11,0
P102125,36,Female,23.5,133.0,79.0,71.0,94.9,36.0,22.0,144.0,6.8,252.0,0.97,15.3,7.3,0,0,0,0,Former,Low,0,2.5,5,1,3,1,2024-03-21,1
P102126,40,Female,,118.0,83.0,72.0,98.2,36.4,19.0,86.0,7.0,153.0,1.23,12.3,5.4,0,0,0,0,Former,High,0,1.0,5,0,1,5,2025-11-30,1
P102127,63,Male,19.2,109.0,87.0,72.0,97.7,36.5,19.0,128.0,6.2,167.0,0.9,14.7,10.0,0,1,0,0,Current,Moderate,0,3.3,4,0,0,14,2024-03-05,0
P102128,22,Male,19.3,145.0,83.0,72.0,95.1,37.9,15.0,129.0,5.4,255.0,1.29,13.8,7.5,0,1,0,0,Current,Low,1,8.7,9,0,1,9,2025-12-29,1
P102129,41,Female,25.8,120.0,98.0,49.0,97.5,36.8,10.0,102.0,6.0,145.0,0.98,16.9,7.3,0,0,0,1,Never,High,0,9.0,5,2,0,20,2025-10-11,0
P102130,70,Male,26.6,154.0,87.0,77.0,98.5,37.3,17.0,147.0,8.3,208.0,1.36,15.7,9.1,1,1,0,0,Current,High,1,3.8,4,1,2,6,2024-10-05,1
P102131,89,Female,19.9,137.0,81.0,70.0,96.6,36.9,11.0,114.0,6.0,255.0,1.28,14.7,7.9,1,1,0,0,Current,Low,1,2.4,7,1,1,14,2025-01-30,1
P102132,55,Female,24.3,138.0,88.0,54.0,95.0,36.2,19.0,125.0,,96.0,1.01,13.9,5.8,0,1,0,0,Never,Low,2,2.7,1,0,1,17,2025-11-19,0
P102133,47,Female,25.4,128.0,92.0,72.0,96.8,35.9,23.0,102.0,5.2,182.0,1.27,13.1,7.1,0,0,0,0,Former,Moderate,0,4.1,5,0,0,13,2025-02-10,0
P102134,50,Male,25.5,90.0,90.0,71.0,97.5,36.5,16.0,55.0,,231.0,2.17,18.0,8.3,1,0,0,0,Never,Low,1,6.9,6,2,1,27,2024-04-29,0
P102135,68,Male,28.3,115.0,90.0,91.0,95.0,38.0,16.0,111.0,7.6,185.0,0.74,16.4,7.2,0,0,1,0,Former,Low,1,3.3,4,0,1,19,2024-04-23,1
P102136,57,Female,24.1,131.0,67.0,70.0,94.7,36.9,14.0,83.0,5.9,197.0,0.99,12.7,4.4,0,0,0,0,Never,Moderate,0,2.7,6,2,0,16,2025-10-09,1
P102137,19,Female,35.2,134.0,55.0,84.0,97.4,37.3,18.0,155.0,5.6,202.0,0.54,12.8,9.9,0,0,0,0,Current,Moderate,0,4.9,3,0,1,17,2024-11-03,0
P102138,57,Male,30.0,102.0,95.0,93.0,98.0,36.1,18.0,66.0,6.4,207.0,1.14,14.9,7.4,0,1,0,0,Never,Low,0,6.0,8,1,0,15,2025-07-16,0
P102139,47,Male,23.3,131.0,86.0,68.0,100.0,36.6,14.0,154.0,5.0,164.0,1.05,13.8,6.3,0,0,0,0,Never,Low,1,4.6,3,1,1,8,2024-11-13,1
P102140,69,Male,28.0,115.0,83.0,75.0,97.7,37.2,21.0,109.0,5.6,224.0,1.6,14.1,8.4,0,0,0,0,Former,Low,1,1.0,5,0,1,12,2025-05-08,0
P102141,81,Female,28.1,140.0,91.0,97.0,94.3,36.3,27.0,132.0,5.6,205.0,1.02,10.9,6.1,0,0,0,0,Never,Moderate,0,1.0,4,3,1,5,2025-06-26,0
P102142,88,Female,33.8,136.0,104.0,79.0,100.0,36.8,22.0,71.0,6.6,151.0,1.38,9.6,4.1,1,0,0,0,Current,Moderate,0,2.0,11,3,2,2,2025-03-10,0
P102143,62,Male,24.4,146.0,97.0,80.0,98.4,36.4,18.0,103.0,6.3,177.0,0.45,17.6,7.1,0,0,0,1,Current,Moderate,0,2.5,1,4,0,11,2025-06-10,0
P102144,44,Male,31.5,149.0,91.0,71.0,92.9,37.2,18.0,88.0,5.2,141.0,1.02,13.8,8.5,0,0,0,0,Never,Moderate,1,1.7,3,2,0,1,2024-01-15,0
P102145,50,Male,27.7,140.0,73.0,84.0,94.6,37.0,16.0,186.0,7.6,203.0,0.76,14.1,6.6,0,0,0,0,Never,Moderate,1,7.2,2,1,2,10,2024-11-08,0
P102146,30,Female,35.3,144.0,73.0,76.0,95.6,37.1,16.0,84.0,5.5,214.0,1.11,13.3,6.7,0,0,0,0,Former,Moderate,0,2.6,7,1,0,14,2025-04-07,0
P102147,86,Male,34.2,130.0,60.0,54.0,98.0,37.2,21.0,159.0,6.3,203.0,1.43,15.6,6.7,0,0,1,0,Never,Low,1,3.0,6,4,2,6,2025-08-09,0
P102148,79,Male,28.5,183.0,90.0,72.0,92.2,36.7,22.0,158.0,7.4,216.0,0.92,15.8,6.9,0,0,0,0,Never,Moderate,0,5.6,3,1,2,26,2025-10-24,0
P102149,80,Male,26.1,115.0,95.0,62.0,96.3,37.3,14.0,157.0,5.4,200.0,1.24,16.1,7.4,0,1,0,0,Never,Low,2,4.8,9,2,1,1,2024-06-24,1
P102150,41,Female,30.1,122.0,93.0,77.0,97.9,36.5,19.0,90.0,5.2,224.0,0.87,14.1,8.7,0,0,0,0,Never,Low,0,1.0,7,2,0,5,2025-03-28,0
P102151,41,Male,26.6,146.0,88.0,65.0,91.4,37.1,22.0,174.0,5.9,190.0,0.99,14.2,8.6,0,0,0,0,Never,Moderate,3,5.4,7,0,1,14,2024-05-29,1
P102152,80,Male,36.2,148.0,82.0,82.0,97.8,35.8,17.0,188.0,4.8,222.0,1.21,16.5,11.2,0,1,0,0,Never,High,2,3.0,3,3,2,20,2024-05-02,1
P102153,57,Female,27.9,141.0,77.0,77.0,98.1,36.4,17.0,126.0,5.7,146.0,0.74,12.9,10.6,0,0,0,0,Former,Low,0,2.1,1,1,0,5,2024-06-09,0
P102154,69,Male,25.4,146.0,75.0,61.0,95.0,38.0,20.0,99.0,7.9,142.0,0.78,16.1,5.4,0,0,0,0,Current,Low,1,5.6,5,0,1,14,2025-05-24,0
P102155,53,Male,25.1,97.0,81.0,70.0,94.4,37.1,21.0,82.0,7.5,198.0,1.25,12.3,6.7,0,1,1,0,Former,Moderate,1,5.0,6,0,1,10,2025-07-08,0
P102156,50,Female,21.2,159.0,72.0,83.0,94.9,37.1,20.0,129.0,6.6,221.0,0.81,15.2,8.6,0,1,0,0,Never,Moderate,0,5.4,4,2,1,10,2024-05-25,0
P102157,64,Female,30.4,130.0,100.0,90.0,91.7,36.4,19.0,117.0,7.0,184.0,1.4,11.9,3.5,0,0,0,1,Former,Moderate,2,6.6,2,1,1,4,2024-04-26,1
P102158,77,Male,23.2,156.0,71.0,65.0,95.9,36.3,19.0,123.0,6.6,219.0,0.58,12.4,7.7,1,0,1,0,Former,Moderate,1,5.4,9,4,1,5,2024-09-13,1
P102159,42,Male,33.2,96.0,80.0,63.0,96.9,36.7,17.0,63.0,5.3,207.0,1.24,12.7,5.4,0,0,0,0,Former,Moderate,1,1.4,4,1,0,19,2025-06-01,0
P102160,77,Male,20.8,140.0,64.0,99.0,94.3,36.8,14.0,118.0,7.6,117.0,1.08,14.9,7.0,0,0,0,0,Never,Low,0,7.8,2,1,1,9,2024-11-29,0
P102161,35,Female,28.2,121.0,84.0,76.0,98.2,37.8,13.0,149.0,4.8,283.0,0.93,16.6,7.1,0,0,0,0,Never,Moderate,2,2.7,1,0,2,17,2025-01-31,0
P102162,47,Female,33.5,141.0,82.0,77.0,96.7,37.3,20.0,140.0,6.6,147.0,1.03,12.9,3.6,0,0,0,0,Never,Low,1,1.0,4,0,1,28,2024-06-13,0
P102163,84,Female,16.3,141.0,80.0,67.0,97.0,36.9,18.0,104.0,5.7,159.0,0.7,,12.0,0,0,0,0,Never,Moderate,1,6.0,8,2,1,16,2025-09-28,1
P102164,87,Female,38.0,143.0,75.0,79.0,95.8,36.8,20.0,115.0,5.8,239.0,1.43,14.4,6.0,0,1,1,1,Never,Low,3,4.2,6,4,1,15,2024-08-20,1
P102165,85,Male,25.3,118.0,84.0,97.0,97.8,37.2,15.0,67.0,6.7,196.0,0.98,,10.0,0,0,0,0,Never,Moderate,0,6.3,12,2,1,16,2025-01-08,0
P102166,41,Female,28.2,130.0,76.0,79.0,98.8,36.1,18.0,87.0,7.5,166.0,0.74,13.0,3.8,0,1,0,0,Never,High,0,2.9,5,0,1,13,2025-06-16,0
P102167,79,Female,30.5,132.0,82.0,89.0,95.8,35.8,18.0,105.0,7.4,177.0,1.69,12.7,5.8,0,0,0,0,Former,High,0,4.6,3,2,2,1,2024-10-03,0
P102168,86,Male,31.3,145.0,104.0,76.0,97.9,37.2,22.0,141.0,6.5,162.0,1.01,17.6,8.7,1,0,0,0,Never,High,1,5.8,7,1,1,7,2024-05-28,1
P102169,89,Female,28.9,153.0,86.0,64.0,97.9,36.8,21.0,94.0,6.3,165.0,0.88,13.3,6.6,0,1,1,0,Never,Low,1,3.9,5,2,0,21,2024-07-19,1
P102170,19,Female,32.7,131.0,85.0,68.0,97.3,36.1,15.0,70.0,6.1,225.0,1.13,14.3,8.7,0,0,0,0,Current,Moderate,0,2.0,2,0,0,10,2025-02-13,0
P102171,72,Female,30.2,113.0,79.0,63.0,99.5,35.8,20.0,142.0,7.3,176.0,1.14,12.1,8.3,0,1,0,0,Former,Low,0,1.0,8,1,2,9,2025-02-21,1
P102172,90,Female,36.7,139.0,77.0,79.0,95.2,37.2,15.0,104.0,4.7,154.0,1.4,11.5,5.4,0,0,0,0,Former,Moderate,1,1.0,7,4,0,10,2025-02-05,0
P102173,73,Male,30.2,179.0,83.0,91.0,95.7,36.5,10.0,87.0,6.0,166.0,1.09,15.6,9.5,0,0,0,0,Never,Moderate,0,2.7,8,0,0,11,2024-03-13,0
P102174,35,Male,37.7,158.0,106.0,78.0,95.1,37.0,24.0,138.0,4.7,189.0,1.22,15.0,8.2,0,0,0,0,Former,Moderate,0,1.2,1,0,0,29,2025-11-14,0
P102175,73,Male,32.2,90.0,81.0,72.0,97.8,36.7,17.0,132.0,5.9,167.0,1.64,16.1,4.2,0,0,0,0,Never,Low,0,4.3,9,1,1,17,2024-05-06,0
P102176,25,Female,18.1,130.0,84.0,67.0,96.0,36.8,22.0,100.0,4.4,183.0,0.71,11.9,7.3,0,0,0,0,Current,Moderate,1,1.1,0,0,0,29,2024-11-09,0
P102177,53,Female,41.1,148.0,74.0,80.0,95.2,36.5,16.0,100.0,4.2,208.0,0.88,13.1,8.4,0,0,0,0,Former,High,1,2.2,8,1,0,25,2025-07-09,0
P102178,63,Male,24.5,130.0,55.0,61.0,99.5,36.8,15.0,128.0,,177.0,0.59,12.7,6.9,0,1,0,0,Current,Moderate,1,1.1,2,3,0,18,2024-04-12,0
P102179,51,Male,35.3,124.0,74.0,62.0,99.8,37.1,16.0,131.0,5.3,162.0,1.11,13.9,7.2,0,0,0,0,Former,Moderate,2,4.0,7,0,0,5,2025-11-30,0
P102180,69,Male,27.6,130.0,107.0,87.0,95.9,36.7,19.0,123.0,,169.0,1.09,12.4,8.0,0,0,0,0,Never,Moderate,1,4.8,6,2,1,3,2025-01-06,0
P102181,35,Female,33.0,140.0,87.0,73.0,94.0,36.6,19.0,114.0,4.9,248.0,1.31,12.8,3.8,0,0,0,0,Former,Moderate,1,2.9,6,1,1,13,2024-09-27,0
P102182,62,Male,23.9,114.0,99.0,72.0,99.9,37.1,20.0,93.0,5.2,278.0,1.03,16.6,6.7,0,1,0,0,Current,Moderate,0,3.6,4,0,1,14,2025-09-05,0
P102183,65,Male,30.8,154.0,79.0,74.0,97.3,37.1,16.0,96.0,6.3,197.0,1.02,13.3,6.3,0,1,0,0,Never,Low,0,3.2,4,1,0,13,2025-08-30,1
P102184,64,Male,26.2,133.0,59.0,85.0,97.3,36.2,18.0,109.0,6.2,223.0,1.1,13.3,8.6,0,0,0,0,Never,Moderate,0,1.0,6,1,0,16,2025-12-21,0
P102185,39,Female,35.7,115.0,70.0,78.0,96.7,36.8,15.0,76.0,7.2,159.0,0.9,12.9,5.9,1,0,0,0,Never,High,0,1.9,4,1,1,32,2025-01-20,0
P102186,40,Male,29.8,150.0,85.0,67.0,95.1,36.5,23.0,72.0,6.5,173.0,1.07,14.3,11.0,0,0,0,0,Former,High,0,11.2,2,0,0,18,2024-11-27,1
P102187,36,Male,32.4,104.0,84.0,68.0,95.8,36.8,13.0,106.0,4.7,212.0,1.02,15.8,5.9,0,0,1,0,Never,Low,1,1.6,6,2,0,12,2025-05-17,1
P102188,51,Male,16.2,123.0,82.0,74.0,97.7,37.5,15.0,147.0,5.2,105.0,1.15,12.7,4.8,1,0,1,0,Current,Low,0,2.3,9,1,1,13,2025-03-08,0
P102189,60,Male,27.1,123.0,77.0,80.0,95.7,37.0,17.0,55.0,6.6,224.0,0.97,10.8,9.5,0,1,0,0,Former,Moderate,1,6.6,3,1,2,13,2025-01-05,0
P102190,44,Male,,168.0,91.0,76.0,97.3,37.9,26.0,97.0,4.9,174.0,1.14,14.7,8.3,0,0,0,0,Former,Moderate,1,2.6,6,1,0,19,2025-12-12,0
P102191,47,Female,28.7,120.0,77.0,75.0,96.5,36.9,21.0,121.0,5.5,154.0,1.16,15.7,7.8,0,0,0,0,Never,High,1,2.0,5,0,0,19,2025-11-04,0
P102192,38,Female,32.5,94.0,84.0,77.0,94.6,36.7,15.0,147.0,4.1,210.0,0.87,12.9,6.6,0,0,0,0,Never,Moderate,1,5.2,6,0,1,10,2025-04-13,0
P102193,33,Female,25.6,120.0,83.0,76.0,99.4,36.8,21.0,172.0,4.4,250.0,0.93,13.8,6.3,1,1,1,0,Never,Moderate,1,2.9,8,2,2,3,2024-07-05,1
P102194,65,Female,27.8,142.0,79.0,67.0,97.6,36.9,20.0,106.0,7.1,183.0,1.0,13.1,8.0,0,0,1,0,Never,High,0,1.0,3,1,1,12,2025-03-28,0
P102195,77,Female,33.6,149.0,75.0,89.0,97.1,37.0,19.0,186.0,6.3,206.0,0.74,14.3,5.9,0,0,0,0,Never,Moderate,0,1.9,14,1,1,10,2024-11-28,1
P102196,39,Male,16.0,169.0,77.0,70.0,97.5,36.3,20.0,126.0,5.1,212.0,0.83,14.2,10.6,0,0,0,0,Never,Low,0,1.1,4,2,0,6,2025-03-08,0
P102197,80,Female,30.6,160.0,103.0,78.0,93.3,36.7,18.0,146.0,5.7,204.0,1.3,13.1,7.5,0,0,1,0,Never,High,1,4.2,7,0,1,6,2025-12-30,0
P102198,59,Male,25.8,136.0,94.0,51.0,95.6,36.4,19.0,76.0,7.5,157.0,1.26,17.1,6.5,0,0,0,0,Never,Low,0,5.7,6,0,1,20,2025-08-14,0
P102199,30,Male,22.8,114.0,91.0,73.0,93.8,37.3,13.0,124.0,5.0,203.0,1.03,16.3,6.2,0,0,0,0,Never,Low,1,7.5,4,0,0,9,2024-12-16,0
P102200,44,Female,29.3,159.0,74.0,63.0,96.7,35.8,23.0,142.0,6.2,202.0,0.7,12.2,4.6,0,0,0,0,Current,Moderate,2,1.4,3,0,1,17,2025-10-12,0
P102201,18,Male,33.9,122.0,66.0,64.0,97.1,36.9,16.0,82.0,6.2,91.0,1.18,13.6,8.5,0,0,0,0,Current,Moderate,0,1.8,4,1,0,29,2025-09-29,0
P102202,20,Male,32.9,117.0,91.0,105.0,96.8,36.0,14.0,55.0,6.7,228.0,1.43,13.7,5.5,0,0,0,0,Former,Moderate,1,2.3,3,0,2,1,2024-09-08,0
P102203,42,Male,26.8,124.0,91.0,79.0,98.6,37.0,16.0,116.0,4.9,138.0,1.14,12.9,6.7,0,0,0,0,Never,High,0,4.5,11,1,0,16,2024-08-05,0
P102204,51,Male,32.1,111.0,83.0,91.0,93.8,36.6,16.0,105.0,4.6,200.0,1.0,13.8,12.1,0,0,1,0,Never,Moderate,0,3.7,6,0,1,10,2024-01-07,0
P102205,76,Female,32.0,127.0,80.0,86.0,95.1,35.9,15.0,164.0,5.1,253.0,0.84,13.0,3.4,1,1,0,0,Current,Moderate,0,2.4,2,2,2,7,2025-11-04,1
P102206,27,Female,27.0,125.0,66.0,88.0,97.2,37.3,21.0,89.0,6.2,186.0,0.93,12.0,6.8,0,0,0,0,Former,High,0,5.0,4,1,0,7,2025-07-01,0
P102207,79,Male,23.9,148.0,92.0,74.0,97.0,35.5,21.0,93.0,7.9,155.0,0.95,15.4,4.3,0,0,0,0,Former,Low,2,2.2,2,2,1,5,2025-09-23,0
P102208,35,Male,24.2,124.0,93.0,95.0,94.1,36.8,11.0,68.0,6.3,216.0,0.9,12.1,5.9,0,0,0,0,Never,High,0,1.9,3,0,0,25,2024-03-24,0
P102209,28,Female,31.9,108.0,74.0,86.0,98.7,37.1,16.0,86.0,4.9,248.0,1.29,11.4,6.7,0,0,0,0,Current,Moderate,0,4.2,2,0,1,22,2025-10-31,0
P102210,69,Female,27.3,107.0,76.0,76.0,99.3,37.5,16.0,209.0,7.1,153.0,1.3,14.2,4.4,1,0,1,0,Never,Moderate,2,4.1,7,0,2,13,2024-10-10,1
P102211,74,Male,22.1,138.0,96.0,79.0,97.3,36.0,17.0,61.0,5.7,105.0,0.98,17.5,7.8,0,0,0,0,Never,Low,0,2.8,6,0,0,10,2025-04-29,0
P102212,62,Female,18.7,135.0,76.0,74.0,93.8,36.5,24.0,67.0,5.2,240.0,1.06,13.6,9.9,1,0,0,1,Never,High,2,6.0,12,2,0,12,2025-09-25,1
P102213,26,Male,31.8,120.0,98.0,77.0,96.8,37.3,15.0,106.0,5.2,227.0,0.93,13.3,7.7,0,0,1,0,Never,Moderate,0,2.5,2,1,0,29,2025-11-26,0
P102214,26,Male,24.7,121.0,79.0,75.0,97.1,37.4,23.0,177.0,5.0,210.0,0.81,12.9,8.7,0,0,0,0,Never,Moderate,1,7.2,1,0,1,12,2024-12-10,0
P102215,46,Male,29.2,138.0,78.0,81.0,96.0,37.4,17.0,137.0,5.1,127.0,0.61,14.0,10.2,0,0,0,0,Never,Low,1,2.3,6,1,0,34,2024-08-27,0
P102216,50,Female,33.9,156.0,82.0,97.0,98.9,38.1,24.0,166.0,6.9,218.0,,15.1,8.2,0,1,0,0,Never,High,0,2.1,9,0,2,14,2024-01-23,0
P102217,90,Male,20.7,124.0,81.0,62.0,96.3,36.5,17.0,106.0,5.8,,1.45,15.4,2.3,0,0,1,0,Never,Moderate,1,2.1,6,2,1,10,2025-04-03,0
P102218,38,Male,27.3,132.0,93.0,90.0,100.0,37.0,17.0,61.0,4.2,277.0,0.79,12.7,7.4,0,0,0,0,Never,Low,1,1.9,3,0,1,14,2024-06-15,0
P102219,32,Male,26.6,146.0,90.0,72.0,97.9,36.6,18.0,93.0,6.1,184.0,0.76,15.1,2.0,0,0,0,0,Never,Low,1,3.3,6,0,0,15,2025-06-05,0
P102220,87,Male,29.5,123.0,95.0,91.0,97.0,35.8,23.0,114.0,5.4,201.0,1.37,16.8,5.6,1,0,0,0,Never,High,3,5.1,7,5,0,6,2025-09-30,1
P102221,29,Female,33.9,129.0,83.0,72.0,98.2,36.8,19.0,109.0,4.7,113.0,0.75,15.0,4.0,0,0,0,0,Never,Low,0,3.0,3,1,0,23,2025-07-18,0
P102222,19,Male,20.6,128.0,76.0,81.0,99.3,35.8,19.0,99.0,6.1,232.0,0.52,16.6,7.5,0,0,0,0,Never,High,0,1.4,5,2,0,25,2025-08-15,1
P102223,48,Male,30.5,109.0,82.0,74.0,98.1,36.5,20.0,132.0,5.1,231.0,0.87,15.8,5.2,0,0,0,0,Never,Low,0,2.1,7,1,0,9,2025-04-27,0
P102224,47,Female,32.9,135.0,78.0,55.0,96.4,36.1,15.0,87.0,5.4,210.0,1.37,11.3,7.6,0,0,0,0,Former,Moderate,1,1.2,8,2,0,16,2025-10-31,0
P102225,63,Female,26.5,134.0,97.0,97.0,95.3,37.0,19.0,82.0,6.0,240.0,0.89,12.0,8.6,1,1,1,0,Never,Low,3,4.8,5,4,0,1,2025-10-11,0
P102226,82,Male,26.8,145.0,94.0,65.0,94.5,36.4,16.0,76.0,5.9,165.0,0.91,17.2,5.1,1,0,0,0,Never,Moderate,1,2.9,8,1,0,9,2024-04-26,0
P102227,86,Female,29.7,116.0,83.0,77.0,92.1,35.9,23.0,126.0,5.8,187.0,0.98,12.7,7.5,0,1,0,0,Current,Low,1,5.7,8,1,0,18,2025-03-13,1
P102228,39,Female,29.3,131.0,72.0,63.0,96.8,37.2,19.0,114.0,4.0,188.0,0.64,10.4,2.0,0,0,1,0,Never,High,1,2.1,3,2,1,12,2025-08-26,0
P102229,89,Female,30.5,160.0,100.0,60.0,95.8,36.5,20.0,157.0,6.1,237.0,0.75,14.1,4.0,0,1,0,1,Never,Low,0,7.0,9,1,1,19,2024-06-24,1
P102230,64,Female,30.4,169.0,84.0,74.0,95.9,36.6,11.0,169.0,7.4,238.0,0.97,14.8,9.5,0,0,0,0,Never,High,1,1.2,7,2,2,9,2024-01-12,1
P102231,23,Female,22.4,151.0,79.0,69.0,98.4,36.3,20.0,65.0,6.0,207.0,0.53,13.1,5.2,0,0,0,0,Never,High,1,4.4,3,1,0,15,2024-07-14,0
P102232,86,Male,32.6,116.0,100.0,62.0,96.3,37.4,17.0,119.0,5.9,205.0,1.0,15.4,5.9,0,1,0,0,Never,Moderate,0,7.5,7,0,0,4,2024-09-20,1
P102233,28,Male,33.6,137.0,76.0,76.0,99.9,36.9,13.0,101.0,6.0,216.0,1.01,13.4,5.4,0,0,0,0,Never,High,1,1.6,8,0,0,19,2024-05-28,1
P102234,60,Male,28.5,125.0,79.0,58.0,95.5,36.5,18.0,60.0,6.5,182.0,1.14,13.9,3.5,0,0,0,0,Never,Moderate,1,2.5,5,0,0,18,2024-07-20,0
P102235,75,Male,19.7,140.0,81.0,78.0,94.8,35.8,13.0,98.0,5.3,247.0,1.04,11.9,4.9,0,0,0,0,Former,Low,1,1.4,7,0,1,6,2024-01-19,0
P102236,36,Female,26.9,117.0,68.0,74.0,94.2,38.1,20.0,164.0,6.8,178.0,0.62,11.6,7.0,0,0,0,0,Never,Moderate,0,1.4,2,1,2,9,2025-07-01,0
P102237,37,Male,28.5,101.0,84.0,46.0,97.8,37.8,23.0,88.0,5.8,211.0,0.85,16.8,6.2,0,0,0,0,Never,Moderate,0,1.0,6,0,0,19,2025-02-14,0
P102238,52,Male,21.5,126.0,74.0,70.0,98.6,37.5,12.0,84.0,5.5,172.0,1.1,9.6,9.1,0,0,0,0,Former,Moderate,1,1.4,4,0,1,21,2025-09-15,0
P102239,82,Female,25.6,148.0,78.0,82.0,95.4,36.4,18.0,116.0,7.6,231.0,1.27,12.6,5.8,0,0,0,0,Current,High,1,1.6,1,1,1,26,2025-03-25,0
P102240,34,Female,20.2,135.0,74.0,63.0,94.6,36.5,17.0,141.0,4.0,191.0,0.88,12.4,7.0,0,0,0,0,Former,Low,0,7.1,3,0,1,5,2025-09-24,0
P102241,66,Female,30.7,141.0,77.0,82.0,99.3,37.0,11.0,104.0,4.9,274.0,0.85,14.1,5.9,0,0,0,0,Current,Low,0,1.4,5,0,1,5,2024-08-31,0
P102242,51,Male,28.4,136.0,74.0,81.0,93.9,36.4,21.0,117.0,6.4,190.0,1.03,11.4,8.9,0,0,1,1,Never,Low,4,8.2,5,2,0,4,2025-08-30,1
P102243,26,Male,18.9,136.0,83.0,64.0,98.3,36.3,20.0,55.0,6.1,231.0,0.83,13.5,4.1,0,0,0,0,Never,Moderate,2,1.9,1,2,0,16,2025-05-14,0
P102244,69,Female,29.3,143.0,82.0,76.0,95.5,37.5,25.0,135.0,7.5,171.0,0.77,12.3,8.0,1,1,0,1,Never,Moderate,1,3.3,6,2,1,2,2025-11-25,1
P102245,78,Male,27.2,131.0,84.0,86.0,97.2,36.8,20.0,125.0,4.1,183.0,,15.2,7.8,0,0,0,0,Never,Low,0,3.1,8,5,0,8,2024-01-14,1
P102246,60,Male,30.2,135.0,106.0,65.0,98.4,36.2,15.0,145.0,6.7,193.0,1.04,14.6,5.4,0,1,0,0,Never,Moderate,0,4.2,3,0,2,15,2025-09-02,0
P102247,30,Female,25.5,159.0,79.0,74.0,97.4,37.3,20.0,55.0,4.4,208.0,0.63,10.7,6.8,0,0,0,0,Former,Moderate,1,1.0,5,0,1,5,2024-06-15,0
P102248,29,Male,23.3,132.0,87.0,90.0,96.0,36.5,22.0,98.0,5.9,167.0,0.76,14.1,7.8,0,0,0,0,Never,Moderate,0,1.3,0,1,0,17,2025-07-12,0
P102249,48,Female,23.5,132.0,89.0,66.0,99.0,35.8,16.0,145.0,5.7,173.0,0.94,12.0,5.6,0,0,0,0,Former,High,2,5.4,6,0,1,18,2025-04-11,0
P102250,54,Male,24.7,134.0,82.0,82.0,97.0,36.2,21.0,93.0,6.6,198.0,0.59,15.3,5.6,0,0,1,0,Current,Low,0,2.6,5,1,1,2,2025-01-16,0
P102251,58,Female,27.6,129.0,85.0,63.0,100.0,36.5,10.0,115.0,5.7,210.0,0.82,12.8,4.5,0,0,0,0,Never,Moderate,0,5.9,7,1,0,11,2024-10-11,0
P102252,35,Female,28.3,123.0,81.0,74.0,93.4,36.9,23.0,95.0,6.5,194.0,1.13,15.8,11.0,0,0,0,0,Never,Moderate,1,2.7,2,0,0,10,2024-05-25,0
P102253,54,Female,26.5,136.0,84.0,81.0,93.4,36.9,21.0,99.0,5.1,188.0,0.87,12.2,6.1,0,0,0,0,Former,Moderate,0,7.2,2,0,0,17,2024-11-27,0
P102254,39,Male,25.3,122.0,75.0,47.0,98.3,37.4,10.0,151.0,5.6,145.0,0.74,13.7,4.5,0,0,0,0,Never,Moderate,0,9.9,4,4,1,1,2024-02-15,0
P102255,68,Female,25.7,132.0,78.0,70.0,96.4,36.7,19.0,65.0,6.2,214.0,1.36,12.4,3.5,0,0,0,0,Current,High,1,7.7,7,1,0,38,2024-08-22,0
P102256,76,Female,40.5,122.0,84.0,81.0,97.9,36.6,11.0,115.0,7.6,227.0,1.18,12.9,5.4,0,0,0,0,Never,Low,0,3.0,4,0,1,18,2024-12-31,0
P102257,65,Female,23.5,136.0,63.0,79.0,94.5,37.4,16.0,124.0,6.7,232.0,1.24,14.5,7.5,0,0,0,0,Never,Moderate,0,2.0,8,0,1,13,2024-03-21,0
P102258,18,Male,24.6,138.0,95.0,70.0,96.6,37.3,20.0,139.0,5.6,201.0,0.68,13.9,6.5,0,0,0,0,Former,High,0,3.2,6,2,0,15,2025-09-01,0
P102259,90,Male,44.6,133.0,106.0,63.0,97.3,36.7,18.0,115.0,6.9,172.0,1.04,14.0,7.7,0,0,1,0,Former,High,2,2.3,9,6,1,1,2025-06-13,1
P102260,19,Male,29.7,94.0,82.0,84.0,95.5,36.9,22.0,140.0,6.4,183.0,0.9,15.1,8.4,0,0,0,0,Never,Moderate,0,7.5,7,2,0,11,2024-01-07,1
P102261,90,Male,20.3,147.0,91.0,72.0,96.9,36.6,18.0,117.0,6.6,201.0,,13.2,6.7,1,1,1,0,Former,Moderate,1,1.8,11,0,1,11,2025-03-16,1
P102262,20,Female,31.9,130.0,91.0,83.0,94.0,36.2,18.0,111.0,4.5,194.0,,14.1,6.7,0,0,0,0,Never,Low,2,3.5,4,0,1,13,2025-11-25,0
P102263,55,Female,22.8,116.0,69.0,81.0,97.2,37.9,22.0,116.0,6.4,163.0,1.04,12.6,10.1,0,1,0,0,Current,Moderate,0,8.0,8,1,0,18,2025-03-25,1
P102264,25,Female,32.2,142.0,90.0,71.0,99.1,36.5,17.0,130.0,5.5,131.0,1.23,11.8,8.5,0,0,0,0,Former,High,0,3.6,4,1,0,8,2024-05-20,0
P102265,24,Female,26.4,105.0,76.0,89.0,94.3,36.9,18.0,126.0,5.2,174.0,1.56,10.4,7.8,0,1,0,0,Never,Moderate,4,2.5,4,0,2,2,2024-04-30,0
P102266,67,Female,25.2,152.0,106.0,69.0,94.2,36.0,18.0,76.0,5.3,,1.53,11.5,6.3,0,1,0,0,Never,Moderate,0,2.5,6,1,1,19,2024-08-25,0
P102267,71,Male,35.9,134.0,81.0,90.0,98.6,37.2,18.0,123.0,6.6,207.0,1.11,14.3,8.4,0,0,0,0,Never,Low,1,2.7,5,2,1,21,2025-03-19,0
P102268,26,Male,30.4,91.0,90.0,92.0,94.1,36.2,22.0,127.0,6.0,179.0,1.25,14.5,7.7,0,0,0,0,Former,Low,0,2.8,4,0,0,17,2025-05-20,0
P102269,89,Female,32.6,140.0,83.0,89.0,98.0,37.6,16.0,170.0,5.4,185.0,1.15,12.8,7.6,0,0,0,0,Current,High,3,6.2,7,1,1,13,2025-03-20,1
P102270,41,Male,29.8,124.0,103.0,74.0,96.6,37.7,15.0,75.0,4.7,199.0,0.96,12.4,8.4,0,0,0,0,Former,Low,0,4.6,4,0,0,17,2024-08-07,0
P102271,41,Male,25.2,121.0,76.0,107.0,95.7,37.1,14.0,129.0,7.4,255.0,1.21,14.3,7.7,0,0,0,0,Never,Moderate,0,1.0,3,1,2,9,2025-04-24,0
P102272,39,Female,30.7,118.0,93.0,78.0,99.1,36.9,11.0,98.0,6.4,189.0,1.21,10.9,4.0,0,0,0,0,Never,Moderate,1,5.7,7,2,1,18,2025-08-31,0
P102273,51,Female,33.8,130.0,88.0,79.0,98.2,36.7,23.0,119.0,5.9,136.0,1.14,,7.1,0,1,0,0,Never,Moderate,1,1.9,2,0,0,14,2024-09-03,0
P102274,30,Male,28.2,121.0,85.0,76.0,97.0,36.8,15.0,71.0,6.1,169.0,0.89,16.2,4.8,0,0,0,0,Current,Moderate,2,1.0,5,0,0,24,2025-05-18,0
P102275,49,Male,36.9,100.0,84.0,62.0,92.6,37.0,17.0,111.0,5.4,264.0,0.86,14.4,8.3,1,0,0,0,Never,High,0,4.8,4,0,1,11,2024-06-16,0
P102276,33,Male,31.9,152.0,74.0,92.0,97.8,36.8,23.0,120.0,5.4,249.0,0.61,15.2,3.9,0,1,0,1,Former,Moderate,2,5.1,3,4,1,5,2025-07-28,0
P102277,21,Female,28.6,124.0,54.0,69.0,94.6,37.3,18.0,73.0,5.5,231.0,0.96,15.3,6.9,0,0,0,0,Current,Low,0,1.0,6,2,0,10,2024-03-22,0
P102278,44,Female,28.8,119.0,92.0,87.0,96.1,36.3,20.0,162.0,6.6,222.0,1.05,13.1,7.1,0,0,0,0,Never,Moderate,0,2.1,6,1,2,1,2025-06-02,0
P102279,67,Female,28.2,115.0,78.0,90.0,96.5,37.6,13.0,61.0,4.7,222.0,1.28,14.6,4.7,0,0,1,0,Current,Moderate,2,3.2,5,3,0,14,2025-02-09,0
P102280,73,Female,21.0,148.0,95.0,83.0,99.9,36.6,23.0,135.0,5.2,186.0,0.66,,6.8,0,1,0,0,Never,Low,0,1.4,4,1,0,20,2024-07-06,1
P102281,43,Male,27.0,109.0,85.0,68.0,96.0,36.4,18.0,55.0,4.6,228.0,1.01,13.5,8.5,0,0,0,0,Former,Low,0,3.1,4,0,0,11,2025-06-06,0
P102282,41,Female,28.7,133.0,93.0,72.0,93.9,37.0,14.0,101.0,6.5,229.0,0.92,12.9,5.9,0,0,0,0,Never,Low,0,4.1,5,0,0,20,2024-05-01,1
P102283,75,Male,25.3,125.0,92.0,45.0,99.1,37.0,14.0,133.0,6.0,227.0,1.06,13.4,7.6,0,0,0,0,Current,High,0,3.7,9,3,0,10,2024-03-27,0
P102284,67,Male,29.3,125.0,58.0,75.0,97.8,35.9,24.0,140.0,5.2,172.0,1.4,15.5,8.0,0,0,0,0,Never,Low,1,2.4,5,3,0,11,2024-07-01,1
P102285,78,Female,27.6,117.0,90.0,86.0,97.9,36.6,16.0,113.0,5.9,,1.44,14.6,4.9,1,0,1,0,Never,Moderate,2,3.2,11,0,1,12,2024-08-11,0
P102286,84,Female,31.5,126.0,81.0,73.0,99.2,35.7,15.0,110.0,5.6,171.0,1.39,11.1,7.1,1,0,0,0,Former,High,2,9.4,9,2,0,15,2025-10-25,1
P102287,77,Male,30.9,135.0,95.0,69.0,99.6,36.5,16.0,137.0,4.8,233.0,1.11,13.2,6.6,0,0,0,1,Current,Moderate,1,5.9,9,2,0,13,2025-05-30,0
P102288,86,Male,28.4,140.0,90.0,72.0,94.9,36.5,18.0,152.0,7.4,207.0,1.05,14.0,7.0,0,0,0,0,Never,Moderate,2,1.5,6,1,2,10,2025-07-04,0
P102289,48,Male,20.4,118.0,88.0,91.0,94.0,36.9,19.0,160.0,5.6,210.0,1.33,13.3,3.8,0,0,0,0,Current,Moderate,0,1.0,4,0,1,19,2024-04-19,0
P102290,46,Female,36.8,130.0,79.0,75.0,98.0,36.4,20.0,66.0,6.9,217.0,1.47,12.8,4.2,0,0,0,0,Current,High,0,2.8,5,0,2,15,2025-10-21,0
P102291,41,Female,26.8,146.0,72.0,98.0,96.0,36.5,19.0,103.0,4.4,141.0,1.42,13.7,9.4,0,0,0,0,Never,Low,2,3.2,4,0,1,8,2024-03-17,0
P102292,35,Male,27.1,102.0,77.0,69.0,96.2,37.5,20.0,55.0,6.1,229.0,1.09,16.5,8.5,0,0,0,0,Never,Moderate,0,5.6,0,0,0,24,2025-11-09,1
P102293,72,Male,25.7,135.0,65.0,79.0,94.5,37.8,17.0,68.0,4.8,174.0,1.08,13.8,7.4,1,0,0,1,Never,Moderate,0,4.0,6,1,0,23,2024-05-07,0
P102294,70,Male,25.0,118.0,77.0,71.0,97.6,36.3,25.0,91.0,8.2,178.0,1.25,13.7,8.8,1,0,0,0,Never,Moderate,0,2.2,7,2,1,7,2024-05-04,0
P102295,76,Male,35.5,117.0,69.0,101.0,97.2,37.3,16.0,147.0,4.6,163.0,1.29,15.1,4.3,0,1,1,0,Current,Low,1,4.2,6,0,1,3,2025-01-21,1
P102296,30,Male,34.7,134.0,66.0,78.0,96.2,37.0,23.0,92.0,7.2,198.0,0.83,14.5,6.5,0,1,0,0,Current,Moderate,1,3.9,4,0,1,7,2024-09-18,0
P102297,53,Male,29.8,123.0,83.0,102.0,94.0,35.9,16.0,102.0,5.8,192.0,0.96,12.2,6.4,0,0,0,0,Never,Low,0,4.7,3,1,0,19,2024-05-24,0
P102298,34,Male,26.9,109.0,86.0,71.0,98.7,36.4,13.0,120.0,5.4,142.0,1.81,13.3,5.5,0,0,0,0,Never,Moderate,1,2.7,3,1,1,10,2025-03-23,0
P102299,83,Female,30.7,158.0,84.0,94.0,97.0,35.3,12.0,94.0,6.7,127.0,0.99,12.6,4.7,0,0,0,0,Former,High,1,4.2,9,2,1,14,2025-10-23,0
P102300,37,Female,27.9,146.0,76.0,77.0,98.5,37.0,19.0,55.0,4.8,187.0,1.2,14.3,9.6,0,0,0,0,Never,Moderate,0,1.0,3,0,0,30,2024-01-12,0
P102301,28,Male,26.5,97.0,71.0,86.0,92.7,36.3,22.0,82.0,6.2,226.0,0.79,16.2,5.7,0,0,0,0,Former,Moderate,0,2.1,1,1,0,9,2024-11-17,0
P102302,59,Female,29.3,108.0,79.0,61.0,96.6,36.9,14.0,109.0,6.7,222.0,0.99,11.6,7.9,0,1,0,0,Never,Moderate,0,1.8,8,0,1,14,2025-12-27,0
P102303,82,Male,25.2,146.0,76.0,80.0,95.2,38.1,15.0,134.0,6.2,233.0,0.84,13.4,7.7,0,0,0,1,Former,Moderate,0,3.7,7,1,0,25,2024-03-06,0
P102304,84,Female,28.8,131.0,83.0,63.0,96.6,37.6,19.0,111.0,6.4,187.0,0.84,14.4,9.1,1,1,0,0,Never,High,1,1.6,4,1,0,12,2024-11-09,1
P102305,25,Male,28.6,155.0,65.0,79.0,98.2,36.4,18.0,123.0,7.2,182.0,1.1,13.8,8.5,0,0,0,0,Never,Moderate,1,3.2,5,0,1,4,2025-10-20,0
P102306,41,Female,30.6,141.0,88.0,58.0,97.2,36.3,16.0,143.0,6.3,191.0,1.11,13.7,6.4,0,0,0,1,Never,Moderate,3,4.7,2,0,1,15,2024-04-28,0
P102307,29,Male,24.3,135.0,75.0,75.0,96.5,37.4,14.0,147.0,4.8,226.0,1.45,14.3,4.5,0,0,0,0,Current,Low,0,1.3,5,1,2,21,2025-11-20,0
P102308,40,Female,31.2,113.0,85.0,89.0,96.5,36.3,19.0,116.0,6.4,256.0,0.98,13.2,8.8,0,0,0,0,Current,Moderate,0,1.3,7,1,1,19,2024-01-07,0
P102309,56,Male,22.8,141.0,91.0,83.0,93.7,37.3,20.0,73.0,,178.0,1.06,13.9,9.4,0,0,0,1,Current,Moderate,1,2.7,6,2,0,6,2024-03-24,0
P102310,38,Female,24.5,109.0,85.0,61.0,94.9,38.2,20.0,66.0,5.0,185.0,0.95,14.8,11.9,0,0,0,0,Former,Low,0,1.8,4,1,1,7,2024-07-20,0
P102311,22,Male,24.7,151.0,88.0,53.0,98.5,37.1,18.0,67.0,5.9,196.0,0.64,12.2,9.0,0,0,0,0,Never,High,1,5.9,3,1,0,3,2024-10-13,0
P102312,55,Female,21.9,140.0,62.0,82.0,95.6,37.4,14.0,75.0,5.0,185.0,1.18,12.5,5.7,0,0,0,0,Never,Moderate,2,5.6,5,2,0,17,2024-07-07,0
P102313,21,Male,32.8,114.0,75.0,95.0,98.6,37.3,19.0,110.0,5.5,173.0,0.87,16.1,6.0,0,0,0,0,Former,High,0,6.9,2,0,0,23,2025-06-04,0
P102314,34,Female,22.5,144.0,92.0,64.0,98.0,36.5,19.0,175.0,6.2,190.0,0.55,12.8,2.8,0,0,0,0,Never,Moderate,1,3.2,3,1,1,14,2025-03-21,0
P102315,18,Male,23.9,166.0,85.0,101.0,98.1,36.9,13.0,114.0,7.1,165.0,1.21,14.4,5.4,0,0,0,0,Former,Moderate,1,5.6,3,0,1,11,2024-05-02,0
P102316,24,Female,34.0,125.0,99.0,76.0,97.1,36.3,17.0,104.0,6.1,223.0,0.76,14.6,4.5,0,0,0,0,Never,Moderate,0,3.3,3,1,0,17,2025-07-03,0
P102317,49,Female,24.5,141.0,99.0,52.0,95.7,37.4,19.0,145.0,4.5,251.0,1.09,13.8,8.2,1,0,0,0,Never,Moderate,0,4.1,8,0,2,2,2025-03-24,0
P102318,80,Female,26.5,128.0,87.0,57.0,96.2,36.3,18.0,88.0,5.0,184.0,1.19,14.4,8.9,0,1,0,0,Former,Low,2,12.6,5,1,0,13,2025-12-04,0
P102319,74,Male,22.2,136.0,81.0,85.0,97.7,37.2,11.0,153.0,7.6,258.0,1.13,16.3,11.5,0,0,0,0,Current,Moderate,1,2.4,8,0,4,10,2025-07-07,1
P102320,25,Male,31.8,103.0,71.0,78.0,92.7,37.4,16.0,141.0,4.9,191.0,0.64,12.4,13.2,0,0,0,0,Never,Low,1,1.3,1,0,2,16,2025-09-08,0
P102321,20,Male,31.9,128.0,75.0,94.0,98.7,36.6,16.0,109.0,4.1,168.0,1.3,13.8,7.5,0,0,0,0,Never,Low,0,3.7,6,0,0,20,2025-04-27,0
P102322,42,Female,31.3,132.0,77.0,62.0,95.6,36.4,20.0,184.0,4.8,221.0,0.77,11.9,5.8,1,0,0,0,Former,Moderate,1,2.0,3,0,1,2,2024-08-20,0
P102323,65,Female,30.3,164.0,77.0,77.0,96.3,36.7,27.0,154.0,6.7,160.0,0.4,13.6,6.2,0,0,1,0,Never,Moderate,0,2.5,6,3,2,1,2024-07-23,1
P102324,72,Male,27.9,104.0,74.0,76.0,96.4,36.4,18.0,118.0,6.2,219.0,1.3,16.1,5.6,0,1,1,0,Former,High,1,1.7,6,5,0,4,2025-08-23,0
P102325,78,Female,24.8,131.0,88.0,74.0,96.4,36.9,14.0,112.0,6.7,205.0,1.31,9.4,11.7,0,0,0,1,Current,Low,1,3.4,4,3,3,10,2024-05-15,1
P102326,42,Male,23.3,153.0,98.0,71.0,94.1,36.3,17.0,95.0,5.7,180.0,0.64,12.1,2.0,0,0,0,0,Never,Moderate,0,2.3,4,1,0,13,2025-11-21,0
P102327,30,Female,34.2,125.0,90.0,72.0,96.8,36.4,18.0,104.0,4.6,176.0,0.94,10.0,10.2,0,0,0,0,Never,High,1,6.3,4,0,1,14,2025-12-25,0
P102328,19,Male,31.5,125.0,77.0,78.0,97.6,37.1,21.0,103.0,4.0,162.0,1.21,,5.1,1,0,0,0,Never,Low,2,3.5,3,0,0,20,2024-03-11,1
P102329,28,Male,23.9,115.0,91.0,80.0,92.8,37.1,22.0,97.0,4.8,234.0,,14.6,6.2,0,0,0,0,Never,Moderate,0,1.4,7,4,0,9,2024-12-01,1
P102330,22,Male,27.7,113.0,84.0,79.0,94.2,36.7,23.0,99.0,5.6,187.0,1.09,16.9,2.0,0,0,0,0,Never,Low,1,2.8,3,1,0,16,2025-12-19,0
P102331,80,Male,25.9,105.0,83.0,90.0,98.1,36.0,20.0,76.0,5.1,207.0,1.32,12.5,9.1,1,0,0,1,Never,Moderate,1,3.6,6,3,0,6,2025-06-11,0
P102332,37,Male,21.6,120.0,80.0,62.0,97.8,37.4,18.0,90.0,,195.0,1.16,18.0,8.6,0,0,0,0,Never,High,0,3.4,2,0,0,13,2025-04-17,0
P102333,78,Male,28.4,119.0,82.0,54.0,97.0,36.6,23.0,61.0,5.2,187.0,1.05,15.3,4.8,0,0,1,0,Never,Moderate,1,2.8,6,1,0,17,2025-11-01,1
P102334,58,Male,25.3,135.0,89.0,88.0,95.3,37.8,17.0,128.0,4.4,207.0,0.72,15.3,9.2,0,0,1,0,Former,High,2,2.8,6,6,0,17,2024-06-02,1
P102335,57,Male,,119.0,84.0,65.0,97.8,36.7,18.0,116.0,5.9,,0.95,15.5,8.8,0,0,0,0,Current,Moderate,0,5.8,8,0,0,12,2025-08-06,0
P102336,51,Female,19.8,124.0,75.0,71.0,94.3,36.9,17.0,108.0,6.5,200.0,1.32,10.9,5.9,0,0,0,0,Current,Moderate,1,5.5,5,0,1,13,2025-11-10,0
P102337,77,Male,19.4,128.0,76.0,69.0,96.3,36.6,11.0,148.0,7.5,188.0,1.39,13.6,2.9,0,1,0,0,Never,Moderate,1,1.7,7,3,2,8,2024-05-07,0
P102338,21,Male,25.6,128.0,83.0,68.0,94.1,36.9,22.0,77.0,4.0,154.0,0.97,12.9,6.6,1,0,0,0,Former,Moderate,1,2.4,2,0,0,29,2024-03-24,0
P102339,24,Female,27.1,120.0,85.0,59.0,96.2,38.5,20.0,82.0,6.8,172.0,0.83,14.0,9.1,0,0,0,0,Never,Low,0,2.4,3,1,1,19,2025-10-30,0
P102340,48,Female,22.9,114.0,79.0,69.0,94.6,36.6,10.0,60.0,5.9,183.0,1.48,11.7,5.2,0,0,0,0,Former,Low,0,9.7,2,1,1,4,2024-12-01,0
P102341,46,Male,30.9,133.0,70.0,84.0,97.9,37.4,22.0,147.0,5.2,196.0,1.02,14.1,9.2,0,0,0,0,Never,Moderate,0,1.0,5,0,1,12,2025-09-13,1
P102342,57,Female,27.2,151.0,95.0,76.0,97.3,36.8,17.0,134.0,6.5,129.0,1.2,12.1,5.3,0,0,0,1,Never,High,0,3.5,4,1,0,12,2025-02-27,1
P102343,71,Female,30.5,137.0,94.0,82.0,95.5,37.4,21.0,162.0,7.3,219.0,0.73,15.2,6.8,1,0,0,0,Never,Moderate,1,4.0,6,2,2,1,2025-08-31,1
P102344,60,Female,26.5,123.0,63.0,70.0,98.5,35.8,18.0,169.0,4.4,207.0,1.01,12.1,5.5,0,0,0,0,Current,Low,0,1.4,5,1,1,13,2024-12-10,1
P102345,36,Male,23.4,128.0,95.0,87.0,94.8,37.8,13.0,95.0,5.2,173.0,1.26,12.8,7.3,0,0,0,0,Never,High,2,5.4,9,2,0,25,2024-06-26,0
P102346,41,Male,28.1,96.0,79.0,70.0,96.4,37.0,18.0,85.0,5.2,160.0,0.59,15.2,8.6,0,0,0,0,Former,Moderate,0,9.4,5,1,0,17,2024-12-09,0
P102347,72,Male,20.9,132.0,85.0,51.0,95.4,36.7,15.0,55.0,6.6,169.0,1.06,14.4,10.3,0,0,0,0,Never,Low,1,1.5,4,2,1,12,2024-02-02,0
P102348,32,Female,30.3,123.0,92.0,80.0,97.8,37.3,14.0,70.0,6.9,145.0,1.06,15.2,7.4,0,0,0,0,Former,Moderate,0,8.3,4,0,1,7,2024-01-25,0
P102349,54,Female,22.6,117.0,99.0,85.0,97.7,36.9,21.0,101.0,5.9,182.0,1.41,13.5,3.9,0,0,1,0,Never,Low,0,1.0,7,3,1,16,2025-05-30,0
P102350,57,Female,32.3,120.0,92.0,69.0,98.8,36.2,19.0,55.0,5.6,188.0,1.29,13.5,8.3,0,0,0,0,Former,Low,2,3.3,7,2,0,16,2024-03-21,1
P102351,72,Female,25.7,128.0,86.0,90.0,96.6,35.6,23.0,78.0,6.5,230.0,1.54,14.4,6.4,0,0,1,0,Current,Moderate,0,5.4,7,3,1,11,2025-04-11,1
P102352,70,Male,33.0,151.0,69.0,66.0,91.2,37.7,17.0,113.0,5.8,213.0,1.29,15.1,6.4,0,1,1,1,Never,High,4,10.7,2,3,0,18,2024-04-16,1
P102353,51,Male,21.7,151.0,62.0,84.0,95.7,36.7,15.0,143.0,4.0,,1.25,15.6,7.2,1,0,0,0,Former,Moderate,0,2.5,4,2,2,4,2024-02-13,0
P102354,40,Female,24.0,115.0,90.0,97.0,99.3,36.5,20.0,85.0,6.1,199.0,0.7,14.1,8.1,0,0,0,0,Never,Low,2,5.3,5,3,0,2,2025-06-11,0
P102355,44,Female,29.5,122.0,95.0,76.0,95.9,36.5,15.0,115.0,6.6,160.0,0.71,12.6,6.2,0,0,0,0,Current,Low,0,2.5,2,1,1,15,2024-02-02,0
P102356,48,Male,33.6,123.0,74.0,73.0,93.0,37.5,17.0,177.0,6.7,261.0,1.46,12.6,8.2,0,0,0,0,Never,Moderate,0,4.6,6,0,4,4,2024-09-03,1
P102357,34,Male,36.2,144.0,78.0,75.0,97.3,36.6,20.0,55.0,4.6,183.0,0.83,14.2,7.8,0,0,0,0,Never,Low,1,3.8,7,3,0,9,2024-07-28,0
P102358,63,Female,27.7,136.0,77.0,96.0,97.4,37.1,18.0,152.0,6.5,136.0,0.89,10.0,8.2,0,0,0,0,Former,Moderate,2,4.6,8,1,2,21,2025-06-25,1
P102359,33,Male,37.1,132.0,75.0,81.0,95.2,36.6,16.0,122.0,7.0,203.0,0.4,13.3,8.8,1,0,0,0,Former,Moderate,2,2.5,5,1,1,21,2025-04-01,1
P102360,65,Male,26.0,143.0,94.0,102.0,96.1,36.2,13.0,159.0,8.3,135.0,1.34,13.9,2.6,0,1,0,0,Never,Moderate,1,1.0,9,5,2,4,2025-07-18,1
P102361,72,Female,33.2,125.0,86.0,79.0,95.0,37.3,21.0,150.0,6.5,192.0,0.75,15.0,6.2,0,1,0,0,Current,Moderate,0,5.4,3,0,1,8,2025-02-15,0
P102362,88,Male,22.6,160.0,82.0,68.0,97.4,37.4,17.0,96.0,,177.0,0.88,14.2,6.7,0,1,0,0,Current,Low,0,2.9,8,1,1,39,2025-04-19,1
P102363,26,Male,29.7,129.0,107.0,69.0,96.6,36.5,20.0,108.0,4.6,215.0,1.23,17.1,6.5,0,0,0,0,Never,High,0,3.6,4,0,0,21,2025-04-07,0
P102364,73,Female,16.0,120.0,69.0,77.0,94.4,36.8,20.0,65.0,5.1,231.0,0.45,13.8,5.3,0,0,0,0,Former,High,1,5.6,8,3,0,12,2025-01-02,0
P102365,24,Male,,125.0,86.0,52.0,96.5,36.8,22.0,89.0,6.4,183.0,1.3,12.0,5.7,0,0,0,0,Never,Moderate,0,2.0,4,1,0,12,2025-04-12,0
P102366,42,Female,29.9,152.0,71.0,70.0,95.2,37.0,17.0,112.0,4.0,180.0,0.74,14.8,8.0,0,0,0,0,Never,Low,2,7.3,4,3,0,10,2024-03-23,0
P102367,30,Male,20.7,122.0,79.0,71.0,99.1,37.8,17.0,119.0,5.7,224.0,0.9,16.0,7.9,0,0,0,0,Current,High,1,1.8,5,2,0,8,2024-06-10,0
P102368,29,Male,29.7,146.0,82.0,79.0,98.1,36.6,14.0,136.0,6.8,166.0,0.72,11.9,7.1,0,0,0,0,Never,Moderate,0,4.1,4,0,1,7,2024-05-02,0
P102369,30,Male,32.2,119.0,89.0,99.0,96.3,36.6,16.0,164.0,6.2,197.0,0.57,15.5,5.0,0,0,0,0,Never,High,0,2.2,2,0,1,14,2025-12-21,0
P102370,21,Female,24.9,116.0,78.0,77.0,96.6,36.7,19.0,92.0,6.1,216.0,,15.2,8.7,0,1,0,0,Former,Low,1,3.4,6,0,0,25,2025-08-12,0
P102371,78,Male,22.5,147.0,80.0,53.0,98.3,36.3,15.0,157.0,6.1,165.0,0.85,11.2,8.6,0,1,1,0,Never,Moderate,2,2.4,6,4,1,6,2025-10-22,1
P102372,22,Female,25.0,114.0,78.0,65.0,96.2,35.9,19.0,116.0,5.1,184.0,0.57,11.4,9.2,0,0,0,0,Current,Moderate,0,2.1,0,2,0,1,2025-04-30,0
P102373,47,Male,22.5,146.0,71.0,79.0,97.9,36.9,23.0,66.0,7.7,199.0,1.42,15.9,5.4,0,0,0,0,Current,Moderate,1,2.9,9,0,2,23,2025-01-30,0
P102374,69,Male,27.0,140.0,89.0,77.0,99.2,37.1,16.0,110.0,7.1,246.0,0.79,14.2,14.3,0,1,0,0,Never,High,0,1.8,5,3,3,1,2025-05-28,1
P102375,90,Female,28.0,122.0,87.0,95.0,95.6,36.8,13.0,123.0,7.0,149.0,0.59,15.3,7.4,1,0,0,0,Current,High,1,2.4,9,0,1,9,2024-01-20,1
P102376,80,Female,25.9,134.0,88.0,88.0,99.5,36.8,17.0,88.0,6.2,189.0,0.51,14.5,5.5,1,0,0,0,Former,Low,1,1.6,6,3,0,19,2025-06-13,0
P102377,28,Female,36.2,120.0,80.0,87.0,98.9,36.4,13.0,72.0,5.0,246.0,1.06,14.3,11.8,0,0,0,0,Never,High,0,4.2,3,0,2,16,2024-08-19,0
P102378,90,Male,23.8,143.0,82.0,73.0,96.9,36.9,23.0,82.0,7.3,232.0,0.63,16.2,8.5,0,0,0,1,Never,Moderate,4,8.5,4,4,1,16,2025-12-04,1
P102379,65,Male,34.7,166.0,95.0,89.0,95.7,36.9,18.0,96.0,5.7,185.0,1.0,13.2,7.4,0,0,1,0,Current,Moderate,0,3.7,7,1,0,21,2024-02-16,1
P102380,31,Female,22.1,123.0,91.0,65.0,96.9,37.0,15.0,78.0,5.6,192.0,1.49,12.6,7.6,0,0,0,0,Never,Low,0,1.0,6,2,1,17,2025-11-25,1
P102381,50,Male,27.9,141.0,96.0,88.0,96.1,37.0,16.0,155.0,6.4,212.0,1.05,17.4,9.6,0,0,0,0,Never,Low,0,1.0,4,1,1,8,2025-05-12,0
P102382,85,Male,33.7,137.0,88.0,73.0,95.1,37.0,14.0,55.0,6.4,213.0,1.2,13.9,7.5,1,1,0,0,Never,Moderate,1,1.5,5,4,0,6,2024-05-16,1
P102383,46,Female,33.4,132.0,95.0,59.0,97.5,37.5,22.0,115.0,7.1,247.0,0.84,14.7,3.6,0,0,0,0,Never,Moderate,0,1.2,7,1,2,12,2024-12-02,1
P102384,31,Female,25.3,127.0,77.0,83.0,94.7,37.1,24.0,127.0,4.4,238.0,0.94,12.8,7.0,1,0,0,0,Former,High,1,3.3,5,0,0,15,2025-11-13,1
P102385,81,Male,30.4,121.0,82.0,93.0,95.9,37.0,13.0,84.0,6.2,142.0,1.03,13.3,8.8,0,1,0,0,Never,High,0,4.3,2,1,0,17,2024-01-24,0
P102386,87,Female,29.7,142.0,96.0,71.0,95.9,35.9,22.0,111.0,8.2,134.0,1.2,11.6,6.9,0,1,0,0,Former,High,3,1.2,7,5,1,14,2025-11-03,0
P102387,89,Female,24.7,132.0,93.0,95.0,94.0,37.3,17.0,107.0,7.1,174.0,1.58,13.9,5.0,0,1,1,0,Current,High,1,6.9,5,3,2,11,2024-08-21,1
P102388,87,Male,30.7,121.0,81.0,56.0,97.7,36.7,22.0,116.0,,125.0,0.99,16.4,6.9,0,0,1,0,Never,Low,0,2.5,7,2,0,23,2025-08-23,0
P102389,81,Female,37.2,153.0,73.0,62.0,96.1,36.8,12.0,141.0,6.9,245.0,0.87,13.8,8.7,0,1,1,1,Never,Moderate,1,2.9,6,2,3,4,2024-01-11,1
P102390,51,Female,30.0,134.0,80.0,74.0,98.8,36.2,19.0,132.0,5.8,138.0,0.98,13.5,9.6,0,0,0,0,Never,Moderate,2,1.6,6,0,0,17,2024-01-13,0
P102391,32,Male,30.4,126.0,74.0,72.0,96.1,37.8,17.0,88.0,6.9,184.0,1.21,12.8,4.8,0,0,0,0,Former,Moderate,0,5.2,5,1,1,20,2025-02-11,0
P102392,63,Male,31.0,156.0,100.0,68.0,95.8,35.6,20.0,62.0,6.7,162.0,0.94,14.5,4.6,0,0,0,1,Former,Low,0,2.2,5,0,1,1,2025-04-21,0
P102393,34,Male,19.9,99.0,89.0,78.0,94.9,37.5,18.0,115.0,4.8,135.0,1.03,14.7,6.9,0,0,0,0,Former,Low,0,2.5,4,1,0,24,2024-10-19,0
P102394,52,Female,29.9,154.0,74.0,70.0,96.6,37.0,18.0,89.0,6.0,240.0,1.15,11.8,5.6,0,1,1,0,Current,Moderate,1,10.6,7,2,0,12,2024-03-08,0
P102395,65,Male,22.2,119.0,72.0,72.0,96.6,35.8,18.0,96.0,6.4,173.0,1.65,15.1,5.8,1,0,0,1,Never,High,2,3.6,10,2,1,8,2025-07-26,0
P102396,87,Male,24.4,140.0,76.0,79.0,97.8,37.8,23.0,126.0,6.7,267.0,1.37,13.4,6.5,0,0,0,0,Never,Low,1,2.9,13,1,2,4,2024-06-16,1
P102397,39,Male,38.7,121.0,76.0,68.0,96.6,37.1,17.0,95.0,6.0,248.0,0.72,13.9,8.5,0,0,0,0,Current,Low,0,1.9,5,0,1,17,2025-11-25,0
P102398,36,Male,,115.0,79.0,75.0,100.0,35.6,21.0,120.0,6.1,195.0,0.4,15.6,5.3,0,0,1,0,Former,High,0,4.4,6,3,0,17,2024-07-17,1
P102399,71,Male,23.7,157.0,94.0,68.0,97.3,36.6,20.0,204.0,6.4,115.0,1.11,16.9,4.7,1,0,0,0,Former,Low,2,4.1,9,1,1,15,2025-03-14,1
P102400,18,Female,33.5,160.0,70.0,62.0,94.7,37.1,21.0,130.0,4.8,182.0,0.71,15.3,5.5,0,0,0,0,Former,Low,0,6.0,7,1,0,6,2024-05-05,0
P102401,59,Female,22.6,129.0,105.0,85.0,94.6,37.7,14.0,161.0,5.5,282.0,0.89,12.9,4.0,0,0,0,0,Never,Moderate,1,3.7,4,2,2,17,2024-09-09,0
P102402,72,Male,25.2,140.0,74.0,96.0,97.5,36.6,20.0,134.0,5.8,211.0,0.79,15.3,7.1,1,0,0,0,Never,Moderate,3,7.0,1,3,0,1,2025-06-28,0
P102403,58,Male,34.0,134.0,68.0,89.0,94.7,35.5,19.0,116.0,6.0,189.0,0.88,15.4,7.2,1,1,0,0,Never,High,2,5.7,7,1,0,19,2025-09-19,1
P102404,46,Male,27.7,161.0,99.0,80.0,97.6,37.5,14.0,130.0,5.5,172.0,0.84,15.4,9.0,0,0,1,0,Former,Moderate,2,2.8,5,0,0,12,2024-04-25,0
P102405,78,Female,19.4,99.0,97.0,68.0,98.1,37.0,17.0,134.0,7.1,229.0,1.05,13.3,4.9,1,1,0,0,Never,Low,2,3.6,8,0,1,10,2024-08-19,1
P102406,45,Female,30.3,138.0,80.0,73.0,98.2,35.7,26.0,141.0,4.9,209.0,0.8,15.0,7.2,0,0,0,0,Current,Moderate,0,1.2,6,0,1,2,2024-07-10,0
P102407,69,Female,25.4,122.0,87.0,89.0,94.9,37.0,17.0,117.0,4.5,206.0,0.86,12.2,7.7,0,0,1,0,Never,Moderate,1,5.1,5,0,0,8,2025-01-26,0
P102408,51,Female,35.5,92.0,86.0,49.0,98.2,37.0,17.0,66.0,7.6,238.0,1.15,11.4,3.9,0,0,0,0,Former,Low,1,1.0,4,0,1,25,2024-12-28,1
P102409,19,Male,24.3,122.0,82.0,72.0,97.1,36.6,20.0,55.0,4.7,236.0,0.91,15.0,7.4,0,0,0,0,Never,Moderate,1,10.7,6,2,0,14,2025-11-19,0
P102410,56,Male,33.0,164.0,69.0,85.0,95.4,36.4,16.0,129.0,6.9,212.0,1.02,14.0,7.5,0,1,1,1,Never,Low,2,3.6,11,1,1,12,2024-10-04,1
P102411,21,Male,36.7,117.0,55.0,62.0,96.2,36.5,18.0,67.0,6.0,135.0,0.9,17.4,6.7,0,0,0,0,Current,High,1,1.8,5,2,0,14,2025-11-25,0
P102412,85,Female,23.1,150.0,76.0,81.0,97.3,36.6,16.0,142.0,5.5,158.0,0.85,12.4,4.4,1,0,0,1,Never,Low,3,4.9,10,1,1,19,2024-09-20,1
P102413,61,Male,26.5,154.0,101.0,81.0,95.3,37.0,19.0,161.0,5.8,172.0,1.44,16.0,6.8,0,1,0,0,Never,Moderate,3,1.5,4,0,2,12,2025-01-02,0
P102414,45,Male,29.5,131.0,100.0,59.0,97.0,37.2,18.0,103.0,5.5,194.0,1.55,15.2,3.1,0,1,0,0,Former,Moderate,0,1.1,2,0,1,16,2024-02-12,0
P102415,53,Female,23.0,134.0,80.0,77.0,99.1,35.7,25.0,155.0,6.2,252.0,1.36,11.0,7.7,0,0,0,0,Never,Moderate,0,2.5,4,1,2,11,2024-02-23,0
P102416,63,Female,28.9,104.0,73.0,69.0,98.2,36.9,18.0,123.0,5.3,273.0,0.55,14.0,8.5,0,1,1,0,Never,Low,0,1.7,7,0,1,14,2024-08-12,0
P102417,36,Male,26.3,118.0,84.0,81.0,96.6,37.0,17.0,110.0,5.5,210.0,0.77,13.5,6.6,1,0,0,0,Former,Moderate,0,1.7,7,0,0,15,2024-06-29,0
P102418,39,Female,26.2,146.0,86.0,84.0,96.9,36.9,22.0,113.0,5.6,216.0,1.17,16.7,9.6,0,0,0,0,Never,Moderate,1,1.0,5,1,0,21,2025-05-06,1
P102419,48,Female,27.8,133.0,88.0,81.0,95.5,36.6,13.0,83.0,6.8,138.0,0.78,11.9,5.6,0,1,0,0,Current,Moderate,1,5.5,6,0,1,10,2024-10-31,0
P102420,36,Female,27.9,137.0,56.0,77.0,95.6,37.5,24.0,76.0,5.3,,0.76,11.7,5.5,0,0,0,0,Former,Moderate,0,8.0,11,0,0,26,2024-01-24,0
P102421,73,Female,28.4,137.0,115.0,79.0,93.7,37.5,15.0,59.0,5.2,174.0,0.69,9.8,6.4,0,0,0,1,Former,Moderate,3,8.7,7,2,1,18,2025-01-09,1
P102422,25,Male,24.4,166.0,92.0,62.0,97.0,36.6,22.0,82.0,5.0,171.0,0.82,13.3,11.5,0,0,0,0,Current,Moderate,0,2.4,3,2,1,18,2025-09-20,0
P102423,78,Female,24.6,128.0,82.0,76.0,97.7,36.8,23.0,192.0,6.5,217.0,0.85,14.2,6.4,0,0,0,0,Never,High,0,3.7,5,0,1,8,2025-12-07,0
P102424,43,Female,26.9,158.0,74.0,66.0,96.4,37.2,16.0,58.0,4.1,178.0,0.4,11.5,11.3,0,0,0,0,Never,High,1,5.3,4,0,1,23,2024-03-01,0
P102425,58,Female,27.3,135.0,92.0,88.0,94.9,37.4,16.0,72.0,7.0,123.0,1.35,13.9,6.9,0,0,0,0,Never,Low,0,1.0,8,0,1,21,2025-12-16,0
P102426,29,Female,25.2,158.0,86.0,84.0,96.6,36.4,18.0,80.0,5.6,227.0,1.05,13.5,5.4,0,0,0,0,Current,High,1,3.8,2,1,0,5,2025-09-27,0
P102427,46,Female,29.2,111.0,83.0,84.0,98.9,36.3,20.0,85.0,6.1,241.0,0.61,11.6,10.9,0,0,1,0,Former,Moderate,0,3.6,3,0,1,12,2025-06-07,0
P102428,73,Female,18.1,138.0,88.0,97.0,98.1,36.9,15.0,126.0,6.3,206.0,1.31,12.9,7.4,0,0,0,0,Former,High,0,1.4,2,0,0,32,2024-05-07,0
P102429,37,Female,23.7,124.0,80.0,72.0,96.4,36.2,18.0,88.0,5.0,189.0,1.0,11.7,6.4,0,0,0,0,Never,Moderate,0,3.2,6,0,0,16,2025-01-24,0
P102430,27,Female,26.0,132.0,85.0,69.0,100.0,35.8,17.0,101.0,4.6,161.0,1.26,14.4,8.7,0,0,0,0,Former,High,1,1.0,8,1,0,27,2024-12-10,0
P102431,56,Female,23.0,154.0,90.0,72.0,100.0,36.4,14.0,83.0,5.2,163.0,1.22,10.4,9.5,1,0,0,0,Former,Low,0,1.6,3,0,1,23,2025-03-21,0
P102432,29,Male,36.0,136.0,84.0,57.0,95.6,37.0,14.0,92.0,4.2,236.0,0.72,15.6,5.8,1,0,0,0,Former,Moderate,0,4.3,3,2,0,9,2024-01-29,0
P102433,40,Female,27.6,152.0,84.0,58.0,96.1,37.6,18.0,108.0,6.0,167.0,1.16,12.0,8.8,0,1,0,0,Former,Moderate,1,2.1,6,0,0,22,2025-10-07,0
P102434,50,Male,28.4,121.0,96.0,83.0,97.7,36.4,18.0,107.0,5.7,271.0,1.2,14.7,6.5,0,0,0,0,Never,Low,2,3.3,7,0,1,14,2025-11-03,0
P102435,59,Female,25.0,119.0,67.0,59.0,94.9,36.7,15.0,183.0,4.5,231.0,1.32,13.8,5.0,1,1,0,0,Never,Moderate,0,3.3,5,0,1,4,2024-04-27,1
P102436,64,Female,27.4,134.0,75.0,63.0,98.0,36.9,18.0,114.0,5.4,208.0,1.32,13.3,5.6,0,0,0,0,Never,Moderate,0,3.6,6,3,0,9,2025-05-16,1
P102437,67,Female,21.2,133.0,83.0,75.0,96.7,36.5,16.0,108.0,6.6,298.0,1.63,16.2,4.7,0,1,0,0,Never,High,3,4.2,2,3,3,10,2024-01-01,1
P102438,79,Female,26.6,132.0,76.0,71.0,97.2,36.4,23.0,55.0,7.3,243.0,1.35,12.5,7.2,1,1,1,0,Current,Moderate,3,3.9,4,0,2,11,2025-09-14,1
P102439,22,Male,22.6,112.0,76.0,87.0,95.5,37.0,18.0,115.0,4.3,179.0,0.7,12.4,7.2,0,0,0,0,Never,Low,1,11.5,5,0,0,11,2024-01-14,0
P102440,44,Male,26.1,152.0,95.0,77.0,95.1,36.2,22.0,55.0,7.7,156.0,1.03,17.7,9.3,0,1,0,0,Never,Moderate,0,1.8,9,0,1,23,2024-06-21,1
P102441,18,Female,16.0,122.0,79.0,66.0,92.9,36.4,12.0,126.0,4.6,179.0,0.61,13.6,8.7,0,0,0,0,Current,Low,0,8.2,5,1,0,15,2024-10-29,0
P102442,18,Female,21.6,152.0,62.0,88.0,99.2,36.7,19.0,111.0,4.0,191.0,1.24,13.3,6.2,0,0,0,0,Former,Low,1,5.4,3,3,0,22,2025-07-29,0
P102443,33,Female,35.1,130.0,77.0,85.0,98.2,37.0,20.0,137.0,7.2,166.0,0.71,16.5,6.6,0,0,0,0,Never,Moderate,2,1.9,3,1,1,6,2024-10-19,0
P102444,61,Female,31.8,144.0,83.0,59.0,97.7,36.0,18.0,92.0,5.0,152.0,1.66,11.1,5.7,0,0,0,1,Never,Moderate,0,3.0,9,2,1,23,2024-06-10,1
P102445,83,Female,34.4,145.0,84.0,79.0,97.1,36.7,16.0,119.0,7.6,204.0,1.02,13.0,7.2,0,0,0,0,Never,Moderate,1,2.8,5,0,1,18,2024-08-05,1
P102446,74,Male,34.7,121.0,89.0,67.0,92.4,36.2,17.0,140.0,5.5,229.0,1.06,12.9,6.6,0,0,0,0,Never,Moderate,0,1.0,5,1,0,21,2025-08-18,0
P102447,65,Male,31.0,140.0,88.0,67.0,95.1,36.5,21.0,82.0,5.7,266.0,0.91,14.3,7.1,1,0,0,1,Current,Low,1,2.7,5,3,1,13,2024-11-08,0
P102448,74,Female,25.1,168.0,82.0,98.0,96.0,37.2,14.0,138.0,4.9,198.0,0.87,11.0,9.9,0,0,0,0,Former,Low,0,8.4,5,1,0,15,2025-01-15,0
P102449,30,Female,22.1,134.0,69.0,77.0,94.6,36.8,20.0,128.0,6.7,218.0,0.79,13.2,10.0,0,0,0,0,Never,Moderate,0,1.9,5,0,1,6,2025-07-18,0
P102450,79,Female,33.5,151.0,79.0,73.0,93.5,37.6,19.0,112.0,7.2,125.0,1.15,13.1,5.8,0,1,0,0,Never,Moderate,0,3.9,11,1,1,5,2024-05-13,1
P102451,82,Female,27.8,148.0,78.0,77.0,94.7,36.8,17.0,173.0,5.6,228.0,1.1,13.1,8.6,0,1,0,0,Former,Low,0,3.3,6,3,1,16,2024-07-21,1
P102452,24,Female,40.5,134.0,78.0,86.0,96.6,37.3,17.0,125.0,5.4,157.0,0.8,9.7,8.3,0,0,0,0,Never,Low,0,4.8,2,0,1,14,2024-12-03,0
P102453,52,Female,25.6,135.0,89.0,68.0,96.6,37.2,18.0,55.0,6.4,207.0,1.09,14.3,5.9,0,1,0,0,Former,High,0,1.0,8,1,0,21,2025-05-06,0
P102454,78,Female,37.8,145.0,88.0,70.0,98.1,36.8,24.0,152.0,5.7,193.0,0.93,12.8,9.8,1,0,0,1,Current,High,0,4.3,6,2,1,13,2024-02-18,1
P102455,52,Male,26.7,145.0,90.0,84.0,100.0,36.1,19.0,89.0,7.1,186.0,1.0,18.0,4.0,0,0,0,0,Former,Moderate,1,5.3,8,1,1,13,2025-04-05,1
P102456,79,Female,34.4,112.0,80.0,58.0,97.7,36.7,15.0,145.0,6.1,139.0,1.58,12.4,9.2,0,0,0,1,Former,Moderate,1,1.9,5,0,2,13,2024-06-09,0
P102457,86,Female,36.3,141.0,99.0,88.0,96.2,36.5,16.0,129.0,5.8,166.0,0.95,12.2,6.8,1,0,0,0,Current,Low,2,2.8,4,3,0,20,2025-12-13,1
P102458,52,Male,22.2,129.0,89.0,57.0,99.7,36.5,14.0,55.0,4.4,159.0,0.92,14.8,4.9,0,0,0,0,Never,High,0,1.0,6,3,0,6,2024-10-04,0
P102459,22,Female,25.0,122.0,81.0,73.0,93.7,36.9,11.0,128.0,4.3,172.0,0.59,11.3,6.6,1,1,0,0,Former,Moderate,0,5.1,6,1,0,15,2025-03-09,0
P102460,42,Female,22.1,153.0,88.0,57.0,92.8,36.1,14.0,103.0,6.2,240.0,0.88,15.0,10.8,0,0,0,0,Former,Low,0,1.6,9,1,0,21,2024-05-22,1
P102461,33,Female,21.1,117.0,74.0,63.0,94.9,36.4,18.0,93.0,5.8,182.0,1.05,11.7,12.0,0,0,0,0,Current,Moderate,0,2.2,8,1,1,1,2024-11-30,0
P102462,52,Male,31.0,109.0,61.0,92.0,98.0,36.3,22.0,98.0,6.6,169.0,0.86,13.3,5.4,0,0,0,0,Never,Low,0,2.5,10,1,1,15,2024-05-10,0
P102463,60,Female,26.5,147.0,77.0,89.0,96.8,36.7,21.0,141.0,5.4,220.0,0.71,14.4,6.9,0,0,0,0,Never,Low,1,8.5,3,1,1,8,2024-02-21,1
P102464,51,Male,27.8,108.0,90.0,90.0,94.5,36.4,14.0,80.0,4.3,207.0,1.1,14.9,6.6,0,0,0,0,Never,Moderate,0,1.0,3,0,0,22,2024-08-17,0
P102465,32,Female,30.4,97.0,82.0,59.0,95.2,36.4,15.0,148.0,5.1,272.0,1.08,13.5,7.0,0,0,0,0,Current,Low,1,4.4,5,0,2,1,2025-09-28,0
P102466,39,Female,17.8,146.0,80.0,63.0,94.3,36.9,15.0,57.0,7.5,233.0,1.14,11.2,10.2,0,0,0,0,Never,Low,0,1.5,4,1,1,19,2024-04-12,0
P102467,67,Female,34.2,137.0,75.0,80.0,94.3,36.6,10.0,125.0,5.1,119.0,0.7,14.7,6.2,0,0,1,0,Never,Moderate,1,3.5,7,0,0,7,2024-09-23,0
P102468,19,Female,25.7,136.0,61.0,85.0,99.3,36.8,17.0,133.0,5.4,226.0,1.29,11.7,5.4,0,0,0,0,Never,Moderate,0,1.0,4,1,0,10,2024-05-03,0
P102469,33,Male,30.3,122.0,95.0,66.0,96.2,36.2,21.0,135.0,4.0,,0.81,12.0,6.1,0,0,0,0,Never,Moderate,2,4.8,5,1,0,17,2025-07-27,0
P102470,83,Female,30.7,112.0,82.0,69.0,99.7,36.4,17.0,124.0,5.7,258.0,0.82,13.8,6.6,0,0,0,0,Never,High,1,1.6,7,3,1,2,2024-03-09,0
P102471,25,Female,34.6,109.0,76.0,62.0,94.9,37.8,14.0,100.0,5.1,187.0,1.21,12.9,8.5,0,0,0,0,Never,Low,1,2.7,3,4,0,10,2025-05-08,0
P102472,48,Male,27.0,127.0,75.0,96.0,97.4,36.5,15.0,92.0,6.1,237.0,1.37,14.2,7.3,0,0,0,0,Current,Moderate,0,5.8,4,1,0,8,2024-10-25,0
P102473,33,Male,16.5,108.0,94.0,70.0,96.9,35.7,17.0,66.0,5.3,182.0,0.86,15.6,8.3,0,0,0,0,Former,Moderate,1,1.4,4,3,0,9,2024-12-23,0
P102474,25,Male,27.8,134.0,89.0,76.0,98.1,37.0,21.0,84.0,4.1,206.0,0.69,14.1,9.1,0,0,0,0,Former,Low,0,1.9,7,0,0,23,2025-10-08,0
P102475,48,Female,28.5,124.0,72.0,77.0,97.0,36.4,17.0,78.0,5.2,155.0,1.12,10.6,6.4,1,1,0,0,Former,Low,1,6.6,4,2,1,13,2024-07-31,1
P102476,56,Female,22.1,136.0,94.0,89.0,98.3,36.9,20.0,74.0,5.7,143.0,0.64,12.7,6.9,1,0,0,0,Former,Low,1,3.9,8,3,0,22,2024-11-23,0
P102477,30,Female,28.3,132.0,79.0,65.0,97.5,36.8,18.0,172.0,4.7,228.0,1.65,13.6,8.0,0,0,0,0,Current,Moderate,0,2.1,6,0,2,10,2024-06-04,0
P102478,23,Female,25.6,135.0,74.0,90.0,94.5,37.1,19.0,55.0,4.7,195.0,0.63,13.5,5.8,0,0,0,0,Current,Moderate,0,3.2,1,1,0,22,2025-02-05,0
P102479,27,Male,20.5,138.0,78.0,61.0,97.8,36.8,15.0,147.0,6.4,146.0,1.03,14.3,7.1,0,0,0,0,Never,Moderate,1,5.1,4,0,1,19,2024-10-29,0
P102480,65,Female,31.0,128.0,75.0,90.0,96.3,36.7,16.0,71.0,,226.0,1.0,16.8,9.1,0,0,1,0,Never,Low,1,6.8,7,4,0,24,2025-09-05,1
P102481,80,Male,24.6,139.0,71.0,55.0,95.1,37.4,14.0,82.0,6.6,91.0,,17.1,7.2,0,0,0,0,Never,Moderate,0,4.3,6,1,1,33,2025-07-24,1
P102482,31,Male,25.4,134.0,89.0,75.0,97.7,35.7,20.0,72.0,5.4,164.0,0.68,12.8,9.6,0,0,0,0,Current,Moderate,0,2.4,3,1,0,20,2025-02-16,0
P102483,41,Male,25.1,90.0,79.0,96.0,98.2,36.1,17.0,72.0,4.6,132.0,1.29,12.5,5.2,1,0,0,1,Former,High,2,5.0,4,2,0,9,2024-07-05,1
P102484,43,Male,33.9,142.0,88.0,84.0,95.6,36.4,10.0,143.0,5.4,241.0,1.08,16.6,7.7,0,0,0,0,Current,Low,1,1.4,3,1,2,6,2025-05-03,0
P102485,44,Female,27.3,134.0,85.0,81.0,95.9,36.0,20.0,132.0,6.0,179.0,0.79,14.8,8.2,0,0,0,0,Never,High,1,2.3,4,1,0,22,2024-06-05,0
P102486,35,Female,27.9,140.0,87.0,63.0,94.0,36.6,21.0,101.0,7.2,198.0,0.8,15.4,7.6,0,0,0,0,Former,High,3,6.3,3,1,1,10,2024-10-31,0
P102487,22,Female,25.2,107.0,60.0,67.0,93.3,36.5,15.0,202.0,4.8,207.0,0.69,12.5,6.4,0,0,0,0,Never,High,0,1.0,1,0,1,17,2024-05-20,0
P102488,56,Male,29.9,127.0,74.0,92.0,96.1,37.3,20.0,112.0,5.8,226.0,1.26,14.4,4.1,0,0,0,0,Never,High,1,2.9,2,1,0,8,2025-10-06,0
P102489,44,Male,34.5,113.0,87.0,82.0,97.9,36.8,17.0,113.0,6.5,221.0,1.24,11.9,9.2,0,0,0,0,Former,Moderate,1,3.6,6,0,0,16,2024-08-30,0
P102490,42,Male,30.9,144.0,69.0,87.0,95.5,36.7,11.0,87.0,6.8,225.0,1.12,14.8,4.2,0,0,0,0,Former,High,0,3.5,3,1,1,12,2025-08-05,0
P102491,37,Female,31.1,107.0,85.0,77.0,99.1,36.6,25.0,81.0,5.1,185.0,,12.2,4.3,0,0,0,0,Never,Low,0,5.7,4,1,0,14,2024-04-11,0
P102492,85,Male,30.7,120.0,70.0,73.0,96.1,36.3,17.0,100.0,6.1,227.0,1.28,13.4,8.2,1,0,0,0,Never,Moderate,2,3.9,10,2,0,23,2025-03-11,1
P102493,62,Male,20.3,143.0,83.0,85.0,96.1,37.2,19.0,144.0,6.9,170.0,0.57,16.0,6.3,1,0,0,0,Never,High,2,3.9,6,1,2,13,2025-11-24,0
P102494,48,Female,22.9,121.0,98.0,79.0,96.0,37.4,16.0,132.0,6.2,180.0,1.07,13.0,7.3,0,0,0,0,Never,Low,0,2.5,6,0,0,24,2024-02-12,0
P102495,32,Female,26.4,114.0,89.0,74.0,98.3,36.2,17.0,154.0,6.5,137.0,1.25,14.4,4.4,0,0,0,0,Never,Moderate,0,2.9,5,0,1,18,2025-06-05,0
P102496,76,Female,23.7,151.0,65.0,59.0,94.8,37.6,19.0,92.0,7.2,259.0,1.14,13.0,7.6,0,0,1,0,Never,High,2,2.3,3,2,2,1,2025-06-30,0
P102497,82,Male,22.0,152.0,92.0,87.0,96.3,36.5,14.0,138.0,6.7,157.0,1.11,15.4,8.7,0,0,0,0,Never,High,1,4.6,8,3,1,13,2025-06-11,0
P102498,20,Female,17.8,141.0,98.0,81.0,95.5,36.4,24.0,117.0,5.6,249.0,0.73,11.2,3.9,0,0,0,0,Former,Moderate,0,1.0,2,0,1,9,2025-08-23,0
P102499,85,Male,20.5,151.0,112.0,69.0,95.5,37.0,21.0,133.0,5.6,215.0,0.95,13.1,7.5,1,1,0,0,Former,High,1,3.3,7,2,0,9,2024-12-14,0
P102500,69,Female,26.2,130.0,88.0,90.0,96.6,37.1,20.0,85.0,5.8,203.0,0.91,13.9,8.8,0,0,0,0,Never,Moderate,0,3.9,11,0,0,14,2025-01-20,0
P102501,25,Male,27.1,126.0,67.0,79.0,96.3,36.8,18.0,71.0,5.3,209.0,0.99,17.1,4.3,0,0,0,0,Never,Moderate,0,7.6,3,2,0,26,2024-08-02,1
P102502,72,Female,23.4,124.0,88.0,79.0,98.4,36.6,15.0,135.0,7.1,155.0,0.93,13.9,7.3,0,1,0,0,Former,High,1,8.9,6,1,1,14,2024-05-02,1
P102503,25,Female,27.9,132.0,96.0,87.0,96.5,37.4,22.0,138.0,5.7,256.0,0.41,13.2,7.1,0,0,0,0,Never,Moderate,1,4.4,8,0,1,17,2025-09-12,1
P102504,21,Female,25.2,120.0,78.0,84.0,97.5,36.5,20.0,85.0,5.6,181.0,1.14,15.5,7.7,0,0,0,0,Never,Low,0,1.9,4,0,0,28,2024-08-28,0
P102505,26,Male,33.2,122.0,91.0,80.0,96.8,36.8,17.0,129.0,4.6,233.0,1.07,14.3,6.5,0,0,0,0,Never,High,0,3.0,1,1,0,12,2025-02-09,0
P102506,51,Male,26.7,142.0,74.0,74.0,99.0,37.6,14.0,154.0,6.9,174.0,1.1,13.4,4.1,0,0,0,0,Never,Moderate,0,3.1,5,0,2,22,2024-09-02,0
P102507,63,Female,31.1,154.0,87.0,100.0,96.0,36.1,12.0,102.0,5.3,141.0,0.78,13.2,6.2,0,0,0,0,Never,High,2,7.1,7,2,0,11,2024-08-03,0
P102508,47,Female,28.6,138.0,57.0,67.0,96.0,36.6,18.0,61.0,5.5,270.0,0.85,13.8,5.9,0,0,0,0,Never,Moderate,2,2.1,3,0,1,14,2024-03-08,0
P102509,26,Male,20.2,160.0,71.0,85.0,97.8,37.3,17.0,62.0,6.7,172.0,1.07,12.7,6.9,0,0,0,0,Never,Low,1,3.2,2,1,1,9,2024-01-17,0
P102510,32,Male,27.0,118.0,81.0,75.0,95.9,37.1,22.0,85.0,6.4,213.0,0.95,14.8,9.4,0,0,0,0,Never,Moderate,0,1.3,2,1,0,11,2024-05-03,0
P102511,80,Male,21.1,104.0,80.0,81.0,97.4,37.2,21.0,102.0,5.4,90.0,0.89,12.0,4.0,0,1,0,1,Former,High,1,5.3,4,2,0,13,2025-05-08,0
P102512,88,Male,26.9,149.0,71.0,91.0,100.0,36.1,18.0,118.0,5.3,192.0,1.48,14.1,8.9,0,0,0,0,Never,Moderate,1,2.4,11,1,1,20,2024-08-06,0
P102513,73,Male,23.6,122.0,78.0,72.0,94.7,37.0,18.0,116.0,5.9,218.0,0.83,14.4,10.5,0,1,0,0,Never,High,1,1.0,6,0,0,33,2025-06-14,0
P102514,25,Male,29.5,124.0,84.0,83.0,99.3,36.7,14.0,98.0,5.0,200.0,0.4,14.6,10.4,0,0,0,0,Never,High,2,2.1,4,1,0,3,2025-09-17,0
P102515,77,Male,20.5,105.0,83.0,79.0,95.6,37.9,22.0,141.0,4.8,191.0,1.11,11.7,10.6,1,0,0,0,Never,Moderate,1,9.4,8,4,1,16,2025-08-23,1
P102516,68,Male,27.6,119.0,84.0,68.0,98.9,37.2,18.0,89.0,5.3,187.0,1.09,14.8,7.4,1,1,0,0,Never,High,1,1.7,6,1,0,17,2024-04-26,1
P102517,56,Female,30.5,107.0,90.0,91.0,97.7,36.8,20.0,157.0,4.0,228.0,1.03,14.5,7.1,0,0,0,0,Current,Low,1,2.6,5,2,1,10,2025-01-13,0
P102518,28,Male,32.2,122.0,77.0,85.0,97.6,36.9,22.0,141.0,6.3,146.0,1.05,16.7,3.4,0,0,0,0,Never,Moderate,0,5.0,6,2,1,10,2024-06-13,0
P102519,90,Male,23.5,130.0,98.0,71.0,96.2,36.8,16.0,150.0,7.0,186.0,0.96,16.8,6.6,1,0,0,0,Former,Moderate,2,1.0,7,2,2,17,2024-04-14,0
P102520,50,Male,27.6,134.0,72.0,89.0,96.0,37.1,15.0,89.0,7.1,250.0,1.29,14.6,9.3,0,0,0,1,Never,Low,2,1.9,4,0,2,17,2024-12-02,0
P102521,21,Female,28.5,150.0,100.0,66.0,95.2,36.4,27.0,103.0,5.8,139.0,0.53,16.9,4.2,0,0,0,0,Never,Moderate,0,2.8,4,2,0,10,2024-07-01,0
P102522,33,Male,35.5,141.0,92.0,76.0,96.5,37.5,20.0,134.0,5.2,191.0,0.94,13.5,5.3,0,0,0,0,Never,Moderate,2,9.3,5,0,0,23,2025-06-04,1
P102523,47,Male,19.8,104.0,78.0,71.0,96.2,36.1,17.0,104.0,6.7,153.0,0.82,13.5,7.2,0,0,0,0,Never,High,1,4.9,1,0,1,14,2024-11-20,0
P102524,22,Male,22.8,139.0,77.0,85.0,96.8,36.9,22.0,82.0,4.8,206.0,1.2,14.6,3.7,0,0,0,0,Never,Moderate,1,1.7,3,1,0,11,2025-04-25,0
P102525,41,Male,42.1,133.0,84.0,70.0,94.0,36.4,17.0,85.0,4.5,196.0,0.75,15.8,10.6,0,0,0,0,Former,Moderate,0,1.0,8,0,0,9,2025-02-26,1
P102526,52,Male,26.1,131.0,88.0,85.0,96.5,36.8,19.0,88.0,5.7,159.0,1.03,,8.2,0,0,0,0,Never,Moderate,0,1.5,7,1,0,9,2025-08-12,0
P102527,87,Male,17.7,136.0,95.0,83.0,98.8,37.3,16.0,78.0,6.6,196.0,1.13,11.0,7.7,0,0,0,1,Never,Moderate,2,3.8,10,3,1,11,2024-09-24,1
P102528,24,Female,24.5,132.0,67.0,71.0,98.2,35.9,18.0,208.0,4.8,197.0,0.98,11.8,8.6,0,0,0,0,Never,Moderate,0,5.4,3,3,1,5,2024-09-07,0
P102529,60,Male,16.0,121.0,87.0,98.0,96.5,36.7,17.0,55.0,5.0,172.0,0.83,15.8,6.3,1,0,0,0,Former,Moderate,0,2.6,9,1,0,19,2024-08-12,1
P102530,84,Male,28.8,133.0,63.0,67.0,100.0,36.1,15.0,84.0,5.8,179.0,1.2,13.3,7.6,1,0,0,0,Never,Moderate,3,1.8,12,3,0,19,2025-02-02,1
P102531,76,Female,31.7,155.0,82.0,59.0,95.5,36.7,19.0,138.0,6.5,170.0,1.09,13.0,5.0,0,1,0,0,Former,Moderate,0,7.4,5,3,0,10,2024-11-02,1
P102532,85,Female,22.8,124.0,99.0,86.0,96.3,36.1,16.0,94.0,6.1,108.0,1.2,13.7,2.4,0,1,0,0,Former,Low,0,6.2,3,1,0,14,2024-04-30,0
P102533,30,Female,25.1,112.0,67.0,50.0,93.9,36.9,20.0,96.0,7.9,230.0,1.38,13.9,6.9,0,0,0,0,Never,Moderate,0,7.1,3,1,1,3,2025-07-14,0
P102534,76,Male,32.3,134.0,68.0,94.0,95.8,36.6,17.0,131.0,6.0,240.0,1.11,15.9,10.2,0,1,0,0,Former,Moderate,2,3.0,4,1,0,24,2024-11-07,1
P102535,89,Male,18.4,117.0,87.0,77.0,99.7,37.2,12.0,155.0,6.9,128.0,0.84,16.5,10.3,0,0,0,0,Never,Low,1,1.1,7,1,2,17,2025-05-05,1
P102536,41,Male,20.6,102.0,95.0,59.0,95.8,37.4,20.0,101.0,4.4,241.0,1.52,15.5,6.6,0,0,0,0,Never,Moderate,0,8.9,2,0,2,11,2025-08-06,0
P102537,54,Female,26.3,127.0,85.0,65.0,93.7,36.8,20.0,145.0,6.4,210.0,1.29,11.4,6.4,0,0,1,0,Never,Moderate,2,5.4,5,2,1,8,2025-07-20,0
P102538,56,Male,23.6,157.0,63.0,56.0,98.1,37.2,26.0,55.0,5.5,153.0,1.2,15.5,3.9,1,0,0,0,Current,Moderate,1,4.2,11,0,0,17,2024-08-10,0
P102539,54,Female,26.0,132.0,65.0,81.0,97.2,37.5,18.0,92.0,5.8,187.0,0.96,14.8,9.1,0,0,0,0,Never,Moderate,0,4.1,3,0,0,19,2024-11-07,0
P102540,39,Female,20.9,134.0,82.0,60.0,98.0,36.3,19.0,127.0,7.2,168.0,1.17,13.9,7.8,0,0,0,0,Current,High,0,2.2,2,0,1,18,2025-04-15,0
P102541,88,Female,28.6,100.0,72.0,82.0,96.0,37.5,20.0,188.0,5.9,230.0,0.54,15.1,6.6,1,1,0,0,Never,Moderate,1,3.6,7,2,1,11,2025-08-10,1
P102542,87,Male,26.7,144.0,86.0,72.0,94.7,36.8,22.0,85.0,5.1,160.0,1.54,15.0,3.1,0,0,0,0,Current,High,1,1.6,4,1,1,13,2025-10-24,0
P102543,45,Female,30.4,133.0,84.0,70.0,96.2,36.3,21.0,71.0,4.7,276.0,1.24,13.0,3.4,0,0,0,0,Former,Moderate,0,7.3,8,0,1,20,2024-09-13,0
P102544,76,Male,28.5,124.0,79.0,82.0,97.5,36.9,19.0,129.0,6.3,,1.03,13.3,7.3,0,1,0,1,Never,High,1,1.6,5,1,0,20,2024-10-23,0
P102545,47,Female,28.6,135.0,100.0,83.0,96.4,36.8,18.0,113.0,5.9,148.0,1.23,16.3,3.9,0,0,0,0,Never,Low,1,6.5,3,1,0,28,2025-10-27,0
P102546,76,Female,20.0,138.0,89.0,90.0,97.2,36.1,21.0,92.0,6.2,257.0,1.25,11.6,8.1,1,0,0,0,Never,High,0,1.5,4,1,1,20,2024-06-03,0
P102547,60,Female,30.1,115.0,95.0,68.0,95.5,36.2,18.0,71.0,4.8,223.0,0.75,13.2,8.2,0,1,0,0,Never,Low,1,5.0,5,0,0,9,2025-08-28,0
P102548,52,Male,25.8,138.0,91.0,76.0,97.3,37.6,13.0,94.0,7.6,189.0,1.06,14.1,4.4,1,1,0,0,Current,Moderate,1,5.1,9,2,1,10,2025-02-02,1
P102549,27,Female,26.6,150.0,79.0,68.0,96.5,36.9,13.0,126.0,6.8,221.0,1.04,11.2,7.1,0,0,0,0,Never,Moderate,2,5.5,0,1,1,11,2025-12-11,0
P102550,65,Male,33.0,130.0,81.0,78.0,95.2,37.5,17.0,103.0,6.1,230.0,1.01,15.9,5.1,0,0,0,1,Never,Moderate,1,4.5,4,1,0,9,2024-11-14,0
P102551,41,Male,23.8,116.0,78.0,67.0,96.8,36.6,18.0,151.0,4.3,166.0,,15.3,8.9,0,0,0,0,Never,Moderate,0,4.6,5,1,1,14,2025-10-04,0
P102552,33,Male,34.5,127.0,88.0,71.0,95.8,36.4,27.0,104.0,7.0,227.0,1.2,15.0,13.6,0,0,1,0,Former,Moderate,1,2.8,6,0,2,18,2025-12-02,0
P102553,32,Female,35.0,144.0,74.0,71.0,97.6,36.0,18.0,130.0,6.6,179.0,1.0,12.3,6.8,0,0,0,0,Never,High,0,5.2,4,2,1,9,2025-01-09,0
P102554,89,Female,31.4,116.0,102.0,80.0,98.1,37.3,18.0,129.0,6.4,226.0,1.64,14.0,10.0,0,0,1,0,Never,Moderate,3,4.7,11,2,1,12,2025-11-09,0
P102555,25,Male,22.4,139.0,73.0,76.0,97.4,37.0,17.0,93.0,6.6,190.0,0.74,14.2,9.1,0,0,0,0,Former,Low,0,1.6,5,0,1,15,2025-07-29,0
P102556,76,Female,16.1,124.0,86.0,82.0,93.6,36.6,20.0,146.0,5.7,157.0,1.19,13.9,6.8,0,0,1,1,Never,Low,2,5.8,6,2,1,13,2024-06-26,1
P102557,81,Female,33.1,140.0,82.0,75.0,94.8,36.4,19.0,75.0,5.3,219.0,0.84,15.4,8.1,0,0,0,0,Current,Low,0,1.9,7,2,0,7,2024-05-04,1
P102558,20,Male,28.1,119.0,76.0,69.0,95.4,37.4,16.0,87.0,5.6,181.0,1.1,10.9,4.5,0,0,0,0,Former,High,0,4.3,2,0,1,26,2024-12-31,0
P102559,61,Female,23.6,124.0,104.0,78.0,95.1,36.7,14.0,99.0,4.5,201.0,0.72,14.7,7.3,0,0,0,0,Former,Moderate,1,2.6,3,0,0,21,2025-06-14,0
P102560,60,Female,33.6,159.0,78.0,65.0,95.5,36.7,17.0,127.0,4.9,211.0,1.11,16.8,6.4,0,0,0,0,Current,Moderate,1,2.9,6,1,0,12,2025-08-09,1
P102561,44,Male,23.0,107.0,79.0,83.0,98.2,36.5,15.0,133.0,6.2,251.0,1.31,17.2,9.7,0,0,0,0,Former,High,0,5.5,2,0,1,30,2025-07-21,1
P102562,66,Male,25.3,142.0,76.0,73.0,97.8,36.6,17.0,86.0,6.2,178.0,1.06,15.8,5.7,0,1,0,0,Never,Moderate,1,3.6,5,1,0,13,2024-03-24,1
P102563,47,Female,30.2,161.0,82.0,78.0,95.7,37.1,18.0,78.0,4.5,163.0,0.71,15.0,4.9,0,0,0,0,Current,High,2,7.6,3,0,0,14,2024-11-06,0
P102564,50,Male,21.7,144.0,81.0,79.0,97.6,36.1,16.0,115.0,5.4,258.0,1.26,13.3,5.0,1,0,0,0,Former,Low,1,1.0,5,3,1,10,2024-02-19,1
P102565,49,Female,26.9,109.0,71.0,95.0,97.1,36.8,23.0,58.0,4.6,195.0,1.1,13.6,8.7,0,0,1,0,Never,Moderate,2,5.1,2,1,0,19,2024-09-08,0
P102566,76,Male,33.2,113.0,79.0,81.0,96.4,37.3,22.0,152.0,5.7,174.0,1.05,14.4,6.6,1,1,1,0,Never,High,3,2.0,5,2,1,18,2024-09-07,1
P102567,64,Male,28.6,121.0,89.0,77.0,98.6,36.8,17.0,107.0,5.4,209.0,0.77,13.9,3.6,1,0,0,1,Never,Low,2,2.1,6,0,0,27,2024-05-11,0
P102568,45,Male,34.0,134.0,92.0,68.0,95.3,37.3,15.0,70.0,6.6,182.0,0.53,16.1,9.0,0,0,0,0,Former,Low,1,1.0,6,2,1,12,2025-12-27,0
P102569,85,Female,33.4,140.0,84.0,86.0,96.6,37.5,18.0,77.0,6.1,185.0,1.74,12.9,4.0,0,0,0,0,Never,High,0,7.7,5,1,1,16,2025-02-11,0
P102570,76,Female,27.5,114.0,84.0,73.0,94.6,37.3,18.0,128.0,5.9,293.0,0.92,10.4,5.9,0,0,0,0,Former,Low,2,3.6,5,1,2,2,2024-03-13,1
P102571,86,Female,16.0,121.0,81.0,58.0,94.7,36.5,18.0,128.0,5.9,157.0,0.83,,6.6,0,1,0,0,Never,High,3,1.2,15,3,0,24,2025-11-22,1
P102572,71,Male,21.7,121.0,78.0,74.0,94.1,36.8,17.0,89.0,4.5,140.0,1.15,14.6,4.8,1,0,0,0,Never,Moderate,1,3.8,10,1,0,10,2025-09-13,0
P102573,46,Female,31.5,128.0,73.0,78.0,94.7,37.0,14.0,107.0,5.7,242.0,0.7,14.2,3.6,0,0,0,0,Former,Moderate,1,5.5,8,1,1,15,2024-04-20,1
P102574,74,Female,19.4,169.0,68.0,66.0,96.6,36.6,18.0,77.0,6.5,181.0,1.21,12.6,8.6,1,0,0,0,Current,Moderate,1,5.2,10,1,0,23,2024-06-06,1
P102575,42,Male,25.8,115.0,74.0,75.0,96.0,36.5,17.0,102.0,5.9,207.0,1.35,12.0,8.3,0,1,0,0,Never,High,1,1.0,6,1,0,12,2025-08-22,0
P102576,37,Female,29.3,114.0,90.0,75.0,96.0,36.5,17.0,161.0,6.3,219.0,0.66,11.7,7.1,0,0,0,0,Former,Moderate,0,5.4,8,0,1,23,2025-01-12,0
P102577,50,Male,35.1,113.0,78.0,75.0,96.0,38.1,18.0,187.0,6.5,129.0,0.92,13.2,7.7,0,0,0,0,Never,Low,1,6.4,2,0,1,11,2024-10-26,1
P102578,88,Female,24.5,147.0,81.0,91.0,99.7,36.7,18.0,111.0,8.2,238.0,1.23,11.7,3.6,0,0,0,0,Never,High,1,7.0,8,2,1,14,2024-09-07,0
P102579,59,Female,24.2,132.0,79.0,60.0,94.5,37.3,18.0,129.0,4.9,174.0,0.69,12.4,8.0,0,1,0,0,Never,Moderate,1,2.3,4,0,0,20,2024-10-28,0
P102580,46,Male,27.2,116.0,94.0,100.0,94.3,36.4,17.0,125.0,6.0,267.0,0.73,15.7,7.8,0,1,0,0,Never,High,0,4.3,5,0,1,3,2024-11-02,0
P102581,51,Male,29.3,126.0,73.0,76.0,95.0,37.7,19.0,55.0,,165.0,0.97,12.5,7.9,0,1,0,0,Never,High,1,1.0,4,0,0,19,2025-09-21,0
P102582,39,Female,26.7,117.0,84.0,83.0,96.4,36.6,15.0,70.0,5.4,254.0,1.52,14.5,7.9,0,0,0,0,Former,Moderate,0,5.5,4,0,2,8,2024-03-11,0
P102583,66,Male,33.0,139.0,82.0,78.0,97.4,36.8,14.0,55.0,5.4,261.0,0.81,12.7,9.0,0,0,0,0,Current,Moderate,2,7.2,4,0,1,27,2025-06-23,0
P102584,43,Male,23.3,177.0,82.0,55.0,97.6,35.9,15.0,126.0,6.2,176.0,0.9,14.0,6.8,0,0,0,0,Never,Moderate,0,1.0,6,1,0,15,2025-04-17,0
P102585,58,Male,28.1,142.0,85.0,63.0,98.2,37.4,16.0,182.0,6.3,188.0,1.72,14.5,7.1,0,0,0,0,Never,Moderate,2,9.2,2,2,2,7,2025-07-11,0
P102586,44,Female,29.8,130.0,82.0,70.0,96.3,37.5,13.0,148.0,4.8,183.0,1.2,12.8,4.3,1,0,0,0,Never,High,0,2.8,3,0,1,14,2025-02-20,0
P102587,41,Male,25.4,120.0,89.0,88.0,95.8,36.2,12.0,112.0,4.1,253.0,0.5,15.5,8.4,0,1,0,0,Never,Moderate,0,1.6,8,1,1,8,2024-07-13,0
P102588,88,Male,31.9,114.0,84.0,59.0,99.4,37.4,20.0,115.0,5.8,202.0,1.05,14.4,5.7,0,0,1,0,Never,High,1,3.4,8,4,0,18,2024-12-21,0
P102589,43,Female,,144.0,99.0,66.0,91.5,36.1,22.0,98.0,5.1,215.0,1.14,13.0,5.8,0,0,0,0,Current,Moderate,0,4.4,0,0,0,1,2024-11-05,0
P102590,23,Male,31.6,140.0,81.0,78.0,96.6,37.1,20.0,144.0,6.0,190.0,1.32,11.0,6.2,0,0,0,0,Never,Low,1,2.5,1,2,1,15,2024-12-25,1
P102591,45,Female,28.5,123.0,65.0,82.0,97.3,36.7,16.0,119.0,4.9,213.0,1.38,13.8,4.9,0,0,1,0,Never,Moderate,0,2.6,2,1,0,20,2025-08-08,0
P102592,56,Female,29.5,153.0,89.0,81.0,99.9,37.5,12.0,115.0,5.7,215.0,1.17,16.0,6.8,0,1,0,0,Current,Low,1,1.3,4,1,0,6,2024-04-11,0
P102593,24,Female,24.2,129.0,84.0,64.0,93.5,36.9,19.0,69.0,4.0,172.0,,12.5,8.6,0,0,0,0,Former,High,0,1.0,4,1,0,15,2025-03-08,0
P102594,40,Male,24.2,144.0,82.0,57.0,95.7,37.3,12.0,131.0,4.3,262.0,0.61,15.6,4.8,0,0,0,0,Former,Low,1,2.3,4,1,1,13,2024-06-28,0
P102595,30,Female,33.9,135.0,78.0,82.0,94.1,37.4,18.0,103.0,4.9,187.0,0.75,12.0,7.0,0,0,0,0,Former,Low,0,1.3,6,1,0,15,2025-04-24,0
P102596,54,Female,30.8,129.0,61.0,93.0,93.3,36.7,15.0,127.0,5.6,234.0,0.65,14.7,8.3,0,0,0,0,Current,Moderate,3,1.7,9,2,0,13,2024-09-25,1
P102597,70,Male,22.2,118.0,64.0,72.0,96.1,36.8,10.0,151.0,5.3,147.0,1.35,15.4,2.0,1,1,0,0,Never,Moderate,0,2.5,9,2,1,1,2025-03-17,1
P102598,88,Male,28.4,134.0,101.0,62.0,98.0,36.2,23.0,62.0,6.4,221.0,1.22,14.1,10.7,0,1,0,1,Never,Low,0,6.0,5,1,0,12,2024-10-28,0
P102599,46,Male,16.0,146.0,76.0,71.0,98.7,36.6,14.0,101.0,4.2,235.0,1.02,14.0,6.1,0,0,0,0,Never,High,0,1.0,4,2,0,19,2024-08-18,0
P102600,81,Male,24.5,127.0,94.0,81.0,95.5,37.8,17.0,102.0,6.0,205.0,1.53,15.6,5.1,1,0,0,1,Current,Moderate,0,4.9,4,3,1,10,2025-10-07,1
P102601,33,Male,32.5,137.0,65.0,73.0,97.7,37.2,18.0,90.0,5.4,236.0,1.1,14.7,7.2,0,0,0,0,Current,Moderate,1,2.6,3,1,0,11,2025-04-29,0
P102602,74,Male,26.8,116.0,73.0,93.0,96.1,36.3,16.0,77.0,4.8,,1.39,12.8,5.7,1,0,0,0,Former,Moderate,2,5.1,5,2,0,13,2024-06-19,0
P102603,59,Male,28.1,146.0,89.0,87.0,97.5,37.6,20.0,88.0,6.1,213.0,1.24,12.3,6.9,0,0,1,1,Never,Moderate,0,5.2,11,0,0,19,2024-06-05,1
P102604,73,Male,16.0,140.0,82.0,78.0,98.6,37.0,15.0,78.0,4.1,137.0,1.31,15.5,5.5,0,0,0,0,Never,Low,1,1.7,1,2,0,12,2024-12-23,0
P102605,73,Male,25.5,114.0,89.0,53.0,96.2,37.2,19.0,145.0,5.5,201.0,0.78,13.5,9.3,0,0,0,0,Never,Low,0,3.9,5,0,1,15,2025-07-13,0
P102606,56,Female,29.3,129.0,82.0,68.0,98.4,37.0,19.0,126.0,6.6,165.0,1.29,13.3,12.4,0,0,0,0,Former,Moderate,0,3.6,5,0,2,11,2024-04-06,0
P102607,36,Male,29.9,146.0,79.0,69.0,94.3,37.0,13.0,120.0,4.0,192.0,1.09,15.5,8.4,0,1,0,0,Former,Moderate,1,5.7,3,0,0,16,2024-05-16,0
P102608,56,Male,32.5,111.0,76.0,67.0,97.7,35.8,19.0,55.0,6.5,247.0,0.9,12.8,7.4,0,0,0,0,Former,Moderate,0,2.6,6,2,1,2,2025-06-04,0
P102609,78,Male,26.4,117.0,72.0,78.0,98.4,37.4,14.0,185.0,5.1,261.0,1.28,13.1,5.9,0,1,1,0,Never,High,0,7.1,9,3,2,13,2024-03-28,1
P102610,88,Male,26.6,135.0,98.0,79.0,98.2,35.7,14.0,105.0,5.7,146.0,1.47,17.0,9.1,0,1,1,0,Never,Moderate,3,4.6,5,2,1,15,2024-06-14,1
P102611,85,Male,20.6,172.0,100.0,56.0,94.4,37.3,19.0,179.0,7.5,242.0,1.08,14.0,5.5,1,0,0,0,Never,High,0,1.0,7,1,3,1,2024-08-09,0
P102612,31,Male,26.4,118.0,70.0,86.0,96.1,36.8,17.0,135.0,5.0,248.0,0.73,16.1,7.6,0,0,0,0,Former,Low,0,7.3,4,0,1,19,2025-05-28,1
P102613,61,Female,20.9,142.0,72.0,76.0,97.0,37.2,19.0,106.0,7.4,207.0,0.84,17.0,6.0,0,0,0,0,Never,Low,2,2.0,9,3,1,16,2024-06-14,1
P102614,25,Female,17.9,133.0,77.0,80.0,97.3,36.9,19.0,179.0,5.2,247.0,0.53,13.6,4.5,0,0,0,0,Former,Low,1,3.5,2,1,2,9,2025-07-17,0
P102615,66,Female,21.9,124.0,86.0,85.0,96.7,37.3,13.0,135.0,5.9,179.0,1.0,11.9,6.6,1,0,0,0,Current,Moderate,0,1.3,4,4,0,14,2024-04-13,0
P102616,90,Female,35.3,140.0,83.0,67.0,99.1,36.8,21.0,111.0,7.0,175.0,1.29,13.4,5.0,0,1,1,0,Never,High,2,2.4,14,2,1,8,2024-06-09,1
P102617,21,Female,26.1,121.0,85.0,91.0,94.2,36.9,19.0,93.0,5.9,176.0,1.4,12.9,10.0,0,0,0,0,Never,Low,0,4.5,2,0,0,24,2025-10-03,0
P102618,65,Male,28.6,128.0,82.0,74.0,96.1,37.0,16.0,151.0,6.1,222.0,0.82,14.7,5.5,1,0,0,0,Never,High,2,1.3,3,0,1,12,2024-07-06,0
P102619,87,Female,24.8,108.0,83.0,94.0,93.5,37.7,18.0,100.0,5.8,191.0,1.21,14.3,6.7,0,0,0,0,Never,Low,2,3.1,9,1,0,10,2024-12-18,1
P102620,79,Female,18.2,135.0,108.0,65.0,97.6,37.1,21.0,104.0,4.8,168.0,1.09,14.4,5.7,0,0,0,0,Never,Moderate,1,3.4,11,4,0,1,2025-01-28,0
P102621,46,Female,32.4,147.0,77.0,93.0,97.5,36.1,17.0,90.0,4.4,170.0,0.99,10.2,4.5,0,1,0,0,Never,Low,2,8.5,7,2,1,1,2025-07-19,1
P102622,25,Female,16.2,130.0,97.0,65.0,100.0,36.5,25.0,81.0,6.7,195.0,0.5,15.0,8.4,0,0,0,0,Never,Moderate,0,2.5,2,0,1,33,2024-09-12,0
P102623,85,Male,24.6,155.0,99.0,107.0,98.3,37.1,23.0,94.0,7.7,163.0,0.82,15.0,6.8,0,0,0,0,Current,Moderate,2,3.9,9,2,1,4,2025-06-30,1
P102624,85,Female,,146.0,89.0,65.0,97.1,37.4,18.0,180.0,6.3,220.0,1.61,12.3,11.7,0,1,0,0,Former,Moderate,1,3.9,9,1,3,9,2025-09-12,1
P102625,60,Female,28.7,132.0,63.0,89.0,97.0,36.4,17.0,149.0,4.3,240.0,1.31,14.3,9.1,0,1,0,0,Current,Moderate,0,6.4,6,1,1,10,2024-04-17,0
P102626,89,Male,23.7,126.0,85.0,72.0,95.9,37.9,17.0,127.0,5.6,232.0,1.2,13.0,7.1,0,0,1,1,Never,Moderate,1,3.6,7,5,0,11,2024-07-03,1
P102627,18,Male,17.9,120.0,75.0,85.0,96.7,36.9,16.0,87.0,4.7,306.0,1.03,13.1,7.7,0,0,0,0,Never,Low,1,5.5,5,3,1,23,2024-09-22,0
P102628,63,Female,23.3,109.0,83.0,76.0,97.0,37.0,18.0,95.0,5.5,211.0,1.25,,6.8,0,1,0,0,Never,Moderate,1,1.0,7,2,0,12,2025-06-29,0
P102629,20,Male,23.6,124.0,70.0,63.0,93.0,36.2,20.0,94.0,4.6,259.0,0.78,14.7,4.9,0,0,0,0,Never,Moderate,0,1.1,5,3,1,2,2025-11-04,0
P102630,86,Male,23.5,139.0,92.0,45.0,96.9,37.4,13.0,181.0,6.7,202.0,0.99,17.0,4.1,0,1,1,0,Former,Low,2,4.3,10,1,2,8,2024-07-26,1
P102631,67,Male,32.5,163.0,93.0,106.0,96.7,36.6,20.0,125.0,6.2,184.0,0.88,13.6,4.9,0,1,0,0,Current,Moderate,0,2.9,3,2,0,16,2025-10-04,0
P102632,84,Female,21.2,145.0,96.0,77.0,99.7,36.4,21.0,144.0,7.6,200.0,1.15,13.6,9.7,0,0,1,0,Never,High,1,4.6,4,2,2,11,2024-01-05,1
P102633,59,Male,29.1,118.0,79.0,45.0,96.3,36.6,20.0,121.0,5.6,201.0,0.7,15.2,7.5,0,0,0,0,Never,Moderate,0,3.2,8,1,0,14,2025-03-11,0
P102634,24,Male,28.3,104.0,70.0,80.0,95.1,37.5,18.0,76.0,5.7,190.0,0.74,15.2,8.1,0,1,0,0,Never,Low,0,4.3,8,2,0,21,2024-05-07,0
P102635,19,Male,32.5,125.0,84.0,84.0,97.0,37.0,20.0,110.0,6.1,154.0,1.05,15.5,8.6,0,0,0,0,Never,Low,1,2.5,3,3,0,11,2025-11-02,0
P102636,42,Male,26.8,145.0,99.0,67.0,96.6,36.4,23.0,73.0,6.6,158.0,0.88,15.3,6.6,0,0,0,0,Former,High,0,7.9,6,1,1,11,2025-11-21,0
P102637,72,Female,31.6,131.0,84.0,67.0,96.3,36.5,18.0,158.0,5.0,238.0,0.58,13.2,5.8,1,0,0,0,Never,Moderate,1,3.7,6,3,1,2,2024-07-22,1
P102638,29,Female,26.6,139.0,85.0,76.0,94.2,37.5,18.0,82.0,5.9,227.0,0.83,10.3,11.0,0,0,0,0,Never,Moderate,0,1.1,3,0,1,27,2024-08-08,0
P102639,80,Female,29.8,133.0,81.0,90.0,96.2,36.7,25.0,97.0,6.3,263.0,1.24,14.5,8.1,1,1,0,0,Current,High,1,2.0,7,3,1,5,2024-02-01,1
P102640,35,Female,19.7,142.0,76.0,77.0,95.5,37.1,19.0,138.0,5.9,180.0,0.99,9.6,3.7,0,0,0,0,Former,Low,0,1.4,4,0,1,26,2024-11-22,0
P102641,54,Female,16.0,105.0,89.0,94.0,96.1,37.2,14.0,88.0,5.9,177.0,,11.3,3.5,0,0,0,0,Never,High,1,3.7,4,0,0,11,2024-05-16,0
P102642,32,Male,29.5,157.0,80.0,90.0,97.8,35.1,21.0,101.0,7.1,151.0,1.24,13.5,8.5,0,0,0,0,Never,Moderate,1,1.0,7,1,1,8,2024-01-23,0
P102643,52,Female,29.7,113.0,86.0,73.0,95.3,37.4,19.0,55.0,5.0,235.0,0.94,14.6,5.2,1,0,0,0,Current,High,0,4.0,6,0,0,19,2024-05-26,0
P102644,51,Male,30.0,146.0,87.0,57.0,96.1,36.4,16.0,101.0,5.0,161.0,1.1,14.3,6.7,0,0,0,0,Never,Moderate,1,1.1,4,1,0,12,2024-08-15,0
P102645,18,Female,24.8,124.0,84.0,73.0,97.5,36.6,14.0,127.0,4.7,194.0,1.2,16.0,2.6,0,0,0,0,Never,High,0,3.8,4,0,0,16,2025-07-16,0
P102646,59,Female,35.2,131.0,88.0,82.0,96.0,37.6,19.0,92.0,5.6,207.0,0.99,11.1,6.1,1,0,0,0,Never,Moderate,0,5.1,4,2,0,1,2025-09-26,1
P102647,75,Male,25.1,131.0,75.0,77.0,100.0,37.5,18.0,136.0,6.4,136.0,0.54,13.0,8.8,0,1,0,0,Never,Low,0,4.6,8,1,0,8,2025-08-29,1
P102648,86,Female,29.7,141.0,75.0,84.0,96.9,37.0,14.0,118.0,5.8,225.0,1.6,9.8,5.9,1,1,0,1,Never,High,0,2.5,5,2,2,11,2025-04-14,1
P102649,42,Female,30.6,139.0,81.0,86.0,94.3,37.2,18.0,149.0,6.6,233.0,0.4,11.5,4.7,0,1,0,0,Never,Moderate,1,9.3,5,0,2,15,2025-08-03,0
P102650,82,Male,36.4,154.0,84.0,82.0,95.0,37.3,17.0,92.0,6.2,206.0,1.0,13.7,6.5,0,0,1,0,Former,Moderate,1,3.4,3,0,0,11,2025-06-15,1
P102651,82,Female,25.9,160.0,79.0,73.0,94.8,37.5,18.0,109.0,6.1,192.0,1.46,15.4,7.1,0,0,0,0,Never,High,2,1.3,6,2,1,10,2024-11-02,0
P102652,90,Male,24.1,142.0,87.0,82.0,95.0,37.6,20.0,68.0,5.1,194.0,0.92,16.2,6.3,0,0,1,1,Current,Moderate,3,8.5,5,2,0,5,2024-04-23,0
P102653,45,Male,19.7,161.0,91.0,103.0,97.5,36.9,12.0,108.0,7.4,248.0,0.81,15.0,3.8,0,0,0,0,Former,Moderate,1,2.7,8,1,2,13,2024-06-17,0
P102654,80,Male,35.6,137.0,96.0,58.0,94.5,36.4,14.0,103.0,6.1,197.0,1.03,14.1,7.8,1,0,1,1,Never,High,1,4.4,7,0,0,27,2025-09-17,0
P102655,59,Male,29.7,151.0,97.0,82.0,95.9,36.7,16.0,147.0,7.4,194.0,0.98,15.7,5.9,0,1,0,0,Former,Moderate,1,1.9,5,1,2,1,2024-08-06,0
P102656,22,Female,29.9,136.0,67.0,98.0,98.6,36.9,23.0,85.0,4.9,169.0,0.68,15.1,7.3,0,0,0,0,Current,Moderate,1,2.6,4,1,0,18,2024-08-12,0
P102657,37,Female,43.7,121.0,70.0,62.0,95.6,36.8,26.0,95.0,6.4,90.0,0.78,12.2,5.0,0,0,0,0,Never,High,0,5.7,5,1,0,5,2024-12-21,0
P102658,67,Female,29.2,137.0,80.0,88.0,97.7,36.3,18.0,91.0,5.5,237.0,1.35,12.4,9.5,0,0,0,0,Never,Moderate,0,5.3,5,1,0,25,2025-09-22,0
P102659,29,Female,20.7,138.0,82.0,90.0,93.5,37.0,18.0,109.0,7.2,195.0,0.79,12.6,8.4,0,0,0,0,Current,Low,0,5.2,5,0,1,31,2025-04-21,0
P102660,49,Female,26.5,131.0,80.0,58.0,95.8,36.0,10.0,181.0,6.8,162.0,1.14,10.6,6.3,0,0,0,1,Never,Low,1,6.3,5,1,3,9,2025-04-08,0
P102661,74,Male,22.4,142.0,78.0,85.0,94.9,36.8,21.0,55.0,6.9,275.0,0.82,16.4,7.6,1,0,0,0,Former,Moderate,0,3.3,7,4,2,1,2024-10-27,1
P102662,28,Male,25.4,144.0,78.0,73.0,97.0,36.9,20.0,106.0,4.9,212.0,1.32,13.7,10.3,0,0,0,0,Never,Moderate,0,2.1,11,1,0,15,2024-04-28,0
P102663,54,Female,25.4,132.0,87.0,75.0,94.6,36.9,19.0,154.0,7.6,187.0,1.27,12.8,9.4,0,0,1,0,Never,Low,0,2.6,8,2,2,10,2024-10-10,0
P102664,33,Female,24.4,90.0,68.0,72.0,100.0,37.2,14.0,91.0,7.4,234.0,0.92,15.4,10.0,0,0,0,0,Former,High,0,1.9,5,0,1,19,2024-09-08,0
P102665,57,Male,20.3,161.0,106.0,92.0,93.5,37.2,25.0,132.0,5.5,209.0,1.2,13.8,8.2,0,1,1,0,Never,Moderate,0,4.6,2,2,0,7,2025-03-04,0
P102666,35,Female,35.8,125.0,81.0,75.0,98.5,37.9,23.0,151.0,5.8,208.0,1.38,15.1,5.9,0,0,0,0,Former,Low,0,2.3,8,0,1,12,2024-01-28,0
P102667,88,Male,29.1,123.0,95.0,70.0,98.1,36.5,19.0,109.0,7.1,172.0,0.83,12.0,8.2,1,1,0,1,Former,Low,1,4.2,13,2,1,18,2024-04-12,1
P102668,23,Male,26.3,110.0,75.0,71.0,97.1,36.9,21.0,84.0,4.0,221.0,0.62,15.4,10.4,0,1,0,0,Current,Low,1,4.4,5,0,0,21,2025-10-28,0
P102669,88,Male,31.4,131.0,90.0,72.0,96.6,36.9,18.0,152.0,7.3,231.0,1.22,,8.2,1,0,0,1,Never,Moderate,1,3.7,7,2,2,4,2025-03-04,1
P102670,75,Male,29.9,125.0,85.0,63.0,99.8,36.9,21.0,134.0,7.0,172.0,0.71,12.2,5.3,1,1,0,0,Never,Low,2,3.9,13,0,1,28,2025-03-10,0
P102671,80,Male,28.9,123.0,92.0,70.0,100.0,36.2,13.0,115.0,5.7,123.0,0.66,12.9,7.1,0,0,0,0,Never,Moderate,0,1.0,6,1,0,13,2025-06-18,0
P102672,80,Female,31.1,124.0,82.0,77.0,96.1,36.2,10.0,139.0,4.2,231.0,0.64,13.4,8.5,0,0,1,1,Former,Moderate,0,6.8,6,2,0,2,2025-08-05,0
P102673,31,Female,28.2,139.0,96.0,81.0,96.8,36.8,14.0,142.0,5.9,219.0,0.98,11.8,7.3,0,0,0,0,Never,Low,1,1.0,2,0,1,9,2024-02-15,0
P102674,85,Female,31.0,171.0,69.0,90.0,95.5,36.0,15.0,116.0,5.2,227.0,0.54,13.8,8.5,0,1,1,0,Never,High,2,2.7,6,0,0,30,2024-05-09,0
P102675,61,Male,31.4,147.0,92.0,79.0,94.4,36.6,16.0,125.0,4.5,197.0,0.92,13.5,5.8,0,0,0,0,Never,Moderate,0,1.2,3,1,0,23,2025-09-20,0
P102676,88,Female,28.3,156.0,85.0,70.0,97.3,36.5,20.0,137.0,6.6,232.0,0.4,10.8,6.6,1,0,0,0,Never,Moderate,1,1.4,6,2,2,12,2025-09-04,1
P102677,82,Female,26.4,129.0,74.0,64.0,96.9,36.7,17.0,102.0,7.4,170.0,1.22,14.7,7.7,0,0,0,0,Never,Moderate,1,4.7,5,1,1,20,2025-02-07,0
P102678,60,Male,35.5,135.0,102.0,80.0,93.6,37.4,18.0,155.0,5.7,188.0,1.17,15.0,7.8,0,0,0,0,Never,Low,1,2.6,2,0,1,19,2024-11-08,0
P102679,45,Male,25.0,139.0,100.0,75.0,97.3,36.3,14.0,75.0,6.8,155.0,0.93,11.9,5.7,0,1,0,0,Never,Moderate,0,2.3,5,1,1,7,2024-08-07,0
P102680,26,Male,29.5,118.0,60.0,75.0,97.0,37.2,14.0,103.0,6.1,239.0,1.26,15.6,2.1,0,0,0,0,Former,Moderate,0,2.6,3,1,0,9,2024-07-06,0
P102681,25,Female,29.7,122.0,82.0,79.0,95.4,36.5,18.0,134.0,4.3,193.0,1.15,13.4,2.0,0,0,0,0,Former,Moderate,1,2.1,4,0,0,13,2025-11-10,0
P102682,46,Female,24.3,146.0,89.0,82.0,95.3,36.6,16.0,74.0,5.3,204.0,0.77,12.6,6.9,0,0,0,0,Never,Low,0,1.0,8,1,0,19,2025-05-27,0
P102683,77,Female,23.3,154.0,88.0,79.0,97.3,37.0,18.0,147.0,7.1,211.0,0.84,12.6,7.4,1,1,0,0,Never,Low,3,5.0,5,1,2,15,2025-12-30,1
P102684,54,Female,25.7,134.0,97.0,74.0,99.4,36.7,20.0,119.0,5.3,186.0,1.26,15.2,6.6,0,0,0,0,Former,High,2,1.6,5,1,0,24,2025-06-24,0
P102685,53,Female,24.9,112.0,95.0,66.0,97.2,36.4,24.0,159.0,6.6,226.0,1.2,13.7,7.1,0,0,0,0,Current,Low,1,1.0,3,1,2,22,2025-05-14,0
P102686,35,Male,19.9,125.0,84.0,69.0,97.9,36.6,18.0,131.0,5.3,258.0,0.88,16.7,10.2,0,0,0,0,Never,High,0,5.2,3,0,1,24,2025-11-18,0
P102687,59,Female,24.1,109.0,105.0,86.0,95.0,35.9,24.0,108.0,6.6,232.0,0.53,,6.0,0,0,0,0,Current,Moderate,1,3.8,5,2,1,20,2024-07-01,0
P102688,64,Male,28.9,135.0,92.0,71.0,95.8,37.0,19.0,123.0,6.4,130.0,1.3,15.0,7.7,0,1,0,0,Never,Moderate,0,7.9,6,3,0,15,2024-09-20,1
P102689,89,Female,34.1,141.0,81.0,60.0,97.6,35.2,20.0,128.0,6.0,199.0,1.14,12.1,10.4,1,1,0,0,Former,Moderate,1,1.8,8,2,0,13,2024-02-08,1
P102690,71,Female,30.4,130.0,78.0,90.0,94.1,37.2,22.0,187.0,6.7,201.0,1.05,13.4,4.9,1,0,0,1,Never,Low,2,3.9,4,3,2,7,2025-11-04,1
P102691,62,Female,16.0,138.0,95.0,65.0,96.9,37.1,21.0,117.0,4.0,242.0,0.4,14.7,10.5,0,0,0,1,Former,Moderate,1,4.1,3,2,1,6,2024-09-29,0
P102692,84,Male,30.8,143.0,76.0,76.0,97.4,37.6,15.0,113.0,5.2,174.0,1.25,14.7,8.9,0,1,0,0,Former,Moderate,3,2.6,7,2,0,1,2025-11-29,0
P102693,49,Female,24.6,136.0,78.0,82.0,96.4,37.9,22.0,105.0,5.4,155.0,0.98,16.1,6.4,1,0,0,0,Never,Moderate,0,1.0,8,1,0,28,2024-07-23,0
P102694,86,Female,29.9,116.0,82.0,76.0,97.1,37.3,17.0,125.0,7.3,227.0,0.96,14.7,2.0,0,0,1,1,Current,High,2,8.3,12,0,1,12,2025-08-26,0
P102695,45,Female,27.4,127.0,85.0,46.0,96.6,36.5,19.0,71.0,4.4,194.0,0.75,11.4,9.8,0,0,0,0,Current,Low,0,4.2,8,2,0,14,2024-02-09,0
P102696,27,Female,26.5,136.0,79.0,81.0,95.4,37.9,18.0,94.0,5.5,171.0,0.96,12.5,10.5,0,0,0,0,Never,Moderate,0,1.6,12,1,0,17,2024-04-16,0
P102697,48,Male,27.0,159.0,69.0,92.0,94.4,36.2,22.0,76.0,6.1,185.0,1.13,15.6,5.6,0,1,1,0,Never,Moderate,1,10.9,6,2,0,14,2025-06-22,0
P102698,27,Male,27.4,125.0,92.0,85.0,96.3,35.8,19.0,77.0,5.7,141.0,0.82,12.3,10.7,0,0,0,0,Never,Moderate,1,8.5,6,0,0,13,2024-10-25,0
P102699,26,Male,34.5,138.0,77.0,51.0,98.8,37.7,13.0,136.0,5.4,201.0,1.08,14.4,3.6,0,0,0,0,Never,Low,1,4.1,9,0,0,11,2025-07-11,0
P102700,82,Female,27.4,151.0,104.0,102.0,98.3,37.1,25.0,119.0,5.6,,0.77,11.8,7.6,1,0,0,0,Former,Moderate,2,1.4,5,2,0,1,2025-03-13,0
P102701,76,Male,33.1,132.0,87.0,60.0,95.9,35.9,21.0,91.0,5.9,215.0,0.9,14.7,6.6,0,0,0,0,Never,Moderate,0,6.3,5,1,0,18,2025-08-09,0
P102702,34,Female,32.4,150.0,94.0,63.0,95.8,36.1,16.0,104.0,6.5,187.0,1.14,11.8,4.3,0,1,0,0,Never,High,1,1.8,6,1,0,27,2025-06-27,0
P102703,79,Male,31.0,156.0,90.0,85.0,95.7,37.1,14.0,109.0,5.5,196.0,0.97,16.2,6.5,0,1,0,0,Former,Moderate,0,10.3,8,0,0,20,2024-04-12,0
P102704,23,Female,18.2,152.0,94.0,81.0,95.7,36.4,21.0,109.0,4.0,,1.4,12.4,6.9,0,0,0,0,Never,Moderate,0,2.4,5,0,0,13,2024-08-21,1
P102705,38,Male,33.3,138.0,87.0,77.0,97.0,36.4,14.0,57.0,6.1,185.0,1.04,15.6,4.6,1,0,0,0,Never,Low,0,1.2,10,1,0,14,2024-09-22,0
P102706,69,Female,25.1,174.0,85.0,69.0,98.4,37.8,21.0,77.0,7.4,,0.73,11.0,8.4,1,0,0,1,Never,Low,1,7.6,4,3,1,13,2024-07-14,1
P102707,40,Male,31.2,120.0,92.0,92.0,100.0,37.9,22.0,60.0,4.7,234.0,0.53,14.1,5.6,0,0,0,0,Never,Moderate,1,1.2,6,0,0,23,2024-07-09,0
P102708,71,Male,22.4,171.0,108.0,76.0,95.0,36.9,16.0,84.0,7.3,193.0,1.28,12.7,6.3,1,0,0,0,Never,Moderate,2,2.7,4,3,1,4,2024-06-25,0
P102709,81,Female,21.3,149.0,81.0,57.0,97.7,36.7,15.0,92.0,6.6,119.0,0.92,15.0,9.9,1,0,0,0,Never,Low,3,8.0,4,2,1,3,2024-04-23,1
P102710,22,Male,37.8,151.0,88.0,91.0,97.5,37.3,16.0,71.0,4.4,135.0,1.17,13.4,5.7,0,0,0,0,Never,High,2,4.6,1,0,0,11,2024-10-07,0
P102711,19,Male,22.5,123.0,80.0,79.0,95.9,36.5,15.0,133.0,4.8,234.0,0.76,14.5,2.5,0,0,0,0,Never,High,1,7.6,2,1,0,19,2024-05-19,0
P102712,86,Male,33.5,151.0,89.0,89.0,94.7,35.7,19.0,183.0,5.6,193.0,1.18,15.1,6.5,0,1,1,0,Never,Low,2,5.1,10,4,1,1,2025-12-16,1
P102713,55,Female,28.1,157.0,83.0,83.0,97.0,35.4,19.0,142.0,6.0,194.0,0.92,12.1,7.2,0,0,0,0,Former,High,0,1.1,6,0,1,9,2025-10-01,0
P102714,54,Male,25.3,114.0,61.0,105.0,100.0,36.8,21.0,93.0,5.7,195.0,1.08,12.8,6.5,0,1,0,0,Former,High,0,4.9,7,3,0,11,2024-06-25,0
P102715,51,Male,27.3,129.0,80.0,72.0,97.0,37.2,15.0,120.0,6.8,214.0,1.21,14.9,8.7,0,0,0,0,Never,Moderate,0,5.8,7,0,1,27,2024-07-16,1
P102716,49,Female,20.7,95.0,92.0,76.0,95.1,36.8,21.0,109.0,6.6,253.0,1.0,10.3,7.8,1,0,0,0,Never,Moderate,1,4.5,8,1,3,3,2024-06-13,1
P102717,68,Female,27.4,131.0,75.0,85.0,96.2,37.2,15.0,94.0,4.6,212.0,1.24,15.2,5.8,0,0,0,0,Never,Low,2,1.6,4,0,0,23,2025-07-02,0
P102718,60,Male,21.9,119.0,92.0,72.0,94.4,37.3,21.0,160.0,4.6,207.0,0.55,14.4,8.4,0,0,0,0,Former,Moderate,0,1.1,1,0,1,6,2025-08-05,1
P102719,29,Male,25.4,126.0,83.0,86.0,96.5,37.5,13.0,178.0,6.1,173.0,1.05,12.4,7.9,1,0,0,0,Never,Moderate,3,6.5,12,2,1,9,2024-12-23,1
P102720,63,Male,32.3,183.0,81.0,45.0,97.7,36.9,23.0,63.0,5.5,136.0,1.05,14.2,7.9,0,0,0,0,Never,Moderate,1,1.0,8,1,0,4,2024-06-25,0
P102721,66,Male,28.8,163.0,92.0,75.0,95.3,36.9,16.0,165.0,,213.0,0.97,15.5,6.7,1,0,1,0,Former,Moderate,1,6.9,6,3,1,11,2025-01-03,1
P102722,26,Female,19.8,105.0,87.0,75.0,90.6,36.8,20.0,87.0,6.0,216.0,0.4,12.0,7.6,0,0,0,0,Never,Low,0,1.0,3,2,0,9,2024-06-19,0
P102723,45,Male,31.9,141.0,86.0,74.0,97.0,36.7,20.0,102.0,6.5,237.0,,11.7,7.2,0,1,0,0,Never,Low,0,3.4,2,3,0,13,2025-11-18,0
P102724,75,Female,27.5,149.0,94.0,65.0,95.6,36.0,14.0,126.0,5.0,260.0,1.14,13.0,6.4,1,1,0,0,Never,Moderate,1,4.2,9,2,1,6,2025-01-19,1
P102725,63,Female,24.7,128.0,85.0,87.0,95.1,37.4,21.0,169.0,4.0,151.0,1.14,14.3,8.0,0,0,1,0,Current,Low,1,4.2,6,1,1,23,2025-03-05,0
P102726,27,Male,31.4,132.0,64.0,70.0,95.1,36.6,16.0,118.0,5.4,172.0,1.05,14.9,8.1,0,0,0,0,Never,Low,1,1.9,1,0,0,16,2024-09-04,0
P102727,20,Male,26.6,133.0,76.0,78.0,97.2,36.6,17.0,121.0,4.7,220.0,0.91,15.2,8.1,0,0,0,0,Never,Moderate,1,2.2,4,1,0,14,2025-04-12,0
P102728,60,Male,21.4,110.0,65.0,76.0,95.8,36.5,16.0,144.0,6.0,195.0,0.69,16.0,8.2,0,0,0,0,Never,High,1,4.2,3,1,1,10,2024-06-07,0
P102729,51,Female,37.1,115.0,89.0,82.0,98.2,36.1,24.0,148.0,5.7,250.0,0.72,15.6,2.5,0,0,0,0,Never,Moderate,0,2.6,1,1,2,11,2025-11-04,0
P102730,88,Female,27.4,139.0,93.0,93.0,98.2,36.8,14.0,137.0,5.4,188.0,0.52,9.2,8.8,1,0,0,0,Former,Moderate,1,9.1,6,0,1,17,2024-03-08,0
P102731,56,Male,27.1,134.0,92.0,78.0,96.0,37.1,20.0,149.0,7.8,271.0,1.05,12.6,5.1,1,1,1,0,Never,Moderate,2,2.0,3,0,3,3,2025-01-21,1
P102732,85,Male,25.4,124.0,89.0,86.0,95.6,36.4,16.0,97.0,6.2,197.0,1.64,14.9,9.2,0,0,0,1,Never,High,1,4.2,5,0,1,14,2024-04-23,0
P102733,33,Female,33.6,116.0,91.0,78.0,96.7,37.3,22.0,55.0,5.1,257.0,,13.6,4.3,0,0,0,0,Never,Moderate,1,4.4,4,2,1,14,2024-09-17,0
P102734,50,Male,24.8,130.0,66.0,70.0,96.2,36.6,26.0,176.0,5.9,104.0,0.79,12.3,10.2,0,1,0,0,Never,High,3,7.7,5,2,1,21,2024-01-16,0
P102735,28,Male,19.5,144.0,80.0,74.0,93.3,36.0,16.0,72.0,6.0,213.0,0.94,13.4,2.6,0,0,0,0,Current,High,0,9.2,0,0,0,25,2024-06-18,0
P102736,59,Male,24.0,132.0,68.0,73.0,99.9,37.5,18.0,95.0,5.3,196.0,0.99,17.2,7.6,0,0,0,0,Current,High,0,3.8,5,1,0,19,2024-06-13,1
P102737,31,Female,34.4,157.0,77.0,83.0,97.8,36.9,17.0,97.0,7.7,115.0,0.46,12.7,6.3,0,0,0,0,Never,High,2,2.6,2,0,1,24,2025-10-31,0
P102738,53,Female,31.8,121.0,98.0,77.0,95.7,37.2,22.0,95.0,4.5,194.0,1.08,13.5,7.9,0,0,1,0,Former,High,2,2.9,6,2,0,5,2025-05-08,1
P102739,43,Male,26.2,134.0,93.0,66.0,93.1,37.2,17.0,85.0,4.4,148.0,0.95,17.3,10.5,0,1,0,0,Never,High,0,7.0,6,0,0,27,2024-10-10,0
P102740,31,Male,34.6,124.0,87.0,73.0,96.2,36.3,21.0,125.0,4.1,175.0,0.9,14.7,7.5,0,0,0,0,Former,Moderate,1,5.4,2,1,0,17,2024-05-11,0
P102741,25,Male,31.4,139.0,79.0,58.0,95.4,36.5,17.0,124.0,5.5,207.0,1.48,15.8,8.9,0,0,0,0,Current,Low,0,1.0,3,1,1,9,2025-03-18,0
P102742,55,Female,26.1,119.0,72.0,74.0,96.4,37.3,26.0,135.0,6.3,190.0,0.99,14.1,10.1,0,0,0,0,Never,Moderate,0,12.5,4,0,0,16,2024-09-27,1
P102743,87,Male,26.6,169.0,86.0,76.0,92.6,37.7,10.0,138.0,5.9,209.0,1.62,14.1,5.8,0,1,0,1,Never,Moderate,1,4.7,3,1,1,19,2024-02-09,1
P102744,32,Male,29.2,101.0,92.0,98.0,95.6,36.8,19.0,94.0,6.0,201.0,0.71,14.0,7.7,0,0,0,0,Never,Low,0,3.5,4,1,0,13,2025-04-14,0
P102745,47,Male,23.2,161.0,86.0,92.0,95.8,36.5,18.0,97.0,6.2,284.0,0.57,16.4,9.7,0,0,0,0,Never,High,0,1.0,4,0,1,16,2024-08-08,0
P102746,34,Female,27.5,132.0,65.0,64.0,96.2,37.6,18.0,148.0,5.3,205.0,0.73,13.2,7.7,0,1,0,0,Never,Low,2,1.1,5,2,1,14,2024-01-31,0
P102747,77,Male,29.1,145.0,85.0,78.0,96.1,36.5,19.0,99.0,6.5,199.0,1.41,13.1,5.8,0,0,0,0,Never,Moderate,2,2.6,7,1,1,19,2025-09-21,0
P102748,48,Female,18.7,154.0,63.0,79.0,96.6,37.0,18.0,93.0,5.6,211.0,0.78,14.8,8.0,0,0,0,0,Never,Low,0,2.7,5,0,0,8,2025-09-21,0
P102749,89,Female,26.5,151.0,92.0,73.0,99.2,36.6,19.0,152.0,5.9,194.0,0.72,8.9,7.2,1,0,0,0,Never,Moderate,1,3.5,6,1,2,8,2025-03-25,1
P102750,35,Female,25.9,118.0,74.0,74.0,95.6,36.9,19.0,109.0,,135.0,1.05,15.6,8.0,0,0,0,0,Never,Low,3,2.5,4,0,0,24,2025-04-22,1
P102751,23,Male,32.8,139.0,68.0,72.0,94.9,36.3,24.0,89.0,5.7,221.0,0.81,14.3,5.9,0,0,0,0,Former,Moderate,0,1.7,2,2,0,23,2025-01-06,0
P102752,60,Male,17.9,165.0,91.0,98.0,93.4,36.6,10.0,96.0,7.0,244.0,1.19,14.6,7.5,0,0,0,0,Former,Moderate,2,2.4,1,1,2,6,2025-10-29,0
P102753,65,Male,25.5,119.0,88.0,71.0,95.6,36.5,24.0,154.0,4.9,254.0,0.86,14.7,6.7,0,1,0,0,Never,Low,0,7.7,3,0,2,24,2025-01-19,1
P102754,90,Male,25.0,173.0,87.0,80.0,94.0,37.1,27.0,140.0,5.8,221.0,,16.6,6.0,0,1,0,1,Never,Low,0,6.3,5,1,0,17,2025-12-23,1
P102755,81,Female,32.5,142.0,106.0,46.0,98.2,36.9,12.0,126.0,6.3,185.0,1.56,,9.6,1,0,0,0,Never,Low,3,11.2,7,0,1,6,2025-02-20,1
P102756,82,Male,27.3,128.0,90.0,86.0,96.3,37.2,18.0,77.0,7.8,205.0,0.86,14.6,6.0,1,1,0,0,Never,High,0,1.0,4,1,1,16,2025-09-25,0
P102757,64,Male,36.8,118.0,76.0,90.0,98.2,36.4,23.0,123.0,6.4,263.0,0.81,13.2,5.5,1,1,0,0,Never,Moderate,1,11.3,11,0,1,13,2024-08-08,1
P102758,44,Female,30.9,127.0,87.0,63.0,99.1,36.7,21.0,103.0,5.0,186.0,1.11,12.1,4.6,0,0,0,0,Current,Moderate,0,2.2,3,1,0,11,2025-06-12,0
P102759,49,Male,25.4,99.0,79.0,70.0,94.9,37.1,24.0,80.0,5.0,150.0,0.4,15.6,6.9,0,1,0,0,Never,High,0,3.5,9,2,0,3,2025-06-18,0
P102760,27,Male,28.7,122.0,93.0,81.0,95.9,37.2,19.0,87.0,6.4,279.0,1.14,14.9,6.7,0,0,0,0,Never,Low,0,4.6,5,1,1,12,2025-10-20,0
P102761,49,Female,25.7,127.0,85.0,76.0,98.9,36.1,11.0,136.0,5.5,156.0,1.5,15.7,8.4,0,0,0,0,Never,Moderate,2,2.5,2,0,1,18,2024-12-06,0
P102762,44,Female,32.0,113.0,85.0,82.0,96.8,37.0,23.0,154.0,4.6,135.0,1.22,12.0,4.5,0,0,0,0,Former,High,2,1.7,5,0,1,17,2024-12-24,0
P102763,20,Female,20.6,141.0,66.0,73.0,97.4,36.4,20.0,70.0,6.4,207.0,0.62,11.5,3.6,0,0,0,0,Never,Low,1,6.2,4,1,0,14,2024-11-13,0
P102764,32,Male,23.2,126.0,82.0,98.0,98.4,37.3,23.0,76.0,5.9,211.0,0.74,15.0,3.3,0,0,0,0,Never,Moderate,0,3.2,4,1,0,7,2025-04-03,0
P102765,57,Female,29.9,122.0,82.0,68.0,98.1,37.7,13.0,138.0,4.8,212.0,1.04,13.1,7.9,0,0,0,0,Never,Moderate,0,4.0,5,1,0,24,2025-06-23,1
P102766,44,Female,33.9,126.0,71.0,108.0,97.2,35.5,14.0,97.0,4.5,228.0,1.08,11.4,9.1,0,0,1,0,Never,Moderate,1,6.0,9,0,0,20,2024-07-24,0
P102767,90,Male,,143.0,82.0,91.0,99.0,36.5,18.0,139.0,4.3,189.0,1.57,13.8,8.9,1,1,0,0,Former,Low,0,1.0,5,3,1,1,2024-10-05,1
P102768,52,Male,34.6,133.0,86.0,86.0,96.4,36.9,23.0,98.0,5.3,189.0,1.45,15.7,6.0,0,0,0,0,Former,Low,1,2.7,4,0,1,10,2025-08-03,0
P102769,87,Female,26.8,125.0,84.0,64.0,97.4,36.8,24.0,139.0,6.5,173.0,1.05,11.2,7.3,0,0,0,0,Never,Moderate,0,1.8,7,1,0,21,2025-06-01,0
P102770,66,Male,17.7,136.0,69.0,87.0,96.2,37.3,15.0,67.0,6.9,200.0,0.9,12.9,2.5,1,1,0,0,Former,Moderate,1,4.8,8,1,1,22,2025-01-12,0
P102771,20,Male,16.0,128.0,77.0,83.0,98.3,36.8,17.0,126.0,5.8,216.0,0.69,13.5,10.2,1,0,0,0,Former,Low,0,4.6,5,0,0,25,2024-10-22,1
P102772,32,Female,19.5,110.0,76.0,51.0,95.2,36.5,28.0,55.0,4.4,229.0,1.13,12.1,9.3,0,0,0,0,Never,High,1,2.6,3,1,0,18,2024-12-14,0
P102773,69,Female,27.4,129.0,85.0,59.0,93.5,36.3,16.0,148.0,5.8,,1.36,14.4,8.8,0,0,0,0,Never,High,1,1.0,4,1,1,7,2024-05-06,0
P102774,57,Male,,143.0,83.0,80.0,97.7,36.2,20.0,112.0,7.2,148.0,1.04,13.8,5.2,0,0,0,0,Former,High,1,4.8,7,1,1,22,2025-11-06,0
P102775,40,Female,30.8,141.0,77.0,74.0,94.7,36.4,16.0,126.0,5.2,229.0,0.97,15.6,6.3,0,1,0,0,Current,Moderate,0,2.8,8,0,0,24,2025-05-04,1
P102776,56,Female,24.6,129.0,78.0,70.0,94.5,36.5,20.0,121.0,6.6,175.0,1.61,11.6,6.6,0,0,0,0,Former,High,3,3.5,6,0,2,12,2024-02-29,0
P102777,83,Female,21.7,147.0,85.0,89.0,98.8,37.0,15.0,58.0,6.8,158.0,1.29,13.7,10.4,1,1,0,0,Former,Moderate,0,3.4,9,3,1,11,2025-12-21,0
P102778,46,Male,25.4,115.0,91.0,65.0,98.2,36.7,15.0,159.0,6.4,125.0,0.41,14.5,9.0,0,0,0,0,Never,Moderate,1,2.9,3,1,1,14,2024-06-29,0
P102779,21,Male,27.7,112.0,83.0,71.0,95.9,36.5,17.0,118.0,5.8,248.0,0.9,14.6,6.6,0,0,0,0,Never,Low,1,7.7,4,2,1,7,2024-04-29,0
P102780,40,Female,28.7,127.0,96.0,68.0,91.0,36.3,16.0,137.0,6.4,205.0,1.03,9.5,8.2,0,0,0,0,Current,Low,0,8.2,4,0,1,13,2024-03-08,0
P102781,86,Male,23.4,162.0,95.0,82.0,97.5,36.4,17.0,91.0,4.9,216.0,1.03,13.0,5.2,0,0,0,0,Former,High,0,2.7,5,5,0,13,2025-02-09,0
P102782,73,Female,32.2,138.0,98.0,55.0,97.7,36.5,20.0,125.0,7.4,212.0,1.42,12.9,4.2,0,1,0,1,Never,High,0,4.3,6,2,2,8,2024-04-10,1
P102783,79,Female,24.3,131.0,97.0,70.0,97.4,36.4,25.0,71.0,4.5,203.0,0.99,10.2,6.9,1,0,0,0,Never,Moderate,3,3.6,4,1,1,14,2024-06-11,0
P102784,84,Male,23.0,162.0,100.0,55.0,97.3,37.1,16.0,123.0,6.5,194.0,0.83,10.2,4.7,1,1,1,0,Never,Moderate,2,4.0,8,3,1,3,2024-02-17,1
P102785,26,Female,24.7,124.0,69.0,72.0,96.2,37.5,15.0,75.0,5.5,192.0,0.73,11.3,3.6,0,0,0,0,Current,High,0,1.0,4,0,0,25,2024-09-11,0
P102786,38,Female,33.1,169.0,88.0,85.0,95.8,36.2,18.0,285.0,5.1,158.0,1.15,13.7,7.1,1,0,0,0,Never,Moderate,0,5.3,4,0,1,19,2024-08-15,1
P102787,22,Female,26.8,120.0,93.0,85.0,94.5,37.4,15.0,128.0,4.6,128.0,0.54,13.9,6.5,0,0,0,0,Current,Low,0,1.8,3,0,0,9,2024-01-05,0
P102788,18,Female,23.9,111.0,94.0,67.0,95.2,37.1,12.0,153.0,5.9,280.0,0.77,11.4,5.0,0,0,0,0,Former,Low,0,2.0,3,1,2,11,2024-12-03,0
P102789,78,Female,32.3,133.0,76.0,82.0,97.1,36.9,22.0,108.0,6.9,196.0,1.32,12.9,6.2,0,0,0,1,Never,Low,2,7.9,5,2,1,10,2025-10-16,1
P102790,86,Female,38.6,132.0,91.0,74.0,97.1,37.6,18.0,132.0,6.1,178.0,0.73,13.8,7.8,0,1,0,0,Current,Low,3,7.5,6,1,0,28,2025-04-22,1
P102791,29,Female,28.6,116.0,81.0,92.0,97.9,36.7,19.0,140.0,5.3,165.0,0.65,15.2,6.5,0,1,0,0,Never,Low,0,2.5,2,2,0,9,2024-09-15,0
P102792,70,Female,33.9,179.0,102.0,74.0,94.0,37.0,11.0,78.0,7.2,235.0,0.59,15.1,7.3,0,0,1,0,Never,Moderate,1,6.4,9,3,1,5,2024-10-09,0
P102793,57,Male,32.9,138.0,69.0,45.0,93.5,36.9,16.0,90.0,5.5,200.0,0.77,16.0,6.7,0,1,0,0,Former,Moderate,1,1.0,4,0,0,12,2025-11-10,1
P102794,23,Male,24.4,137.0,73.0,87.0,95.8,36.8,13.0,141.0,5.4,162.0,0.77,13.8,10.5,0,0,0,0,Current,Low,1,3.9,4,0,1,29,2024-03-24,0
P102795,84,Male,27.6,128.0,66.0,70.0,94.7,37.0,18.0,110.0,6.0,183.0,1.04,14.5,9.7,0,1,0,0,Never,Moderate,1,4.0,13,1,0,28,2025-01-15,0
P102796,81,Female,20.8,126.0,85.0,73.0,96.8,36.8,18.0,91.0,8.4,207.0,0.84,13.3,7.2,1,0,0,0,Never,High,1,7.9,9,1,1,18,2024-12-26,0
P102797,59,Male,26.4,151.0,105.0,80.0,94.1,37.0,18.0,92.0,5.2,180.0,0.92,14.3,5.4,0,0,1,0,Never,High,0,8.0,8,3,0,8,2025-03-12,1
P102798,69,Female,24.2,106.0,83.0,59.0,98.6,36.5,16.0,73.0,6.8,226.0,1.33,11.1,5.9,0,0,1,1,Current,High,2,2.7,5,0,1,2,2025-07-23,0
P102799,46,Male,25.4,112.0,83.0,77.0,95.0,36.5,15.0,55.0,4.2,276.0,1.08,16.8,4.4,0,1,1,0,Current,Moderate,1,8.7,5,0,1,10,2024-01-08,0
P102800,75,Male,23.6,131.0,89.0,82.0,99.4,36.5,17.0,57.0,5.2,179.0,1.67,15.2,5.4,0,1,0,0,Current,Low,1,3.5,4,1,1,1,2025-07-07,1
P102801,50,Male,26.0,155.0,81.0,80.0,97.4,36.6,19.0,114.0,5.5,184.0,0.81,15.9,8.3,0,1,1,0,Former,Moderate,2,2.4,6,2,0,4,2025-05-12,0
P102802,90,Female,30.3,130.0,88.0,69.0,94.6,37.3,16.0,143.0,6.2,163.0,0.99,14.2,5.8,1,1,0,0,Never,Moderate,2,2.1,6,1,1,7,2024-06-16,0
P102803,22,Female,26.9,136.0,84.0,88.0,100.0,36.6,15.0,195.0,5.2,189.0,0.96,12.5,6.7,0,0,0,0,Never,Moderate,0,3.3,5,0,1,17,2025-09-06,0
P102804,30,Female,17.8,130.0,72.0,64.0,97.0,37.1,15.0,107.0,5.5,121.0,0.8,11.0,9.4,0,0,0,0,Former,High,0,2.9,2,1,0,18,2024-01-16,0
P102805,88,Female,23.6,159.0,83.0,68.0,96.8,36.9,16.0,74.0,5.6,237.0,1.11,14.3,8.1,0,1,1,0,Current,Low,2,2.8,4,3,0,14,2024-09-05,0
P102806,39,Male,19.6,104.0,89.0,74.0,96.4,36.6,16.0,109.0,6.8,144.0,0.43,15.6,7.1,0,0,0,0,Never,High,0,1.0,5,1,1,21,2024-10-01,0
P102807,40,Female,28.8,143.0,91.0,80.0,97.3,37.5,14.0,135.0,,164.0,0.87,13.6,6.8,0,1,0,0,Never,Moderate,0,3.8,2,1,0,13,2024-02-03,0
P102808,75,Male,30.1,132.0,96.0,72.0,97.4,37.2,16.0,153.0,6.8,198.0,1.32,17.8,6.6,0,1,0,0,Former,Moderate,0,1.0,2,0,2,2,2024-04-28,0
P102809,31,Male,28.8,145.0,84.0,91.0,94.9,36.8,22.0,141.0,6.2,247.0,1.48,,8.9,0,0,0,0,Never,High,0,7.5,6,0,3,1,2025-07-16,1
P102810,55,Female,23.4,119.0,86.0,80.0,96.1,36.8,17.0,133.0,5.0,163.0,1.42,12.7,7.6,1,0,0,0,Former,Moderate,0,1.0,6,2,1,1,2024-08-28,1
P102811,38,Female,28.8,131.0,89.0,77.0,96.7,36.8,14.0,113.0,5.3,188.0,1.0,13.5,6.5,0,0,0,0,Never,Low,1,5.4,2,1,0,21,2024-03-12,0
P102812,32,Male,25.1,128.0,75.0,79.0,97.5,36.0,10.0,135.0,5.6,206.0,1.08,13.9,4.5,1,0,0,0,Former,High,1,1.6,6,0,0,10,2025-04-03,0
P102813,88,Female,21.6,120.0,78.0,85.0,97.6,36.4,24.0,77.0,7.8,169.0,1.21,12.8,8.0,0,0,0,0,Never,Moderate,1,1.5,4,2,1,1,2024-10-01,1
P102814,32,Male,31.4,108.0,80.0,79.0,96.8,37.0,22.0,55.0,5.3,190.0,0.79,16.1,7.7,0,1,0,0,Never,Low,0,2.0,3,0,0,20,2024-03-09,0
P102815,24,Female,31.8,119.0,68.0,54.0,95.5,36.0,19.0,181.0,8.7,135.0,0.65,12.2,3.8,0,0,0,0,Never,Low,0,1.0,5,1,2,6,2024-10-08,0
P102816,67,Female,32.4,136.0,87.0,89.0,95.4,36.4,22.0,113.0,6.7,175.0,1.12,12.3,6.7,0,1,1,0,Former,Low,1,4.8,5,3,1,9,2025-08-16,0
P102817,81,Female,24.3,123.0,94.0,77.0,94.4,36.6,20.0,136.0,6.5,242.0,1.06,14.1,7.7,0,1,1,0,Current,High,3,3.5,10,2,1,11,2024-02-16,1
P102818,27,Female,33.6,124.0,74.0,84.0,97.6,38.3,18.0,55.0,6.3,226.0,1.17,11.2,6.5,0,0,0,0,Never,Low,1,4.5,2,0,0,9,2025-01-14,0
P102819,69,Female,24.9,102.0,87.0,71.0,95.4,37.1,14.0,169.0,4.5,178.0,0.4,13.1,10.6,0,0,0,0,Never,Low,1,5.3,8,1,1,26,2025-11-16,0
P102820,57,Male,30.9,127.0,76.0,54.0,96.2,37.3,25.0,154.0,6.9,157.0,0.97,14.4,10.1,0,0,0,1,Current,High,1,3.0,4,2,2,3,2025-08-18,0
P102821,78,Female,24.8,153.0,74.0,49.0,96.9,36.4,16.0,62.0,4.9,187.0,1.42,14.1,4.5,0,1,0,0,Never,Moderate,0,1.0,7,2,1,1,2024-05-04,0
P102822,27,Male,26.3,141.0,101.0,65.0,96.5,37.0,17.0,97.0,6.3,139.0,1.09,15.8,6.5,0,0,0,0,Never,Low,1,2.7,4,0,0,28,2024-09-08,0
P102823,89,Male,16.0,135.0,74.0,82.0,96.5,35.9,18.0,128.0,5.7,188.0,0.84,14.4,8.9,0,1,0,1,Never,High,1,5.7,6,5,0,12,2025-05-26,1
P102824,63,Female,25.9,138.0,70.0,92.0,94.9,36.6,18.0,70.0,5.2,179.0,0.67,13.1,6.8,0,0,0,0,Former,High,0,6.0,7,0,0,4,2025-03-27,0
P102825,79,Female,28.0,121.0,86.0,80.0,97.0,37.1,20.0,134.0,7.7,178.0,1.07,13.1,8.5,0,1,1,0,Never,Moderate,1,2.2,9,4,1,1,2024-06-14,0
P102826,44,Male,25.4,159.0,84.0,63.0,95.9,36.1,20.0,148.0,5.6,190.0,1.2,14.1,5.7,0,0,0,0,Never,Moderate,0,1.0,2,2,1,24,2025-03-28,0
P102827,86,Male,36.6,171.0,91.0,67.0,96.3,37.0,16.0,130.0,4.9,215.0,,16.5,3.9,1,1,0,0,Never,Moderate,0,2.6,8,2,0,8,2024-01-19,1
P102828,63,Female,21.5,136.0,103.0,92.0,98.6,37.0,18.0,60.0,6.8,156.0,1.07,14.0,8.4,1,0,0,0,Never,Moderate,1,2.4,7,2,1,2,2024-05-14,0
P102829,27,Male,24.6,173.0,73.0,60.0,97.4,36.5,20.0,72.0,4.4,231.0,1.11,16.5,6.3,0,0,0,0,Never,Low,0,1.8,9,0,0,25,2024-05-20,0
P102830,85,Male,22.8,125.0,78.0,101.0,95.5,36.4,16.0,114.0,7.4,238.0,1.18,13.3,12.2,0,0,0,1,Never,High,1,5.2,4,2,2,20,2025-09-03,0
P102831,76,Male,24.6,114.0,100.0,99.0,96.2,36.4,23.0,108.0,6.1,279.0,1.25,16.5,8.9,0,0,0,0,Never,Low,0,1.0,3,0,1,5,2024-12-29,0
P102832,39,Male,32.9,119.0,91.0,102.0,99.4,36.6,18.0,102.0,4.5,206.0,1.23,14.8,4.9,0,0,0,0,Never,Low,1,2.0,4,2,0,17,2025-03-11,0
P102833,57,Female,35.2,129.0,90.0,81.0,95.9,36.6,24.0,104.0,6.6,251.0,0.9,14.2,8.3,1,0,1,0,Current,High,5,6.9,10,2,2,15,2025-07-09,1
P102834,46,Female,23.9,171.0,76.0,72.0,96.6,37.1,13.0,55.0,6.2,232.0,0.74,10.3,6.9,0,0,0,0,Current,Moderate,0,5.5,5,1,1,4,2024-05-07,0
P102835,57,Female,23.7,128.0,94.0,80.0,97.7,36.5,20.0,141.0,4.0,202.0,1.23,15.6,8.1,0,0,0,0,Never,Moderate,1,2.1,6,0,1,13,2025-07-02,0
P102836,88,Male,21.5,122.0,92.0,87.0,96.9,37.6,15.0,141.0,6.2,149.0,0.97,15.3,5.6,0,1,0,0,Never,Low,0,2.1,8,0,1,5,2025-07-30,0
P102837,83,Female,34.3,121.0,86.0,68.0,95.8,37.6,16.0,136.0,6.5,229.0,0.55,16.0,7.6,0,1,1,0,Never,Moderate,2,4.2,8,3,0,9,2025-09-03,1
P102838,33,Female,33.3,149.0,75.0,63.0,95.2,36.9,21.0,124.0,5.8,204.0,1.35,14.9,9.1,0,0,0,0,Former,Moderate,1,10.7,5,1,0,22,2025-07-14,0
P102839,88,Male,26.9,154.0,85.0,73.0,96.5,36.6,17.0,109.0,6.1,263.0,1.19,11.5,8.6,0,1,0,1,Never,Low,0,4.2,13,5,1,7,2024-02-01,1
P102840,49,Male,20.2,124.0,98.0,67.0,97.7,36.5,27.0,91.0,6.5,223.0,1.06,16.9,9.2,0,0,0,0,Never,High,0,8.7,4,0,0,13,2024-11-20,0
P102841,69,Male,20.7,102.0,72.0,91.0,98.9,37.0,20.0,80.0,6.5,235.0,1.01,14.9,13.2,1,0,0,0,Current,Low,2,1.8,13,1,1,13,2024-07-25,0
P102842,73,Female,28.4,116.0,75.0,69.0,93.9,37.0,16.0,170.0,6.1,173.0,1.3,14.2,6.1,0,1,1,0,Never,High,0,1.7,8,3,1,1,2024-11-22,1
P102843,53,Female,30.4,162.0,76.0,77.0,99.7,36.7,20.0,112.0,5.6,204.0,0.65,14.0,10.6,0,0,0,0,Never,Moderate,1,4.2,3,0,0,12,2024-02-05,0
P102844,51,Male,16.8,144.0,78.0,88.0,96.0,36.6,17.0,55.0,5.9,122.0,1.0,14.5,7.6,0,0,0,0,Current,Low,0,1.5,6,1,0,31,2024-06-11,0
P102845,51,Male,25.8,133.0,82.0,91.0,98.2,37.0,21.0,111.0,5.3,216.0,1.08,14.0,6.2,1,1,1,0,Never,Moderate,1,3.6,4,0,0,21,2025-12-22,1
P102846,80,Male,35.9,167.0,93.0,79.0,95.2,36.8,17.0,55.0,5.2,241.0,1.24,15.7,7.0,0,1,0,0,Never,Moderate,3,1.7,4,2,1,18,2024-07-01,0
P102847,46,Female,26.4,165.0,86.0,81.0,93.6,36.5,19.0,120.0,4.7,248.0,0.51,12.0,8.8,0,0,0,0,Never,Low,0,12.0,5,2,1,4,2024-08-01,0
P102848,38,Male,35.2,130.0,82.0,64.0,94.1,36.9,19.0,115.0,5.6,182.0,1.13,14.6,6.3,0,0,0,0,Former,Moderate,0,4.5,3,1,0,8,2025-03-22,0
P102849,44,Male,30.9,131.0,84.0,88.0,95.9,36.5,18.0,92.0,5.0,126.0,0.86,16.7,3.1,0,0,0,0,Former,Moderate,1,2.0,4,0,0,11,2025-07-13,0
P102850,32,Male,21.9,120.0,87.0,91.0,97.4,36.4,22.0,76.0,5.4,175.0,0.76,12.8,8.7,0,0,0,0,Never,Low,1,1.2,5,0,0,18,2025-09-05,0
P102851,46,Female,26.0,127.0,65.0,54.0,96.6,36.8,12.0,131.0,6.9,192.0,0.55,12.9,7.5,1,0,0,0,Former,Moderate,0,1.6,7,0,1,26,2024-05-31,0
P102852,26,Male,26.8,104.0,91.0,97.0,96.0,36.5,18.0,105.0,5.3,211.0,1.55,16.4,6.0,0,0,0,0,Never,Moderate,1,1.0,5,0,1,19,2025-09-13,0
P102853,24,Female,22.5,104.0,72.0,68.0,98.5,36.4,16.0,55.0,5.6,118.0,0.89,12.0,4.5,0,0,0,0,Never,Low,0,3.0,4,0,0,17,2024-12-05,0
P102854,70,Female,22.5,105.0,79.0,83.0,96.5,37.3,13.0,158.0,5.8,191.0,1.13,10.3,7.8,1,0,1,0,Current,Moderate,1,4.6,7,1,2,13,2025-05-09,1
P102855,23,Female,35.3,147.0,84.0,77.0,97.0,36.6,15.0,74.0,6.7,156.0,0.62,10.2,9.6,0,0,0,0,Never,High,1,3.7,4,3,2,18,2024-10-25,0
P102856,59,Male,22.4,107.0,82.0,75.0,100.0,37.7,16.0,67.0,7.4,250.0,0.6,13.9,5.2,0,0,0,0,Never,High,0,1.9,5,2,2,1,2025-02-16,0
P102857,74,Male,33.1,168.0,88.0,74.0,96.5,37.1,17.0,164.0,5.7,106.0,1.3,17.1,7.6,0,1,0,0,Never,Moderate,1,1.0,5,2,1,24,2025-02-01,1
P102858,70,Male,25.2,122.0,85.0,64.0,95.2,36.4,19.0,153.0,6.7,233.0,0.68,13.5,11.4,1,0,0,0,Former,Low,0,4.0,8,1,3,11,2024-12-20,0
P102859,50,Female,27.4,162.0,79.0,82.0,97.4,37.4,20.0,97.0,7.7,189.0,1.37,,8.9,1,1,0,0,Never,High,0,6.6,6,0,1,26,2025-02-20,0
P102860,32,Female,30.4,124.0,96.0,73.0,97.8,36.4,17.0,65.0,4.5,117.0,1.45,13.3,7.0,0,0,0,0,Never,Low,0,7.4,5,0,1,18,2024-09-02,0
P102861,85,Female,24.4,110.0,91.0,60.0,97.0,37.8,24.0,86.0,7.1,259.0,0.89,14.9,6.8,0,1,0,0,Never,Moderate,2,5.7,5,2,2,19,2024-05-30,0
P102862,78,Female,30.5,157.0,87.0,64.0,96.8,36.9,17.0,102.0,4.6,246.0,0.95,14.5,6.1,0,1,0,0,Former,Moderate,2,6.0,6,2,1,13,2025-02-07,1
P102863,62,Female,16.9,157.0,90.0,60.0,99.2,37.1,11.0,157.0,6.0,242.0,0.4,13.0,7.2,1,0,0,0,Never,Moderate,1,3.3,5,0,2,18,2024-04-08,0
P102864,24,Male,29.8,113.0,73.0,70.0,98.9,36.8,17.0,153.0,5.4,199.0,0.43,15.5,6.2,0,0,0,0,Former,Moderate,0,7.0,3,2,1,15,2025-11-12,0
P102865,20,Female,16.0,123.0,102.0,82.0,96.3,36.9,18.0,112.0,4.0,169.0,1.09,14.8,6.5,0,0,0,0,Never,Moderate,0,8.5,1,0,0,20,2024-05-28,0
P102866,41,Female,26.3,116.0,71.0,67.0,95.3,36.7,10.0,133.0,6.7,197.0,1.32,10.7,6.8,0,0,0,0,Former,Moderate,0,3.2,3,1,2,3,2025-04-21,0
P102867,29,Male,31.9,127.0,82.0,88.0,97.3,36.3,22.0,101.0,5.7,216.0,0.72,14.0,3.8,0,0,0,0,Never,Moderate,1,1.0,8,1,0,13,2024-06-25,1
P102868,80,Female,30.7,137.0,81.0,75.0,95.3,37.0,18.0,87.0,5.3,174.0,0.91,11.4,6.7,0,0,0,0,Former,High,1,6.4,7,1,0,22,2025-11-10,0
P102869,33,Male,20.7,124.0,78.0,73.0,98.1,37.3,14.0,56.0,5.9,162.0,0.51,13.5,12.5,0,0,0,0,Former,Moderate,2,3.4,6,0,1,10,2025-12-15,0
P102870,38,Male,21.4,100.0,77.0,76.0,97.3,36.2,15.0,121.0,6.5,214.0,0.65,15.6,4.3,0,0,0,0,Current,High,0,6.9,5,0,0,20,2024-08-27,0
P102871,89,Male,23.9,127.0,77.0,93.0,100.0,37.6,21.0,151.0,4.7,202.0,1.49,12.8,10.2,0,1,1,1,Former,Moderate,1,2.2,8,2,2,11,2024-06-30,0
P102872,77,Male,28.5,147.0,96.0,60.0,99.2,37.1,21.0,99.0,4.0,230.0,1.17,18.0,9.2,0,0,0,0,Current,High,1,4.3,7,1,0,1,2024-05-17,0
P102873,33,Male,16.9,126.0,69.0,96.0,94.6,36.6,16.0,151.0,5.6,253.0,0.45,15.6,8.4,0,0,0,0,Current,Low,2,4.0,4,1,2,1,2025-08-24,1
P102874,45,Male,27.4,126.0,92.0,88.0,95.6,36.6,13.0,98.0,5.0,228.0,1.14,13.7,6.0,0,0,0,0,Never,Low,0,2.9,3,1,0,25,2025-05-06,0
P102875,55,Female,29.1,117.0,89.0,76.0,93.1,37.7,18.0,116.0,7.1,151.0,1.68,13.0,9.0,0,1,1,0,Never,Low,1,10.7,11,4,2,12,2024-04-05,1
P102876,66,Male,26.0,124.0,79.0,90.0,92.7,37.3,19.0,107.0,5.7,195.0,0.94,12.7,10.8,0,1,0,0,Never,Low,0,2.1,7,0,0,20,2025-01-23,1
P102877,86,Male,30.2,160.0,89.0,72.0,96.7,37.4,20.0,162.0,6.5,210.0,0.92,12.4,9.3,0,1,1,0,Never,High,1,2.1,7,2,1,9,2025-05-01,1
P102878,81,Female,28.7,116.0,82.0,79.0,94.4,36.7,16.0,135.0,6.0,226.0,1.26,12.6,7.7,1,1,0,1,Former,Low,0,1.9,7,2,0,11,2024-12-12,0
P102879,89,Male,24.7,149.0,73.0,70.0,99.5,37.1,18.0,117.0,4.9,228.0,1.4,16.6,7.2,0,0,0,0,Never,Low,1,4.1,5,2,0,10,2024-04-28,0
P102880,20,Male,17.4,129.0,69.0,88.0,98.6,37.0,18.0,109.0,5.5,193.0,1.14,12.5,5.9,0,0,0,0,Current,Low,2,2.7,3,1,0,12,2025-08-12,0
P102881,35,Male,28.2,134.0,88.0,68.0,96.0,36.7,21.0,68.0,4.4,176.0,0.87,16.4,7.4,0,0,0,0,Never,Low,2,2.1,5,1,0,14,2025-06-23,0
P102882,59,Female,22.5,121.0,89.0,75.0,95.9,36.9,23.0,55.0,4.7,233.0,0.91,12.9,8.3,0,1,0,0,Never,Moderate,0,4.4,7,1,0,27,2025-09-21,0
P102883,21,Male,24.5,123.0,83.0,84.0,99.2,37.4,24.0,88.0,4.5,209.0,0.43,15.0,7.3,0,0,0,0,Current,Moderate,1,3.8,5,0,0,15,2024-07-08,0
P102884,43,Female,30.0,131.0,78.0,89.0,99.6,37.6,23.0,104.0,4.6,206.0,0.63,13.3,7.0,0,0,0,0,Former,Low,2,2.2,5,0,0,18,2025-11-29,0
P102885,29,Male,34.9,121.0,79.0,66.0,94.8,36.7,24.0,127.0,5.4,168.0,1.04,15.8,7.1,0,1,0,0,Never,Low,0,1.0,4,1,0,3,2024-12-06,1
P102886,86,Male,27.3,142.0,81.0,85.0,94.6,36.1,22.0,113.0,5.9,275.0,0.96,16.2,10.9,1,0,0,0,Current,High,0,3.3,10,0,1,9,2024-02-19,1
P102887,22,Female,30.4,136.0,63.0,64.0,96.0,37.6,16.0,91.0,5.7,204.0,0.98,12.9,7.6,0,0,0,0,Never,Low,0,4.6,3,0,0,15,2024-06-13,0
P102888,28,Female,20.0,166.0,81.0,50.0,97.3,37.6,23.0,55.0,4.1,192.0,0.87,14.0,7.6,0,0,0,0,Never,Moderate,1,1.0,1,0,0,18,2024-07-20,0
P102889,32,Male,28.8,135.0,86.0,67.0,95.6,37.0,13.0,127.0,5.4,204.0,0.96,16.6,2.4,0,0,0,0,Former,Moderate,0,4.3,4,1,0,14,2025-04-12,0
P102890,28,Male,27.2,97.0,81.0,86.0,97.3,37.7,26.0,115.0,5.1,190.0,0.94,15.8,9.1,0,0,0,0,Former,Moderate,0,4.3,2,1,0,3,2025-10-01,0
P102891,59,Female,33.9,153.0,100.0,76.0,100.0,37.0,15.0,142.0,6.1,146.0,1.24,12.6,8.4,1,0,0,0,Never,Moderate,0,1.0,1,1,1,15,2025-10-25,1
P102892,44,Male,24.7,128.0,72.0,70.0,94.0,36.3,21.0,112.0,6.0,206.0,1.22,14.3,8.3,0,0,0,0,Never,Moderate,0,1.5,4,0,0,21,2024-03-21,0
P102893,84,Male,26.2,170.0,77.0,77.0,95.7,36.1,23.0,158.0,6.3,140.0,1.1,13.1,8.4,0,1,1,0,Current,Low,1,1.8,9,4,1,20,2025-03-14,1
P102894,37,Female,33.0,155.0,83.0,76.0,94.0,36.1,20.0,90.0,4.8,199.0,0.9,15.9,5.3,0,0,0,0,Never,Moderate,2,3.4,5,0,0,15,2024-10-20,0
P102895,57,Male,27.0,124.0,85.0,83.0,95.0,36.8,11.0,112.0,5.9,134.0,1.01,15.1,6.6,1,0,1,0,Never,High,1,7.1,9,0,0,19,2024-04-26,1
P102896,66,Female,21.7,146.0,64.0,57.0,96.0,36.6,15.0,123.0,5.5,113.0,0.83,11.1,10.7,0,1,0,0,Never,Moderate,2,2.8,5,3,0,10,2025-09-29,0
P102897,63,Female,40.8,123.0,89.0,75.0,95.2,36.5,19.0,137.0,7.1,218.0,1.34,11.9,4.4,0,0,0,1,Current,Moderate,0,2.0,4,1,1,13,2024-10-07,0
P102898,76,Female,21.9,135.0,86.0,77.0,97.4,36.7,20.0,131.0,6.2,153.0,0.92,13.0,4.5,1,0,0,0,Never,Low,3,3.5,5,3,0,14,2025-10-17,1
P102899,32,Male,27.2,141.0,60.0,60.0,96.8,37.2,17.0,125.0,5.7,212.0,0.9,16.6,4.3,0,0,0,0,Former,Moderate,0,2.4,3,0,0,24,2025-03-27,0
P102900,55,Male,29.3,152.0,81.0,59.0,97.0,36.5,18.0,122.0,4.7,201.0,1.06,14.3,6.8,0,0,1,0,Current,Moderate,1,3.0,0,2,0,17,2025-03-06,0
P102901,76,Male,28.9,150.0,75.0,72.0,95.9,36.4,13.0,110.0,5.6,201.0,1.16,15.5,10.4,0,0,1,0,Former,Low,2,4.9,8,2,0,8,2024-05-17,1
P102902,81,Male,26.5,137.0,79.0,76.0,96.1,36.6,24.0,149.0,6.4,171.0,1.17,13.5,7.8,1,1,0,0,Never,Moderate,3,4.2,1,0,1,8,2024-03-08,1
P102903,63,Female,26.5,176.0,69.0,76.0,95.9,37.3,17.0,56.0,5.9,190.0,1.0,14.2,9.4,0,1,0,0,Never,Low,1,4.3,8,0,0,14,2024-05-25,0
P102904,65,Female,26.3,128.0,87.0,69.0,96.1,36.8,21.0,93.0,5.9,170.0,1.51,15.2,3.2,0,0,0,0,Current,Moderate,0,3.3,8,1,1,7,2024-05-23,0
P102905,81,Female,21.7,108.0,101.0,69.0,97.3,36.9,23.0,173.0,4.6,231.0,1.11,14.4,5.5,1,0,0,1,Former,Low,1,7.5,10,1,1,8,2025-07-07,1
P102906,63,Female,38.7,110.0,85.0,71.0,93.0,37.6,14.0,91.0,5.2,177.0,0.97,9.5,5.8,0,0,0,0,Current,Moderate,3,4.1,3,2,1,2,2024-07-03,0
P102907,87,Female,26.4,161.0,63.0,80.0,97.0,38.2,18.0,116.0,,186.0,1.61,13.0,10.4,0,0,0,1,Never,High,0,5.1,3,2,1,17,2024-07-07,1
P102908,27,Male,30.6,128.0,83.0,91.0,94.9,37.1,19.0,156.0,6.6,223.0,0.71,13.0,7.5,0,0,0,0,Former,Moderate,2,4.0,3,0,2,8,2025-06-23,0
P102909,43,Male,25.8,134.0,80.0,49.0,95.9,37.1,17.0,106.0,4.0,171.0,1.48,15.6,7.1,0,0,0,0,Never,High,0,1.0,2,0,1,13,2024-11-14,0
P102910,26,Male,25.7,120.0,70.0,83.0,93.7,36.2,21.0,78.0,4.6,127.0,0.4,,7.6,0,0,0,0,Never,Moderate,0,4.7,3,2,0,22,2024-08-14,0
P102911,24,Female,25.1,121.0,84.0,75.0,95.9,37.0,16.0,149.0,4.0,155.0,0.81,15.8,6.7,0,0,0,0,Former,Moderate,0,3.5,9,1,1,8,2025-10-25,0
P102912,52,Male,19.4,119.0,91.0,82.0,97.0,36.8,18.0,102.0,6.1,235.0,0.54,14.1,11.2,0,0,0,0,Former,High,0,2.9,5,2,1,13,2025-07-12,0
P102913,34,Female,26.7,138.0,74.0,90.0,97.3,37.2,17.0,101.0,6.7,198.0,0.57,13.3,11.1,0,1,0,0,Never,High,0,3.8,5,0,2,22,2025-01-18,1
P102914,47,Male,25.4,130.0,65.0,67.0,94.4,36.6,26.0,55.0,6.1,206.0,1.12,14.4,9.4,0,0,0,0,Never,Low,1,2.5,4,0,0,7,2024-04-03,0
P102915,49,Female,33.6,139.0,62.0,87.0,97.2,36.9,16.0,107.0,6.3,206.0,1.08,14.3,9.2,0,0,0,0,Never,Moderate,0,3.6,8,0,0,20,2024-04-26,0
P102916,63,Female,21.3,139.0,76.0,61.0,98.6,37.1,21.0,138.0,5.0,263.0,0.87,11.7,6.2,1,0,0,0,Current,Low,2,12.8,6,2,1,17,2024-08-20,1
P102917,87,Male,24.5,129.0,83.0,78.0,95.6,37.7,24.0,104.0,6.6,116.0,1.57,13.1,8.1,0,1,0,0,Never,Low,1,4.6,4,3,2,4,2024-01-20,0
P102918,80,Male,22.8,111.0,79.0,73.0,96.5,37.6,15.0,73.0,5.5,190.0,1.41,13.8,3.2,0,0,0,0,Former,Moderate,0,2.1,10,2,1,2,2025-10-20,0
P102919,45,Male,35.0,105.0,75.0,77.0,92.8,37.4,18.0,94.0,5.8,196.0,0.97,15.5,6.3,0,0,0,0,Former,Low,0,3.5,2,1,0,15,2025-08-06,0
P102920,41,Male,23.0,182.0,87.0,64.0,94.9,37.2,15.0,89.0,6.1,194.0,0.47,16.2,4.1,0,0,0,0,Former,High,2,3.4,1,0,0,27,2024-07-25,0
P102921,74,Male,30.4,160.0,88.0,81.0,97.0,36.6,11.0,107.0,5.8,225.0,1.34,14.5,8.2,0,0,0,0,Never,High,1,4.7,5,3,0,6,2024-01-16,0
P102922,27,Female,32.5,152.0,83.0,95.0,98.2,37.2,15.0,90.0,6.3,226.0,0.8,14.1,7.0,0,1,0,0,Former,Moderate,0,9.7,6,0,0,21,2024-02-27,0
P102923,57,Male,26.7,121.0,91.0,64.0,95.4,36.4,16.0,172.0,5.7,187.0,1.1,15.4,8.7,0,0,0,0,Current,Low,2,8.5,3,0,1,10,2025-04-30,1
P102924,48,Male,20.3,132.0,75.0,78.0,100.0,36.7,16.0,122.0,6.0,131.0,1.22,14.5,8.5,0,0,0,0,Former,Low,0,4.1,9,0,0,27,2024-07-17,1
P102925,31,Female,20.4,116.0,70.0,86.0,97.1,37.7,17.0,55.0,7.3,290.0,0.83,13.1,9.5,0,0,0,0,Never,Low,0,3.6,8,0,2,11,2024-11-26,0
P102926,63,Female,32.0,111.0,78.0,72.0,94.2,37.1,18.0,117.0,6.4,195.0,1.4,14.3,5.7,0,0,0,0,Never,Moderate,0,1.9,4,0,0,9,2025-02-17,0
P102927,41,Male,20.9,121.0,76.0,92.0,98.8,36.9,14.0,109.0,5.0,198.0,0.87,17.5,3.6,0,0,0,0,Former,Moderate,1,2.8,4,0,0,18,2025-09-21,0
P102928,31,Female,29.5,152.0,60.0,71.0,94.2,37.0,19.0,150.0,5.1,243.0,1.09,14.7,11.1,0,0,0,0,Former,Low,4,8.5,4,1,3,1,2025-12-23,1
P102929,65,Male,28.1,148.0,77.0,75.0,97.1,36.8,22.0,109.0,6.8,180.0,1.26,16.4,6.1,0,0,0,0,Never,Moderate,1,1.0,3,0,1,14,2024-05-21,0
P102930,30,Male,,113.0,92.0,64.0,94.8,35.7,23.0,102.0,6.5,244.0,1.2,17.7,7.1,0,0,0,0,Former,Low,0,4.4,6,2,1,14,2025-04-17,0
P102931,67,Male,30.0,129.0,91.0,78.0,94.1,36.2,17.0,180.0,6.0,183.0,1.54,13.6,9.4,0,0,0,0,Current,Moderate,1,2.5,10,2,2,8,2025-10-26,1
P102932,29,Male,22.6,142.0,86.0,76.0,98.2,37.1,21.0,71.0,4.2,265.0,0.71,15.7,6.6,0,0,0,0,Never,High,1,6.8,4,1,1,17,2024-09-13,0
P102933,49,Male,22.4,122.0,83.0,84.0,96.0,36.3,16.0,140.0,4.9,212.0,0.68,16.8,4.9,0,0,0,0,Never,Moderate,0,4.4,5,1,0,27,2024-05-10,0
P102934,76,Female,31.2,136.0,98.0,68.0,99.6,36.7,17.0,119.0,6.3,169.0,0.99,14.6,11.4,0,0,0,0,Former,High,1,2.4,3,1,1,9,2024-04-11,1
P102935,34,Male,24.2,137.0,70.0,68.0,94.7,36.2,19.0,92.0,6.1,278.0,1.8,13.7,6.1,0,0,0,0,Former,High,0,1.0,6,0,2,12,2024-07-24,0
P102936,74,Male,16.0,142.0,74.0,82.0,93.7,36.4,17.0,94.0,7.0,218.0,1.45,13.4,10.9,1,0,0,0,Former,Low,1,2.2,7,2,2,9,2025-02-26,0
P102937,70,Male,30.9,139.0,94.0,93.0,95.6,36.8,14.0,163.0,4.2,172.0,0.91,17.0,8.0,0,0,0,0,Never,Low,1,2.7,8,2,1,15,2025-04-20,1
P102938,83,Male,22.1,125.0,84.0,84.0,100.0,37.3,21.0,134.0,7.0,142.0,1.0,15.2,9.2,0,0,0,0,Former,Moderate,2,8.7,10,3,1,15,2025-04-20,1
P102939,30,Male,29.9,120.0,74.0,98.0,98.0,37.4,15.0,129.0,6.8,222.0,0.94,15.1,9.2,0,0,0,0,Current,High,2,3.0,4,1,1,11,2025-02-16,0
P102940,70,Female,34.7,115.0,89.0,83.0,97.5,36.4,16.0,147.0,4.0,248.0,1.14,13.2,6.4,0,1,0,0,Current,Moderate,0,1.0,7,4,2,1,2025-05-21,1
P102941,86,Female,27.6,110.0,80.0,82.0,97.6,37.0,22.0,130.0,6.2,210.0,1.29,15.5,8.4,0,0,0,1,Never,Low,5,5.1,9,0,0,21,2024-11-28,1
P102942,73,Female,32.7,133.0,75.0,84.0,95.6,36.1,20.0,79.0,6.8,208.0,,14.7,11.2,0,0,0,1,Former,Moderate,1,2.8,13,3,2,6,2025-02-04,0
P102943,31,Male,28.3,144.0,72.0,94.0,100.0,36.8,19.0,55.0,4.3,254.0,1.28,14.3,9.9,0,0,0,0,Never,Low,0,1.4,5,1,1,24,2025-07-01,0
P102944,78,Female,35.8,112.0,87.0,91.0,97.3,37.3,13.0,171.0,5.7,218.0,1.64,14.6,9.5,0,0,0,0,Current,Low,0,3.1,9,1,2,10,2025-10-28,1
P102945,25,Female,22.0,134.0,83.0,63.0,97.2,36.8,14.0,115.0,6.0,170.0,0.89,13.5,8.6,0,0,0,0,Current,High,0,3.5,3,1,0,16,2024-05-24,0
P102946,60,Female,27.5,147.0,98.0,86.0,98.3,37.5,19.0,117.0,5.4,172.0,0.97,,7.0,0,0,0,0,Former,High,1,3.1,6,1,0,15,2025-07-29,0
P102947,54,Male,31.0,101.0,79.0,79.0,94.2,37.2,20.0,176.0,5.5,216.0,0.91,16.6,5.5,0,1,0,0,Never,High,1,3.9,5,1,1,1,2024-10-23,1
P102948,56,Female,26.5,128.0,79.0,74.0,94.9,36.9,19.0,76.0,6.1,214.0,0.94,15.1,10.4,0,1,0,0,Never,Moderate,4,5.3,8,1,0,14,2024-10-23,0
P102949,55,Male,33.5,161.0,97.0,55.0,96.1,36.7,16.0,55.0,4.8,236.0,1.12,12.0,6.1,0,1,0,0,Former,High,0,3.0,6,1,0,12,2025-11-06,0
P102950,20,Female,25.3,138.0,90.0,58.0,98.3,36.5,16.0,55.0,4.5,209.0,1.09,14.0,6.3,0,0,0,0,Never,Low,0,2.2,7,0,0,1,2025-12-09,0
P102951,55,Male,38.3,101.0,84.0,72.0,94.2,36.1,19.0,94.0,6.3,221.0,1.5,16.8,7.3,1,1,0,0,Never,Low,0,1.0,10,0,1,16,2025-05-19,0
P102952,86,Female,38.5,148.0,69.0,58.0,96.4,36.2,14.0,123.0,7.1,208.0,0.91,12.1,4.3,0,0,0,0,Never,Low,1,2.7,7,3,1,8,2025-11-15,0
P102953,49,Male,29.0,119.0,74.0,72.0,96.1,37.3,18.0,161.0,6.1,232.0,1.1,17.6,6.5,0,1,0,0,Former,Moderate,1,2.5,7,0,1,1,2024-08-26,0
P102954,38,Female,30.4,142.0,71.0,85.0,93.7,37.6,13.0,139.0,6.9,223.0,0.73,14.1,5.7,0,0,0,0,Never,Low,0,2.7,6,0,1,10,2025-06-17,0
P102955,90,Male,33.7,125.0,85.0,69.0,95.6,36.3,14.0,55.0,6.7,185.0,1.23,16.0,4.4,1,1,0,0,Former,Moderate,2,2.1,8,2,1,17,2025-12-07,1
P102956,25,Female,21.3,128.0,75.0,77.0,97.5,36.8,19.0,206.0,7.2,188.0,1.67,14.6,4.7,0,0,0,0,Never,Moderate,0,1.0,6,0,3,5,2025-08-15,1
P102957,53,Male,20.7,123.0,98.0,63.0,93.8,36.0,20.0,98.0,5.9,207.0,0.97,12.6,7.2,0,0,0,0,Current,Low,1,1.7,2,0,0,14,2024-01-03,0
P102958,55,Female,34.0,133.0,67.0,80.0,99.0,36.3,19.0,156.0,6.1,199.0,1.7,14.7,9.3,0,1,0,0,Former,Low,1,4.4,4,0,2,8,2024-09-23,1
P102959,52,Female,28.9,123.0,71.0,82.0,97.3,36.9,14.0,131.0,6.2,245.0,0.77,13.9,7.0,0,0,0,0,Never,Low,0,1.8,6,0,1,21,2024-02-25,0
P102960,85,Male,26.3,132.0,87.0,59.0,97.1,36.5,11.0,118.0,5.7,203.0,0.98,13.9,5.0,1,1,1,0,Former,Low,0,2.6,5,1,0,26,2024-05-31,0
P102961,48,Male,27.6,112.0,87.0,67.0,96.5,35.8,18.0,103.0,5.1,141.0,0.9,17.0,5.9,0,1,1,0,Former,Moderate,1,4.1,4,0,0,25,2024-12-24,1
P102962,89,Female,16.0,145.0,58.0,61.0,94.5,37.7,11.0,80.0,5.5,150.0,1.17,10.4,7.9,0,1,0,0,Never,Moderate,0,2.2,4,1,1,16,2025-11-20,0
P102963,22,Male,26.5,132.0,63.0,82.0,95.3,36.8,21.0,62.0,5.0,186.0,0.87,13.7,9.5,0,0,0,0,Never,Low,2,1.8,3,2,0,24,2024-02-01,1
P102964,71,Male,23.6,107.0,81.0,78.0,97.2,36.2,14.0,110.0,7.9,222.0,1.28,16.8,9.1,1,0,1,0,Never,Moderate,2,5.2,8,1,1,7,2024-02-05,0
P102965,61,Female,32.3,150.0,96.0,75.0,95.3,36.9,26.0,65.0,7.6,167.0,0.4,14.7,7.7,0,0,0,0,Never,Low,0,1.2,2,2,1,18,2025-05-04,0
P102966,35,Male,32.7,127.0,100.0,74.0,96.8,36.8,15.0,167.0,5.3,220.0,0.68,13.8,10.2,0,0,0,0,Never,Low,0,1.0,2,0,1,22,2024-11-01,0
P102967,34,Male,30.5,133.0,77.0,80.0,94.9,37.0,20.0,113.0,5.2,166.0,1.48,13.5,6.2,0,0,0,0,Never,High,0,1.0,1,2,1,1,2025-04-28,0
P102968,70,Male,29.6,147.0,81.0,80.0,97.3,36.6,15.0,189.0,4.1,201.0,0.67,14.4,4.9,0,0,0,0,Current,Low,1,3.6,3,1,1,17,2025-09-20,0
P102969,64,Male,19.7,139.0,74.0,70.0,97.4,37.0,17.0,99.0,5.1,211.0,0.94,15.2,6.6,0,0,0,0,Former,Moderate,0,2.7,11,4,0,24,2024-02-16,1
P102970,62,Male,30.6,153.0,89.0,68.0,93.6,37.3,19.0,93.0,5.2,152.0,1.21,14.1,9.7,1,1,0,0,Never,Moderate,1,7.4,4,1,0,20,2024-03-06,0
P102971,21,Male,30.8,124.0,96.0,75.0,96.6,36.1,21.0,127.0,5.1,210.0,0.9,14.6,8.6,0,0,0,0,Current,High,4,5.8,3,0,0,28,2024-10-03,0
P102972,61,Male,34.0,151.0,95.0,74.0,93.8,36.5,22.0,105.0,5.4,256.0,0.8,14.9,9.4,0,0,0,0,Never,High,0,1.0,5,1,1,13,2024-07-02,0
P102973,89,Male,38.5,139.0,84.0,101.0,93.2,37.2,21.0,153.0,6.5,187.0,1.24,14.3,7.0,0,0,0,0,Former,Low,2,3.7,3,2,1,8,2024-11-26,1
P102974,19,Male,18.7,137.0,72.0,71.0,95.4,36.5,22.0,157.0,6.1,198.0,1.14,14.1,7.5,0,0,0,0,Never,Low,1,3.5,5,1,1,13,2024-03-23,0
P102975,52,Male,25.5,139.0,82.0,79.0,100.0,36.8,16.0,151.0,5.2,205.0,0.84,13.0,6.8,0,0,0,0,Never,Moderate,1,3.1,2,0,1,16,2024-05-18,0
P102976,54,Male,23.6,154.0,96.0,82.0,97.9,36.6,20.0,160.0,7.1,198.0,1.13,14.8,5.5,0,0,0,0,Former,Moderate,1,8.5,5,0,2,8,2024-02-17,0
P102977,83,Female,28.4,148.0,80.0,93.0,99.0,36.6,17.0,147.0,6.5,196.0,1.34,13.3,7.3,0,0,1,0,Former,Low,2,1.7,7,3,1,10,2024-05-23,1
P102978,38,Male,27.6,123.0,63.0,66.0,97.6,36.6,21.0,91.0,6.5,193.0,1.27,13.4,6.8,1,0,0,0,Never,Moderate,2,1.9,5,1,0,18,2024-07-07,0
P102979,52,Female,26.3,121.0,79.0,92.0,96.9,36.2,18.0,152.0,5.4,135.0,1.11,13.8,6.3,1,0,0,0,Never,High,1,1.3,5,0,1,18,2025-06-29,0
P102980,70,Female,32.8,134.0,80.0,74.0,98.1,37.0,20.0,140.0,6.5,212.0,1.54,15.2,8.4,0,1,0,0,Former,Low,1,3.6,4,3,1,23,2024-02-26,1
P102981,22,Female,21.8,116.0,62.0,106.0,95.3,37.3,19.0,85.0,5.9,154.0,0.93,13.5,7.5,0,0,0,0,Current,High,0,1.3,3,0,0,24,2024-04-27,0
P102982,76,Female,22.1,117.0,86.0,80.0,97.3,36.7,21.0,99.0,7.4,209.0,0.8,14.0,9.9,0,0,0,0,Current,Low,2,1.9,4,2,1,11,2024-04-08,1
P102983,78,Male,22.2,99.0,89.0,61.0,98.6,37.3,15.0,114.0,,222.0,1.02,16.3,5.5,0,0,0,0,Never,High,0,1.0,11,2,1,12,2025-10-10,0
P102984,70,Female,25.6,108.0,102.0,74.0,97.8,36.6,12.0,155.0,6.8,210.0,1.4,13.3,6.4,0,0,1,0,Never,High,2,3.2,4,3,2,15,2025-02-17,1
P102985,65,Male,21.1,168.0,70.0,92.0,98.7,36.5,21.0,119.0,5.5,161.0,0.79,16.1,3.7,0,0,0,0,Never,Moderate,0,1.7,3,2,0,13,2025-12-04,0
P102986,72,Female,27.2,123.0,91.0,77.0,96.8,37.0,23.0,116.0,7.1,207.0,0.44,9.9,5.3,0,0,0,0,Never,High,3,5.7,6,0,2,3,2024-02-14,0
P102987,75,Male,26.6,167.0,93.0,75.0,99.5,37.0,18.0,111.0,5.0,187.0,1.2,13.7,8.5,0,0,0,0,Never,Moderate,1,1.6,5,1,0,13,2025-03-12,0
P102988,83,Male,23.4,143.0,89.0,85.0,96.1,36.7,21.0,106.0,5.7,173.0,0.97,13.1,8.9,0,0,0,0,Never,High,1,1.6,5,3,0,15,2024-08-13,0
P102989,49,Male,32.0,131.0,72.0,72.0,100.0,37.1,12.0,71.0,6.0,273.0,1.63,16.9,8.6,0,1,0,0,Former,Moderate,0,2.0,5,0,2,7,2024-03-23,0
P102990,51,Male,27.2,107.0,71.0,73.0,97.5,36.2,16.0,140.0,4.8,161.0,1.08,15.7,9.8,0,0,0,0,Former,Low,1,1.8,5,1,0,15,2024-10-28,0
P102991,64,Male,33.0,134.0,84.0,65.0,95.8,36.6,18.0,79.0,5.1,214.0,1.39,13.0,8.3,0,1,0,0,Never,Moderate,2,2.3,5,2,0,16,2025-11-29,0
P102992,32,Female,26.5,162.0,82.0,97.0,94.4,37.3,12.0,111.0,4.8,253.0,0.81,11.9,7.4,1,0,0,0,Former,Low,0,3.5,6,0,1,15,2025-06-07,1
P102993,80,Male,27.4,162.0,78.0,61.0,95.0,37.3,13.0,103.0,6.5,210.0,1.26,12.7,8.6,0,0,0,0,Former,High,1,2.0,7,1,0,4,2025-03-17,1
P102994,74,Female,24.6,140.0,96.0,78.0,94.8,37.2,19.0,143.0,5.9,172.0,1.18,13.9,5.7,0,0,0,0,Never,Moderate,2,4.4,9,0,1,15,2024-06-25,1
P102995,64,Male,27.5,114.0,79.0,82.0,96.3,37.3,16.0,103.0,6.8,174.0,1.43,15.1,4.0,0,1,1,0,Never,Moderate,2,2.8,10,0,2,11,2024-06-25,0
P102996,40,Female,31.2,115.0,62.0,76.0,94.2,36.6,17.0,75.0,7.4,142.0,1.02,12.8,6.5,0,0,0,0,Former,Moderate,1,6.5,6,2,1,6,2025-10-30,0
P102997,43,Male,25.4,117.0,79.0,61.0,98.8,35.9,17.0,145.0,6.0,199.0,0.83,13.5,6.7,0,0,0,0,Former,Low,0,9.0,6,1,1,14,2025-07-21,0
P102998,49,Male,,154.0,87.0,64.0,96.7,36.7,14.0,83.0,5.3,200.0,1.29,14.7,7.5,0,0,0,0,Never,Low,1,4.4,6,0,0,16,2025-06-10,0
P102999,66,Male,23.3,162.0,86.0,82.0,96.6,37.1,17.0,120.0,6.3,185.0,0.85,18.0,5.7,0,0,0,0,Never,Low,0,4.2,9,1,0,12,2025-05-17,1
P103000,74,Female,31.4,138.0,87.0,67.0,94.4,37.2,18.0,161.0,5.3,249.0,0.84,12.8,6.1,0,0,0,0,Never,Moderate,1,7.5,8,0,2,9,2025-04-26,1
P103001,67,Female,24.5,129.0,98.0,51.0,95.1,36.5,16.0,90.0,5.9,194.0,1.04,15.1,8.8,0,0,0,0,Former,Moderate,2,1.0,4,2,0,7,2025-08-17,0
P103002,85,Male,31.9,163.0,73.0,81.0,92.5,36.3,16.0,115.0,8.4,136.0,1.01,14.3,4.8,0,0,0,0,Current,Low,0,3.3,5,0,1,16,2024-06-14,0
P103003,88,Male,27.8,120.0,80.0,66.0,99.4,36.4,17.0,104.0,6.1,253.0,1.12,16.2,7.1,0,1,0,0,Never,High,1,4.1,4,0,1,9,2025-10-06,1
P103004,69,Female,35.4,135.0,99.0,84.0,93.9,36.5,21.0,120.0,6.3,151.0,0.87,14.3,6.0,0,1,0,0,Current,Low,1,1.5,4,2,0,10,2024-01-27,1
P103005,45,Female,21.5,139.0,62.0,74.0,94.1,35.9,18.0,109.0,5.6,216.0,1.3,13.3,3.9,0,1,0,0,Former,Moderate,0,1.4,4,0,0,14,2025-11-09,0
P103006,61,Male,19.8,119.0,82.0,73.0,99.0,36.5,11.0,146.0,5.6,221.0,1.34,15.7,6.5,0,0,0,0,Current,Low,0,1.0,4,0,1,2,2025-12-01,0
P103007,49,Male,24.3,121.0,94.0,77.0,97.2,36.8,14.0,90.0,6.2,194.0,1.23,16.6,5.5,0,0,0,0,Former,Moderate,0,7.6,3,1,0,11,2024-11-28,0
P103008,63,Male,20.3,121.0,95.0,62.0,96.7,36.8,21.0,159.0,4.8,232.0,1.24,14.9,6.4,0,1,0,0,Current,Moderate,1,2.7,5,1,1,11,2024-06-09,0
P103009,77,Female,20.3,159.0,90.0,66.0,97.1,36.6,16.0,173.0,6.0,200.0,0.56,13.1,7.4,1,1,0,0,Current,High,1,1.0,9,2,1,10,2025-10-20,1
P103010,44,Female,30.7,164.0,88.0,73.0,98.2,36.5,18.0,120.0,4.5,183.0,1.01,14.4,2.9,1,0,0,0,Never,Moderate,0,2.1,17,1,0,25,2024-01-12,1
P103011,54,Male,27.5,134.0,72.0,62.0,96.7,36.5,25.0,85.0,7.2,117.0,1.25,17.2,9.3,1,0,0,0,Never,Moderate,0,2.9,5,4,1,9,2024-05-30,1
P103012,21,Male,25.0,124.0,94.0,85.0,93.7,36.5,20.0,105.0,6.3,131.0,1.29,12.7,13.3,0,0,0,0,Never,High,1,1.5,2,0,1,14,2024-05-13,0
P103013,71,Male,25.5,124.0,71.0,72.0,97.8,37.2,10.0,111.0,5.4,301.0,1.01,12.9,5.4,0,0,0,0,Current,Moderate,0,1.0,3,2,1,13,2024-07-27,0
P103014,53,Female,24.4,132.0,71.0,59.0,97.3,36.8,23.0,175.0,4.2,225.0,1.37,15.5,6.1,0,0,0,0,Never,Moderate,0,1.4,5,0,1,15,2025-01-22,1
P103015,51,Male,36.1,123.0,86.0,69.0,98.6,38.4,19.0,109.0,6.3,244.0,1.09,,5.6,0,1,0,0,Current,Moderate,1,3.1,5,0,1,18,2024-11-07,0
P103016,56,Male,23.7,131.0,77.0,77.0,94.3,36.6,19.0,161.0,5.8,292.0,0.4,16.7,5.1,0,0,0,0,Current,Moderate,1,3.6,1,1,2,5,2025-10-20,0
P103017,33,Male,20.6,137.0,83.0,71.0,95.2,37.0,19.0,113.0,7.6,183.0,0.92,13.8,11.3,0,1,0,0,Never,Moderate,0,3.6,3,2,2,6,2024-03-11,0
P103018,61,Male,31.6,126.0,87.0,81.0,97.2,36.6,21.0,116.0,7.2,191.0,0.8,14.1,6.6,0,0,0,1,Never,Moderate,2,3.2,6,5,1,1,2024-10-04,0
P103019,72,Female,26.4,131.0,101.0,83.0,94.8,36.6,18.0,104.0,6.6,134.0,0.89,14.9,8.7,0,0,0,0,Never,Low,3,6.5,3,2,1,10,2025-07-09,0
P103020,43,Male,38.1,128.0,86.0,105.0,92.3,37.6,13.0,102.0,5.2,186.0,1.27,15.9,9.6,1,0,0,0,Never,Low,0,8.2,6,0,0,15,2024-10-11,0
P103021,27,Male,24.8,124.0,74.0,90.0,96.9,37.3,19.0,139.0,5.3,185.0,1.01,13.1,9.4,0,0,0,0,Former,Moderate,0,2.6,4,1,0,23,2024-09-22,0
P103022,46,Female,31.9,124.0,89.0,56.0,98.1,35.9,13.0,86.0,6.0,182.0,0.84,14.3,9.5,1,0,0,1,Never,Moderate,0,3.1,6,2,0,15,2025-01-11,0
P103023,32,Male,33.1,143.0,73.0,72.0,96.3,36.3,24.0,142.0,5.9,237.0,0.76,13.8,4.6,0,0,0,0,Never,High,0,1.0,2,1,1,25,2024-11-05,0
P103024,45,Male,24.8,101.0,91.0,73.0,97.5,36.7,17.0,162.0,5.1,224.0,1.11,15.4,9.1,0,1,0,0,Current,High,0,5.6,3,1,1,16,2024-09-04,0
P103025,63,Female,23.6,160.0,83.0,83.0,97.2,36.5,18.0,94.0,4.7,232.0,0.99,13.5,6.5,0,0,0,0,Former,Moderate,0,4.7,3,0,0,30,2025-04-04,1
P103026,26,Female,31.4,131.0,85.0,65.0,96.5,36.0,16.0,150.0,7.2,151.0,1.12,13.1,10.6,0,0,0,0,Never,Low,0,1.0,4,1,2,21,2025-08-23,0
P103027,72,Male,30.5,145.0,66.0,70.0,96.7,36.9,19.0,153.0,6.1,198.0,0.83,13.9,5.5,0,0,0,0,Former,Moderate,1,1.5,5,1,1,9,2025-10-10,0
P103028,34,Male,20.2,142.0,59.0,61.0,98.9,35.9,20.0,140.0,6.0,210.0,0.85,12.3,4.9,0,0,0,0,Never,Low,0,6.1,5,3,0,20,2024-03-01,0
P103029,83,Female,21.6,124.0,69.0,69.0,94.8,36.9,16.0,96.0,5.4,268.0,0.79,12.4,7.2,0,1,0,0,Former,High,1,4.9,8,4,1,12,2025-12-14,1
P103030,71,Male,16.0,119.0,101.0,69.0,97.9,37.2,20.0,112.0,7.3,201.0,0.91,15.8,8.4,1,0,0,0,Never,High,0,2.1,4,1,1,1,2024-10-16,0
P103031,37,Female,30.6,113.0,70.0,72.0,94.4,37.2,18.0,105.0,6.6,191.0,1.57,14.1,3.6,0,0,0,0,Never,Low,3,5.4,5,2,2,1,2025-09-07,0
P103032,59,Female,26.1,129.0,90.0,62.0,95.1,36.7,18.0,187.0,6.0,238.0,0.82,12.1,6.3,0,1,0,0,Never,Moderate,0,4.2,4,1,1,8,2025-06-18,1
P103033,26,Male,26.7,141.0,74.0,88.0,98.7,37.6,15.0,107.0,5.7,187.0,0.8,16.4,5.0,0,0,0,0,Former,Moderate,1,1.8,3,0,0,13,2025-02-18,0
P103034,25,Female,18.7,119.0,78.0,82.0,94.3,37.0,26.0,101.0,5.8,215.0,0.69,13.9,9.0,1,1,0,0,Former,High,0,2.4,5,0,0,18,2025-09-30,0
P103035,87,Male,21.8,147.0,84.0,59.0,96.1,37.2,22.0,78.0,6.3,214.0,1.06,15.7,6.0,0,0,0,0,Never,High,2,4.6,8,0,0,19,2024-07-11,0
P103036,76,Female,25.0,95.0,100.0,76.0,100.0,36.4,21.0,83.0,6.6,177.0,1.06,11.8,9.4,0,0,0,0,Former,Moderate,0,2.8,3,1,1,10,2024-01-22,0
P103037,29,Male,24.0,123.0,87.0,57.0,98.3,37.6,22.0,84.0,5.9,171.0,1.28,17.5,5.7,0,0,0,0,Never,Low,0,1.4,8,1,0,7,2025-11-11,0
P103038,38,Male,,150.0,85.0,92.0,95.2,36.8,19.0,122.0,5.5,194.0,0.85,15.5,7.8,0,0,0,0,Former,Low,0,3.6,2,2,0,17,2025-07-08,0
P103039,32,Female,30.5,127.0,94.0,95.0,95.5,37.6,17.0,59.0,4.5,179.0,0.98,15.7,4.4,0,0,0,0,Never,Moderate,0,6.2,3,0,0,4,2024-09-15,0
P103040,46,Female,39.3,117.0,75.0,75.0,96.2,37.5,10.0,88.0,5.7,138.0,0.46,12.5,6.9,0,0,0,0,Current,Moderate,2,6.3,3,2,0,6,2024-11-23,1
P103041,39,Male,27.4,120.0,92.0,66.0,98.9,36.9,14.0,55.0,,222.0,0.72,12.1,5.0,0,0,0,0,Never,High,3,4.2,2,0,0,17,2024-05-19,0
P103042,41,Female,33.3,90.0,90.0,68.0,94.7,37.0,26.0,159.0,6.3,217.0,1.28,12.0,10.2,0,0,0,0,Never,Moderate,0,6.8,5,1,1,1,2024-03-27,1
P103043,56,Male,23.2,116.0,91.0,71.0,94.6,36.7,22.0,117.0,7.1,167.0,0.78,16.4,9.3,0,0,0,0,Never,Low,1,6.5,3,3,1,8,2025-04-11,0
P103044,31,Male,18.8,148.0,79.0,75.0,97.8,36.4,19.0,119.0,6.8,163.0,1.16,13.1,7.6,0,0,0,0,Never,Moderate,1,2.2,1,2,1,5,2025-04-25,0
P103045,82,Male,25.7,126.0,80.0,92.0,93.5,37.1,12.0,80.0,6.8,214.0,0.84,17.1,9.2,0,1,0,0,Never,Moderate,4,1.2,6,2,1,17,2024-10-06,0
P103046,71,Male,19.2,127.0,75.0,87.0,94.9,37.1,20.0,156.0,6.2,262.0,1.01,13.7,6.1,0,0,0,0,Never,Moderate,1,2.2,4,2,2,1,2024-04-01,0
P103047,73,Female,27.6,95.0,75.0,88.0,96.3,36.0,17.0,169.0,6.4,234.0,1.55,,8.4,0,0,0,0,Former,Moderate,1,3.2,8,1,2,14,2025-09-01,0
P103048,30,Female,23.4,102.0,72.0,78.0,96.4,36.8,20.0,111.0,5.0,241.0,1.15,13.8,7.0,1,0,0,0,Never,Moderate,0,4.5,5,3,1,13,2025-06-15,0
P103049,69,Female,17.3,155.0,87.0,62.0,94.0,37.2,14.0,99.0,6.7,183.0,0.51,13.0,8.2,1,0,0,0,Current,Low,1,1.0,11,0,1,20,2025-12-14,1
P103050,79,Male,36.5,146.0,81.0,67.0,97.1,37.5,16.0,137.0,,,1.99,14.4,7.4,0,1,1,1,Never,Low,0,5.7,7,8,2,1,2025-08-19,1
P103051,30,Female,24.7,108.0,85.0,77.0,97.5,37.2,21.0,134.0,6.5,190.0,0.65,11.9,7.0,0,0,0,0,Never,High,0,5.4,5,0,0,25,2025-08-17,0
P103052,72,Male,19.0,124.0,88.0,62.0,95.3,36.0,25.0,146.0,6.6,167.0,1.59,17.8,3.5,0,0,1,0,Former,Moderate,0,3.4,5,1,3,7,2025-02-02,0
P103053,44,Female,32.2,131.0,71.0,80.0,99.5,36.3,16.0,134.0,5.5,202.0,0.86,14.2,5.9,0,0,0,0,Current,Moderate,1,1.5,2,1,0,10,2024-07-16,0
P103054,75,Female,23.7,115.0,73.0,86.0,97.1,36.6,15.0,150.0,5.8,162.0,0.73,11.0,10.8,0,0,0,0,Former,Moderate,1,3.6,7,1,1,25,2025-05-21,1
P103055,52,Female,33.2,98.0,80.0,83.0,94.7,37.5,22.0,88.0,5.7,167.0,0.88,11.4,6.9,1,0,0,0,Never,Moderate,2,9.6,6,0,0,23,2025-07-06,0
P103056,76,Female,23.7,132.0,76.0,82.0,99.4,36.5,14.0,149.0,5.5,178.0,0.9,14.2,5.7,0,1,1,0,Former,High,1,3.8,7,4,1,8,2024-12-30,1
P103057,28,Male,24.7,139.0,72.0,54.0,95.6,37.3,14.0,92.0,5.8,182.0,0.78,14.8,7.3,0,0,0,0,Never,High,1,2.2,7,1,0,18,2024-02-26,0
P103058,46,Female,29.3,142.0,99.0,92.0,96.8,36.5,19.0,55.0,4.0,194.0,1.0,10.7,4.1,0,0,0,0,Former,Low,0,1.0,6,0,1,15,2024-06-19,0
P103059,37,Female,30.6,145.0,66.0,57.0,95.6,37.1,25.0,93.0,5.2,116.0,1.09,17.2,6.2,1,0,0,0,Never,Low,0,2.7,7,0,0,19,2024-07-08,1
P103060,36,Male,31.5,104.0,101.0,74.0,97.6,36.3,15.0,90.0,5.7,160.0,1.36,10.6,7.5,0,0,0,0,Never,Low,1,6.2,2,0,1,24,2024-07-30,0
P103061,40,Female,27.0,132.0,84.0,83.0,95.6,36.7,17.0,119.0,7.9,255.0,1.03,12.7,8.1,0,0,0,0,Former,Low,0,3.6,10,2,2,1,2025-10-24,1
P103062,45,Male,30.2,127.0,92.0,80.0,95.7,36.2,18.0,140.0,5.7,195.0,1.01,14.8,7.9,0,0,0,0,Current,High,1,4.1,7,0,0,23,2025-05-20,0
P103063,27,Male,31.4,128.0,89.0,61.0,96.2,37.5,16.0,115.0,5.6,216.0,0.73,,10.2,0,0,0,0,Never,Moderate,0,1.0,9,1,0,12,2025-10-09,1
P103064,69,Female,28.5,131.0,89.0,63.0,95.6,36.5,12.0,186.0,5.3,211.0,0.98,14.7,5.8,1,0,0,0,Never,Moderate,1,2.5,7,2,1,1,2024-03-08,1
P103065,58,Female,26.8,122.0,99.0,79.0,98.4,36.0,21.0,95.0,7.4,191.0,0.88,14.2,4.2,1,0,1,0,Never,Moderate,2,5.1,7,4,1,1,2025-05-13,0
P103066,78,Male,20.0,90.0,73.0,82.0,94.2,36.0,19.0,55.0,5.4,161.0,0.7,15.0,6.4,1,0,0,0,Current,High,0,3.0,8,2,0,5,2024-09-06,0
P103067,69,Female,30.6,154.0,82.0,63.0,96.4,36.8,19.0,125.0,7.9,174.0,1.77,13.3,6.0,0,1,0,1,Never,High,1,7.5,8,2,2,2,2025-12-03,1
P103068,28,Female,27.7,135.0,72.0,81.0,96.7,36.6,18.0,89.0,4.9,269.0,1.0,14.2,7.5,0,0,0,0,Former,High,0,2.6,3,1,1,2,2024-12-09,0
P103069,23,Male,25.3,104.0,63.0,58.0,96.3,37.1,23.0,69.0,6.3,175.0,0.99,14.5,6.6,0,0,0,0,Never,Low,2,5.1,3,0,0,20,2024-07-12,0
P103070,48,Male,34.1,140.0,75.0,83.0,98.2,36.7,16.0,101.0,5.7,,1.33,12.5,7.4,0,0,1,0,Former,Moderate,0,5.4,9,0,1,9,2025-06-22,0
P103071,53,Male,20.1,125.0,101.0,65.0,93.8,37.4,14.0,85.0,5.3,179.0,0.4,16.3,7.4,0,0,1,0,Current,Moderate,0,2.3,3,2,0,22,2025-02-05,0
P103072,35,Female,36.0,123.0,79.0,77.0,97.5,36.6,24.0,85.0,6.5,183.0,1.58,16.0,8.9,0,0,0,0,Never,Moderate,0,3.0,2,1,1,23,2025-05-08,0
P103073,75,Male,27.4,122.0,103.0,75.0,94.3,37.3,10.0,170.0,7.3,198.0,0.83,14.9,7.1,0,1,1,1,Former,Low,0,3.3,6,4,2,10,2025-11-22,1
P103074,60,Female,29.2,142.0,103.0,90.0,95.6,36.3,17.0,118.0,5.8,188.0,0.78,13.6,7.6,0,0,0,0,Former,Moderate,0,3.2,5,2,0,20,2025-03-16,1
P103075,72,Female,25.4,121.0,113.0,79.0,94.1,36.0,18.0,107.0,6.0,159.0,0.91,13.4,10.7,0,0,0,0,Never,High,0,4.8,6,0,0,32,2024-01-26,0
P103076,25,Female,18.8,110.0,100.0,69.0,95.9,36.4,18.0,163.0,5.1,194.0,1.2,11.4,3.9,0,0,0,0,Current,Moderate,0,10.0,4,3,1,9,2024-01-17,1
P103077,77,Male,26.8,154.0,107.0,80.0,95.5,36.2,13.0,107.0,6.3,139.0,1.68,14.0,7.5,1,0,1,0,Former,Low,1,5.1,3,1,1,15,2024-06-15,0
P103078,33,Male,29.2,127.0,84.0,102.0,99.4,36.2,14.0,66.0,4.6,209.0,1.41,16.0,6.9,0,0,0,0,Never,High,0,5.6,2,1,1,16,2025-06-28,0
P103079,50,Female,31.0,129.0,84.0,85.0,96.9,37.0,21.0,66.0,4.0,204.0,0.87,13.8,7.2,0,0,0,0,Never,Moderate,0,3.8,4,0,0,26,2025-06-21,0
P103080,50,Female,26.5,144.0,85.0,75.0,97.3,36.7,23.0,109.0,4.1,223.0,0.5,16.0,8.3,1,0,0,0,Current,Moderate,1,2.7,1,1,0,10,2025-12-19,0
P103081,77,Male,16.1,124.0,84.0,66.0,94.5,36.9,17.0,59.0,5.9,176.0,0.96,15.9,5.5,0,0,0,0,Never,Moderate,0,1.0,7,0,0,21,2025-06-13,1
P103082,38,Female,19.5,123.0,83.0,69.0,97.8,37.1,15.0,69.0,4.7,223.0,0.78,12.8,6.0,0,0,0,0,Current,High,0,2.9,2,1,0,9,2025-02-14,0
P103083,35,Female,38.2,135.0,89.0,84.0,99.4,36.0,12.0,96.0,5.5,211.0,0.49,14.4,8.6,0,0,0,0,Never,Low,1,8.5,6,0,0,31,2025-07-06,0
P103084,42,Female,21.8,105.0,77.0,65.0,98.1,37.1,21.0,150.0,5.2,200.0,1.14,13.1,6.8,0,0,0,0,Current,Moderate,0,3.6,5,0,1,16,2025-09-13,0
P103085,44,Male,34.9,135.0,68.0,76.0,94.1,36.2,21.0,156.0,5.1,270.0,0.98,12.4,5.2,0,0,0,0,Never,High,0,1.5,7,1,2,12,2024-04-05,0
P103086,31,Female,22.6,117.0,84.0,93.0,95.7,36.5,10.0,132.0,5.0,213.0,1.08,15.0,8.7,0,0,0,0,Former,High,0,6.3,5,2,0,8,2025-04-19,0
P103087,30,Female,26.6,144.0,74.0,78.0,96.7,35.9,10.0,108.0,6.4,177.0,1.14,14.2,8.4,0,0,0,0,Current,High,0,3.0,3,3,0,7,2024-09-13,0
P103088,34,Female,30.8,139.0,75.0,63.0,95.5,37.1,18.0,89.0,5.8,253.0,1.14,17.8,7.5,0,0,0,0,Never,Moderate,1,1.6,5,1,1,11,2024-04-10,0
P103089,52,Male,23.2,139.0,81.0,102.0,100.0,36.0,19.0,126.0,7.2,214.0,0.99,14.0,8.0,0,0,1,0,Current,High,0,3.9,3,5,1,13,2024-09-16,1
P103090,43,Female,35.8,104.0,78.0,97.0,95.6,36.2,16.0,173.0,5.8,263.0,,14.5,8.3,0,1,0,0,Former,Moderate,1,1.6,3,1,3,21,2024-08-06,1
P103091,46,Male,27.9,130.0,93.0,82.0,96.4,36.2,18.0,116.0,4.0,125.0,0.85,13.7,7.0,0,0,1,0,Former,High,2,3.1,7,1,0,11,2024-12-23,1
P103092,70,Female,29.9,114.0,82.0,91.0,95.4,36.7,17.0,99.0,5.1,184.0,0.88,12.1,7.8,0,0,1,0,Never,Low,1,4.6,3,2,0,17,2024-07-14,0
P103093,35,Male,26.1,130.0,93.0,73.0,96.9,36.7,18.0,104.0,5.7,184.0,0.89,18.0,4.8,0,0,0,0,Former,Low,1,5.9,1,2,0,1,2024-04-28,1
P103094,84,Male,30.9,97.0,86.0,85.0,99.0,37.2,15.0,109.0,6.4,123.0,1.25,11.7,6.7,0,0,0,1,Current,High,1,7.8,5,4,0,23,2025-02-16,0
P103095,72,Male,35.7,108.0,82.0,71.0,96.7,36.7,18.0,135.0,5.5,201.0,1.26,14.8,9.1,1,1,0,0,Never,Moderate,1,5.4,2,1,0,9,2025-07-27,0
P103096,30,Male,26.8,150.0,82.0,60.0,96.1,37.3,16.0,82.0,4.8,181.0,0.84,17.4,11.5,0,0,0,1,Former,High,0,5.9,3,0,1,18,2024-02-04,0
P103097,40,Male,36.5,137.0,68.0,107.0,94.6,37.0,15.0,124.0,5.1,119.0,0.88,12.5,7.4,0,1,0,0,Never,Moderate,0,8.9,3,0,0,29,2024-10-02,1
P103098,31,Male,24.3,124.0,84.0,59.0,98.7,36.3,11.0,128.0,5.4,166.0,1.31,14.1,5.3,0,0,0,0,Never,Moderate,0,1.0,6,0,0,9,2025-10-12,1
P103099,37,Female,31.5,115.0,90.0,80.0,96.2,36.5,17.0,122.0,5.6,248.0,0.59,14.8,6.4,0,0,0,0,Never,Moderate,1,4.1,7,1,1,10,2025-08-02,0
P103100,44,Male,30.0,113.0,92.0,79.0,96.2,37.6,21.0,73.0,4.7,230.0,1.75,13.0,4.2,1,0,0,0,Current,Moderate,0,1.0,6,0,1,22,2024-07-06,0
P103101,27,Female,21.9,133.0,67.0,82.0,92.3,37.4,17.0,103.0,5.7,168.0,0.85,13.9,8.5,0,0,0,0,Former,Moderate,0,12.9,3,0,0,12,2025-02-16,0
P103102,19,Male,28.6,122.0,65.0,75.0,96.3,37.2,17.0,88.0,5.6,167.0,0.85,13.6,7.2,0,0,0,0,Current,Low,0,5.9,4,3,0,5,2025-11-20,0
P103103,50,Female,27.5,158.0,77.0,75.0,95.8,37.3,22.0,109.0,5.7,228.0,1.1,15.4,5.2,0,0,0,0,Never,Moderate,0,1.3,9,1,0,23,2025-03-01,0
P103104,69,Male,23.1,131.0,97.0,78.0,93.2,37.0,22.0,92.0,5.4,120.0,1.21,16.8,6.8,0,0,0,0,Former,Moderate,1,3.6,8,1,0,19,2024-02-04,1
P103105,40,Female,29.4,132.0,84.0,82.0,98.3,37.0,24.0,154.0,6.3,218.0,0.79,12.7,8.5,1,0,0,0,Former,High,0,2.1,6,1,1,9,2025-02-17,1
P103106,80,Male,28.3,112.0,76.0,76.0,95.5,36.8,26.0,124.0,7.4,125.0,1.18,10.5,7.2,0,0,0,0,Never,High,1,1.3,5,2,2,23,2025-08-03,1
P103107,44,Male,27.1,125.0,67.0,75.0,99.9,37.6,18.0,55.0,5.3,257.0,0.72,15.6,5.8,0,0,0,0,Never,Moderate,0,2.9,6,0,1,1,2024-12-08,0
P103108,83,Female,27.1,139.0,77.0,60.0,99.0,36.6,14.0,71.0,5.6,220.0,0.93,14.9,9.2,0,1,0,0,Never,Moderate,0,10.3,6,1,0,5,2024-08-22,1
P103109,35,Female,27.0,124.0,74.0,100.0,95.2,36.9,16.0,151.0,6.0,125.0,0.51,14.2,7.8,0,0,0,0,Never,High,0,3.2,5,0,1,22,2025-11-18,0
P103110,57,Male,25.6,125.0,92.0,82.0,99.0,35.9,20.0,107.0,4.8,181.0,1.06,15.4,5.6,0,0,0,0,Never,High,0,6.1,3,0,0,8,2025-08-31,0
P103111,73,Female,28.2,140.0,94.0,79.0,99.4,36.1,23.0,102.0,4.9,207.0,1.02,13.8,7.2,0,0,0,1,Never,Low,1,6.4,6,5,0,5,2025-06-10,1
P103112,22,Male,24.2,154.0,70.0,69.0,95.5,37.7,14.0,146.0,4.9,119.0,,14.3,2.9,0,0,0,0,Never,High,1,2.9,6,1,1,20,2024-09-15,1
P103113,85,Male,41.3,139.0,92.0,64.0,94.6,37.1,19.0,113.0,6.5,193.0,,13.7,7.7,0,1,0,1,Former,Low,2,4.7,8,2,0,3,2024-11-11,1
P103114,44,Male,20.2,151.0,88.0,86.0,92.6,36.7,15.0,69.0,4.9,213.0,0.97,14.9,12.7,0,0,0,0,Never,Low,2,3.4,5,0,1,19,2024-01-21,0
P103115,54,Female,24.5,143.0,70.0,74.0,97.2,36.8,17.0,73.0,5.8,116.0,1.25,13.0,9.3,0,0,0,0,Former,High,1,1.2,6,0,0,21,2025-10-21,0
P103116,63,Male,24.9,152.0,82.0,83.0,94.7,36.1,17.0,136.0,4.1,223.0,0.68,15.8,6.8,0,0,0,0,Never,Low,0,1.0,5,2,0,15,2024-04-06,0
P103117,64,Male,38.1,123.0,86.0,60.0,97.2,36.6,19.0,186.0,6.5,190.0,0.96,13.5,7.6,0,0,0,0,Never,Low,0,2.1,9,1,1,34,2024-06-24,1
P103118,19,Male,20.6,125.0,82.0,95.0,95.5,36.1,25.0,136.0,6.7,230.0,0.6,14.1,8.2,0,0,0,0,Former,Low,1,1.0,6,1,1,17,2025-04-18,0
P103119,81,Female,29.7,132.0,67.0,87.0,95.1,36.7,20.0,104.0,5.4,186.0,1.3,13.5,8.3,0,0,0,0,Current,Moderate,1,2.3,1,1,0,20,2025-02-08,0
P103120,63,Male,28.8,143.0,84.0,75.0,95.5,37.1,16.0,106.0,6.4,155.0,0.85,13.6,6.9,0,0,1,0,Never,Moderate,3,11.4,6,3,0,15,2025-03-12,1
P103121,90,Female,29.2,150.0,91.0,82.0,94.2,37.0,16.0,121.0,6.1,151.0,1.27,11.3,2.8,1,1,0,1,Never,Moderate,1,5.8,6,3,0,6,2024-05-31,1
P103122,52,Female,33.9,134.0,98.0,85.0,95.5,37.6,17.0,55.0,5.9,183.0,0.91,14.3,6.4,0,1,0,0,Never,High,0,3.6,6,0,0,24,2025-02-21,0
P103123,62,Female,33.8,148.0,76.0,60.0,95.2,36.9,15.0,115.0,5.7,188.0,0.56,11.4,5.9,0,0,0,0,Current,Low,1,3.3,5,1,0,19,2025-06-02,0
P103124,50,Female,25.2,122.0,77.0,96.0,96.5,35.6,18.0,132.0,5.5,235.0,0.98,13.6,6.9,0,0,1,0,Current,High,2,4.8,8,1,0,12,2024-09-02,1
P103125,82,Male,28.5,151.0,82.0,82.0,96.7,37.8,10.0,180.0,5.4,184.0,0.76,15.6,5.6,1,0,1,0,Current,Low,1,4.1,10,3,1,8,2024-10-12,1
P103126,78,Male,17.8,153.0,87.0,68.0,94.6,36.4,17.0,155.0,5.2,136.0,1.4,16.9,8.3,0,0,0,0,Former,Low,2,9.2,8,0,1,12,2025-04-23,1
P103127,84,Female,28.0,148.0,85.0,63.0,98.5,36.9,18.0,186.0,7.2,178.0,1.61,16.8,11.2,0,0,1,1,Former,Low,3,7.2,4,4,4,1,2025-08-06,1
P103128,54,Male,23.4,135.0,88.0,88.0,96.2,36.9,14.0,172.0,4.3,137.0,1.19,16.7,9.1,0,0,0,0,Current,High,2,5.4,10,1,1,14,2025-06-06,0
P103129,75,Male,26.5,147.0,72.0,79.0,99.2,36.9,17.0,165.0,6.1,208.0,0.9,13.7,7.0,0,1,0,0,Current,Moderate,0,5.7,3,1,1,8,2024-09-06,0
P103130,44,Male,18.7,116.0,86.0,82.0,96.9,36.8,22.0,112.0,5.7,217.0,0.99,14.3,10.1,0,0,0,0,Current,Moderate,1,6.6,4,2,0,11,2024-06-06,0
P103131,51,Female,29.6,135.0,75.0,76.0,96.6,36.8,22.0,124.0,5.8,224.0,1.08,13.8,9.0,0,0,0,0,Never,Moderate,0,1.1,4,0,0,17,2024-07-30,0
P103132,73,Female,18.7,140.0,82.0,64.0,95.6,36.1,16.0,58.0,6.7,184.0,1.37,13.3,8.6,1,0,0,0,Former,Moderate,0,1.3,7,2,1,8,2024-02-16,0
P103133,23,Male,28.3,106.0,97.0,82.0,97.6,38.1,20.0,112.0,5.1,168.0,0.87,15.0,6.0,0,0,0,0,Never,Low,1,6.7,3,0,0,15,2025-08-05,0
P103134,69,Female,21.1,142.0,69.0,74.0,96.6,37.1,13.0,135.0,6.6,176.0,1.17,15.2,6.8,0,0,0,0,Former,High,2,2.4,6,0,1,18,2024-02-04,0
P103135,19,Female,23.1,107.0,77.0,76.0,98.0,36.8,17.0,97.0,7.2,192.0,0.44,13.5,8.3,0,0,0,1,Never,Moderate,2,3.2,4,1,1,16,2025-07-30,0
P103136,60,Female,33.5,126.0,70.0,105.0,99.4,37.7,19.0,60.0,5.8,176.0,1.1,14.7,11.4,0,1,1,0,Never,Moderate,0,4.4,6,2,1,5,2024-11-18,0
P103137,52,Female,30.6,133.0,84.0,86.0,95.2,36.3,23.0,168.0,4.0,256.0,0.77,,10.0,0,0,0,0,Current,Moderate,0,8.0,7,1,2,1,2024-03-18,1
P103138,52,Female,33.5,120.0,93.0,87.0,97.6,37.2,22.0,127.0,5.7,181.0,1.02,14.1,8.3,0,0,0,0,Former,High,1,5.7,3,2,0,16,2025-01-28,0
P103139,54,Male,35.6,134.0,84.0,109.0,97.6,36.5,19.0,173.0,5.6,191.0,0.72,12.2,7.4,0,1,0,0,Never,Moderate,1,6.4,6,1,1,9,2024-01-12,0
P103140,53,Female,23.5,133.0,81.0,81.0,97.3,37.0,15.0,139.0,6.2,166.0,1.12,15.0,8.6,0,1,1,0,Current,Moderate,2,2.7,3,2,0,17,2024-11-04,0
P103141,47,Male,35.3,118.0,95.0,77.0,95.7,37.0,23.0,159.0,4.0,167.0,1.17,,8.2,0,0,0,0,Never,High,0,1.5,4,0,1,19,2024-01-09,0
P103142,50,Male,19.9,142.0,85.0,68.0,95.8,35.6,17.0,153.0,6.1,147.0,0.93,12.7,10.2,1,0,0,1,Current,High,0,2.5,11,0,1,21,2024-12-21,1
P103143,59,Female,31.4,120.0,91.0,71.0,95.4,36.1,20.0,90.0,5.5,156.0,0.78,12.9,4.9,0,1,1,0,Never,Low,1,2.6,5,2,0,1,2025-07-24,0
P103144,73,Female,24.9,174.0,91.0,51.0,95.4,37.6,18.0,98.0,,266.0,1.23,14.0,7.2,0,0,0,0,Never,High,1,7.3,7,1,2,21,2024-05-24,0
P103145,58,Male,22.7,131.0,54.0,85.0,95.0,36.7,25.0,98.0,5.4,216.0,1.46,12.9,8.6,1,0,0,0,Never,High,1,4.7,5,0,1,10,2025-07-27,1
P103146,64,Female,30.7,114.0,82.0,61.0,96.3,37.8,16.0,81.0,6.7,182.0,1.58,12.0,10.0,0,1,0,0,Current,High,3,1.6,6,0,2,2,2024-03-18,1
P103147,79,Male,32.4,119.0,73.0,87.0,95.1,37.5,21.0,179.0,4.8,170.0,1.2,14.1,11.0,0,1,1,0,Former,Moderate,0,7.5,7,2,1,5,2024-11-27,0
P103148,90,Male,32.3,156.0,76.0,75.0,97.3,36.7,18.0,121.0,,242.0,1.2,16.0,4.2,0,1,1,0,Never,Low,1,4.2,9,0,1,1,2024-12-11,1
P103149,25,Male,28.6,122.0,95.0,78.0,96.6,36.6,20.0,124.0,4.6,163.0,0.56,11.7,5.7,0,0,0,0,Current,Moderate,2,5.6,2,1,0,20,2025-12-23,0
P103150,70,Female,28.2,111.0,79.0,75.0,96.8,37.6,24.0,69.0,5.6,130.0,1.43,14.0,7.0,0,0,0,0,Current,Moderate,2,5.5,7,1,1,21,2024-02-16,0
P103151,34,Male,30.2,145.0,100.0,93.0,96.0,37.9,11.0,138.0,8.1,213.0,0.4,14.4,4.6,0,0,0,0,Current,Low,2,5.0,6,1,1,8,2025-10-29,1
P103152,32,Male,29.1,123.0,67.0,91.0,96.6,36.7,18.0,94.0,4.7,160.0,1.28,16.3,10.5,0,0,0,0,Never,High,0,4.3,5,0,0,23,2024-08-07,0
P103153,75,Female,30.3,146.0,73.0,76.0,96.1,37.6,15.0,161.0,5.8,146.0,1.08,13.9,7.4,0,1,1,0,Former,Moderate,1,8.2,3,3,1,11,2024-09-24,1
P103154,23,Male,28.6,145.0,88.0,65.0,97.9,37.3,20.0,83.0,4.4,153.0,0.4,16.8,9.5,0,0,0,0,Current,Low,1,7.4,4,0,0,20,2024-12-18,0
P103155,79,Female,31.9,140.0,80.0,87.0,95.7,37.4,20.0,164.0,5.9,211.0,1.18,14.0,6.8,0,1,0,0,Current,Moderate,1,1.9,2,1,1,1,2025-08-19,0
P103156,74,Male,19.0,176.0,87.0,64.0,97.2,36.9,16.0,149.0,6.0,191.0,1.03,12.9,7.9,0,0,0,0,Current,Moderate,0,7.7,10,1,1,16,2024-03-01,0
P103157,90,Male,26.8,107.0,83.0,57.0,94.1,36.5,16.0,103.0,5.6,158.0,0.99,15.4,4.4,0,1,1,0,Current,Low,3,2.7,8,2,0,21,2025-08-19,1
P103158,66,Female,20.3,120.0,82.0,82.0,97.8,36.3,19.0,165.0,7.4,213.0,0.97,14.1,5.0,0,0,1,0,Current,Moderate,1,3.2,5,2,2,3,2024-11-22,0
P103159,81,Male,28.9,131.0,81.0,91.0,95.5,36.1,14.0,158.0,7.2,164.0,1.09,13.7,5.0,0,0,0,0,Never,Moderate,0,3.1,5,2,2,17,2025-02-23,0
P103160,26,Male,36.0,168.0,82.0,71.0,94.9,37.8,19.0,125.0,4.7,133.0,0.92,13.9,3.7,0,0,0,0,Current,Moderate,0,1.0,3,1,0,21,2024-12-10,0
P103161,82,Male,25.0,166.0,90.0,81.0,94.5,36.8,15.0,83.0,6.9,145.0,0.68,11.1,9.2,0,1,0,0,Former,High,1,5.1,6,1,1,27,2025-09-14,0
P103162,29,Male,28.2,151.0,97.0,71.0,94.3,36.2,21.0,136.0,5.1,196.0,1.05,15.8,7.1,0,0,0,0,Never,High,0,3.2,2,0,0,16,2024-01-02,0
P103163,40,Male,31.4,117.0,79.0,85.0,95.6,37.3,13.0,113.0,4.6,165.0,0.86,14.5,9.2,0,0,0,0,Never,Moderate,0,1.0,6,0,0,24,2025-07-13,0
P103164,27,Male,16.7,118.0,77.0,89.0,99.2,36.6,16.0,110.0,4.9,199.0,1.38,13.9,6.9,0,0,0,0,Never,High,1,4.0,3,1,0,22,2025-09-30,0
P103165,47,Female,24.8,118.0,77.0,73.0,95.3,36.5,15.0,114.0,4.6,237.0,1.23,11.8,9.4,0,0,0,0,Former,Moderate,1,1.0,2,1,0,12,2024-04-17,0
P103166,72,Male,29.4,121.0,98.0,64.0,92.5,37.8,17.0,115.0,6.9,171.0,1.34,14.0,9.0,1,1,0,0,Never,High,0,1.4,3,2,1,1,2025-05-20,1
P103167,37,Male,16.0,156.0,88.0,59.0,97.2,36.1,23.0,79.0,4.9,,1.48,15.4,6.9,0,0,0,0,Never,Moderate,0,1.5,2,1,2,6,2024-11-26,0
P103168,78,Male,22.4,131.0,65.0,87.0,94.5,36.9,21.0,64.0,7.3,205.0,1.29,15.0,7.5,0,0,0,0,Former,High,2,2.2,4,0,1,22,2024-09-03,0
P103169,62,Female,33.2,132.0,63.0,62.0,98.0,36.5,16.0,55.0,6.1,188.0,1.0,12.8,7.8,0,0,0,0,Former,Moderate,0,4.0,7,1,0,22,2025-02-22,0
P103170,63,Female,32.7,147.0,74.0,80.0,95.7,36.4,16.0,125.0,5.6,144.0,0.4,11.5,9.4,0,0,0,0,Never,High,0,5.6,3,1,0,20,2025-04-03,0
P103171,86,Female,29.4,108.0,86.0,85.0,96.0,36.1,21.0,55.0,5.8,182.0,1.18,12.8,7.1,1,1,1,0,Former,Moderate,0,6.0,8,2,0,18,2025-05-14,1
P103172,49,Male,32.1,133.0,82.0,70.0,98.7,36.8,14.0,137.0,7.4,186.0,1.48,13.4,7.8,0,0,0,0,Former,High,0,1.0,5,0,2,16,2024-08-10,0
P103173,43,Female,28.6,113.0,87.0,74.0,97.6,36.4,18.0,128.0,5.7,224.0,1.23,13.0,4.2,1,0,0,0,Never,High,0,1.1,2,0,0,14,2025-07-06,0
P103174,90,Male,30.4,132.0,83.0,88.0,94.3,37.1,16.0,109.0,5.8,172.0,0.98,15.6,5.4,0,1,0,1,Former,Low,1,4.2,5,1,0,22,2024-12-23,0
P103175,58,Female,25.9,123.0,96.0,66.0,94.5,36.8,17.0,149.0,6.7,211.0,1.04,12.5,5.7,0,1,0,0,Never,Moderate,1,5.4,6,1,2,4,2024-07-09,0
P103176,62,Male,28.1,123.0,90.0,65.0,93.3,36.6,21.0,105.0,6.5,197.0,0.88,17.2,8.2,1,1,0,0,Current,Moderate,2,3.9,5,1,0,15,2024-06-11,1
P103177,39,Male,24.2,135.0,82.0,73.0,100.0,36.4,16.0,125.0,4.8,232.0,1.05,13.8,5.7,0,1,0,0,Never,Low,1,5.3,1,0,0,15,2024-02-03,0
P103178,33,Female,34.1,134.0,92.0,91.0,94.9,37.5,21.0,55.0,5.6,235.0,0.81,10.7,7.3,1,0,0,0,Never,Low,0,1.4,6,1,1,22,2024-06-18,1
P103179,30,Male,35.4,126.0,64.0,95.0,98.6,37.2,26.0,55.0,4.0,208.0,1.34,14.3,6.8,0,0,0,0,Current,High,1,1.5,1,0,0,15,2025-09-28,0
P103180,34,Male,34.7,136.0,80.0,75.0,95.5,36.5,20.0,101.0,5.6,224.0,0.99,13.8,7.1,0,0,0,0,Never,High,1,5.6,3,0,0,15,2025-02-17,0
P103181,32,Male,25.4,115.0,82.0,67.0,94.6,36.1,18.0,124.0,5.9,238.0,1.02,18.0,8.9,0,1,0,0,Never,Moderate,1,3.8,4,0,0,19,2025-12-06,0
P103182,72,Female,22.5,146.0,89.0,89.0,96.5,35.9,22.0,149.0,6.5,215.0,0.83,12.6,7.4,1,1,0,0,Current,Low,2,3.8,6,2,1,10,2025-08-14,1
P103183,22,Female,34.1,125.0,63.0,56.0,95.9,37.4,14.0,101.0,4.6,206.0,0.8,11.0,6.6,0,0,0,0,Never,Moderate,1,1.9,2,2,0,6,2024-02-10,0
P103184,63,Female,30.3,125.0,80.0,79.0,97.9,37.3,23.0,123.0,5.3,211.0,0.72,13.3,7.9,1,0,0,0,Former,Moderate,0,4.1,4,0,0,25,2025-08-25,1
P103185,87,Female,29.2,123.0,88.0,75.0,98.0,37.3,15.0,146.0,6.5,256.0,1.51,13.0,10.4,0,1,0,1,Never,High,3,4.9,9,4,3,1,2024-12-07,1
P103186,73,Male,24.2,131.0,88.0,92.0,95.4,36.7,26.0,112.0,7.2,199.0,0.93,12.9,7.2,0,0,0,0,Never,Moderate,2,3.8,13,0,1,18,2024-07-04,1
P103187,47,Male,29.7,163.0,94.0,93.0,93.9,37.2,15.0,132.0,5.8,223.0,1.04,15.1,4.6,0,1,0,0,Never,Moderate,0,1.8,10,2,0,22,2025-03-07,0
P103188,22,Male,21.9,128.0,88.0,65.0,94.3,37.3,20.0,67.0,5.0,169.0,0.48,15.4,4.4,0,0,0,0,Never,High,2,1.3,9,0,0,13,2025-10-25,0
P103189,78,Male,30.8,116.0,83.0,78.0,92.4,36.8,13.0,59.0,7.0,252.0,0.74,14.7,6.4,0,1,0,0,Never,Moderate,0,2.9,2,2,2,2,2024-01-28,0
P103190,18,Male,34.7,144.0,87.0,69.0,96.0,36.6,17.0,88.0,5.5,212.0,0.83,14.2,4.7,0,0,0,0,Former,High,2,8.2,3,3,0,3,2025-03-30,0
P103191,67,Male,36.0,126.0,81.0,72.0,96.5,36.3,14.0,142.0,6.2,182.0,0.96,14.0,2.2,0,0,0,0,Current,Low,1,4.7,6,2,1,5,2024-04-22,1
P103192,66,Male,31.2,139.0,84.0,83.0,94.4,37.0,13.0,90.0,6.7,192.0,1.12,13.7,6.4,0,0,0,0,Never,High,2,6.8,5,0,1,5,2025-01-15,0
P103193,32,Female,20.3,120.0,89.0,72.0,94.2,37.1,22.0,132.0,5.5,187.0,1.51,11.3,7.8,0,0,0,0,Never,High,1,7.3,0,2,1,23,2025-10-27,0
P103194,72,Male,28.5,156.0,83.0,78.0,96.5,36.6,14.0,80.0,5.2,195.0,0.5,16.8,9.8,1,0,0,0,Never,Moderate,3,3.5,9,2,0,6,2024-04-14,1
P103195,30,Female,38.6,120.0,84.0,87.0,95.4,36.7,15.0,88.0,5.4,203.0,1.21,16.9,7.0,0,0,0,0,Former,High,1,3.4,3,0,0,22,2024-06-09,0
P103196,34,Male,23.0,154.0,91.0,94.0,96.1,36.7,15.0,118.0,6.6,188.0,1.09,13.1,7.6,1,0,0,0,Current,High,0,1.0,9,0,1,28,2024-02-29,1
P103197,77,Female,27.2,117.0,91.0,79.0,95.8,37.2,22.0,94.0,7.8,135.0,0.91,12.3,8.0,0,0,0,1,Never,High,1,1.6,5,3,1,1,2025-06-16,1
P103198,89,Female,34.9,132.0,97.0,77.0,96.9,36.1,22.0,102.0,5.2,262.0,1.0,11.6,7.2,0,0,0,0,Never,Moderate,1,3.1,7,2,1,18,2024-04-25,1
P103199,37,Female,30.7,154.0,105.0,63.0,95.5,36.2,22.0,55.0,7.1,205.0,1.27,14.5,5.7,0,1,0,0,Current,High,0,3.1,8,0,1,9,2025-08-17,0
P103200,85,Male,40.4,139.0,91.0,95.0,95.6,36.3,15.0,148.0,5.9,205.0,1.09,13.1,11.3,0,1,1,0,Never,Low,0,3.4,10,1,2,12,2024-10-15,1
P103201,84,Male,23.7,175.0,79.0,82.0,93.1,36.7,23.0,114.0,6.2,193.0,1.01,15.6,5.0,0,1,1,0,Former,Moderate,1,5.5,11,3,0,10,2024-05-15,1
P103202,74,Female,22.4,130.0,89.0,78.0,96.4,37.0,15.0,83.0,7.6,230.0,0.78,13.8,7.8,1,1,0,0,Never,High,0,6.6,9,0,1,10,2024-12-03,0
P103203,28,Female,33.9,134.0,85.0,77.0,96.7,36.3,15.0,172.0,5.2,197.0,0.7,13.0,5.4,0,0,0,0,Never,High,0,2.7,3,1,1,12,2024-06-03,0
P103204,39,Male,21.3,163.0,87.0,80.0,96.2,37.3,16.0,82.0,5.4,183.0,0.63,16.6,7.2,0,1,0,0,Never,High,1,4.7,4,0,0,15,2025-12-09,0
P103205,67,Female,26.5,108.0,98.0,85.0,99.9,37.5,16.0,97.0,5.4,186.0,1.3,12.7,7.8,1,0,1,0,Former,Low,0,2.2,11,1,0,24,2025-06-28,0
P103206,90,Male,,109.0,68.0,87.0,96.8,37.0,18.0,86.0,6.3,243.0,0.9,,6.6,1,1,0,0,Former,High,0,8.5,6,1,1,10,2025-06-01,1
P103207,77,Male,32.9,122.0,99.0,95.0,96.2,37.4,15.0,155.0,6.4,203.0,0.75,12.8,4.6,0,0,0,1,Never,High,2,2.9,6,3,1,10,2024-03-05,0
P103208,48,Male,30.7,146.0,100.0,79.0,97.4,36.3,19.0,162.0,5.2,194.0,1.04,10.9,6.3,0,0,0,0,Current,High,4,4.5,3,1,2,8,2024-06-22,1
P103209,35,Female,29.9,103.0,87.0,97.0,100.0,36.4,10.0,156.0,6.9,178.0,0.73,14.8,9.2,0,0,0,0,Current,Moderate,0,1.1,0,0,2,8,2025-09-10,0
P103210,88,Female,25.4,147.0,90.0,89.0,97.0,37.1,19.0,165.0,5.6,183.0,1.55,12.3,4.0,0,1,1,0,Never,Low,1,2.1,10,3,2,8,2024-03-12,1
P103211,38,Male,33.8,140.0,79.0,75.0,92.5,36.8,14.0,89.0,6.1,236.0,0.98,16.3,10.3,0,1,0,0,Never,High,0,3.1,2,1,0,20,2024-04-14,0
P103212,42,Female,45.0,165.0,82.0,56.0,97.3,36.4,16.0,169.0,5.7,160.0,1.03,12.7,7.2,0,0,0,0,Never,Moderate,1,3.3,6,1,1,11,2024-03-07,1
P103213,88,Female,31.1,154.0,91.0,77.0,94.9,37.5,16.0,112.0,7.4,220.0,1.17,13.0,8.4,1,1,0,0,Never,Moderate,2,1.6,11,4,1,21,2024-12-06,1
P103214,59,Male,28.0,139.0,89.0,95.0,93.0,36.9,21.0,60.0,5.2,222.0,1.19,14.9,4.9,1,0,0,0,Never,Low,0,4.7,5,0,0,23,2024-10-17,1
P103215,37,Female,20.8,154.0,88.0,67.0,99.6,37.2,20.0,95.0,6.2,203.0,1.16,12.4,6.7,0,0,0,0,Former,Low,1,1.6,1,2,0,20,2024-08-19,0
P103216,18,Female,24.2,137.0,86.0,77.0,99.2,36.5,17.0,118.0,7.6,188.0,0.91,10.8,5.7,0,0,0,0,Never,Low,0,4.5,5,0,2,17,2025-01-19,0
P103217,49,Female,26.4,124.0,91.0,78.0,94.9,37.6,15.0,89.0,4.5,139.0,0.71,11.9,7.6,0,0,0,0,Never,Low,0,4.3,7,0,0,33,2024-08-13,0
P103218,89,Male,24.7,117.0,92.0,87.0,94.9,36.7,21.0,124.0,5.5,220.0,1.07,13.2,4.8,1,0,0,1,Former,Moderate,0,3.2,11,1,0,22,2024-04-06,1
P103219,49,Female,27.4,122.0,72.0,71.0,96.8,37.3,24.0,131.0,7.7,134.0,1.01,13.1,5.8,0,0,0,0,Current,Low,0,3.0,3,0,1,28,2024-08-11,0
P103220,69,Male,36.7,134.0,91.0,66.0,94.9,36.5,18.0,130.0,5.9,201.0,0.6,16.3,11.1,0,1,0,0,Never,Moderate,1,1.0,4,2,1,16,2025-08-27,1
P103221,36,Male,34.0,133.0,100.0,83.0,96.3,36.9,12.0,132.0,5.7,197.0,0.4,13.5,8.3,1,0,0,0,Former,Moderate,0,3.1,6,0,0,17,2025-02-13,0
P103222,74,Female,26.7,99.0,83.0,67.0,95.2,37.1,16.0,110.0,5.8,224.0,0.73,13.1,7.8,0,0,1,0,Former,Low,0,8.9,5,1,0,5,2024-01-02,1
P103223,74,Female,21.2,131.0,98.0,54.0,95.8,37.8,20.0,91.0,7.6,,0.53,13.6,7.7,0,1,1,0,Never,Moderate,1,5.2,7,1,1,18,2024-11-26,0
P103224,62,Female,34.5,134.0,74.0,98.0,94.0,36.6,16.0,63.0,4.5,159.0,0.9,12.0,9.9,0,1,0,0,Former,Moderate,1,1.8,7,2,0,5,2025-01-04,0
P103225,74,Female,27.2,144.0,83.0,87.0,98.0,36.9,15.0,113.0,7.2,215.0,0.86,13.8,6.7,0,0,1,0,Never,Moderate,0,3.0,5,2,1,12,2024-12-04,0
P103226,60,Female,18.5,161.0,76.0,99.0,98.7,37.1,15.0,95.0,4.6,189.0,1.05,14.9,8.9,0,1,0,0,Former,High,0,7.0,8,2,0,14,2024-02-15,1
P103227,45,Female,31.2,135.0,95.0,86.0,96.3,36.1,18.0,107.0,4.3,,1.18,13.8,2.3,1,0,0,0,Never,High,1,1.6,6,0,0,18,2025-08-29,0
P103228,71,Male,32.8,119.0,100.0,84.0,96.4,35.7,13.0,55.0,5.1,195.0,1.14,14.5,6.8,0,0,1,0,Never,Low,2,3.0,10,2,0,20,2025-01-18,0
P103229,78,Female,16.0,104.0,83.0,80.0,97.6,36.3,18.0,64.0,6.0,264.0,1.21,11.9,6.4,1,0,0,0,Never,Moderate,1,7.2,5,0,1,7,2024-02-25,0
P103230,79,Male,23.2,147.0,95.0,74.0,96.5,37.3,18.0,135.0,5.5,216.0,1.35,14.4,6.0,0,0,0,0,Never,Moderate,1,3.4,4,2,0,21,2024-04-20,1
P103231,33,Male,26.9,115.0,97.0,82.0,99.6,37.7,16.0,55.0,4.9,150.0,0.86,13.5,8.5,0,0,0,0,Never,Low,0,2.6,7,2,0,6,2025-12-16,0
P103232,67,Female,31.3,149.0,83.0,69.0,94.1,36.3,14.0,108.0,5.2,213.0,0.4,12.3,6.7,0,0,1,1,Never,Low,1,3.0,2,1,0,23,2024-02-23,1
P103233,18,Female,24.8,152.0,81.0,63.0,98.0,36.2,22.0,77.0,4.6,232.0,0.42,13.0,6.7,0,0,0,0,Never,Moderate,1,4.6,2,3,0,14,2024-09-24,0
P103234,59,Male,23.2,107.0,90.0,72.0,96.3,37.6,13.0,82.0,5.1,129.0,1.17,14.3,5.4,0,0,0,0,Current,High,0,1.5,2,1,0,21,2025-10-07,0
P103235,59,Female,31.3,142.0,74.0,91.0,94.5,36.5,19.0,117.0,6.1,184.0,1.08,14.7,6.2,0,0,0,1,Never,Low,1,5.0,4,0,0,32,2025-04-08,1
P103236,44,Female,25.1,153.0,83.0,61.0,100.0,36.6,21.0,112.0,5.2,244.0,1.18,12.3,3.0,0,0,0,0,Never,Moderate,2,1.4,2,0,1,7,2024-01-08,0
P103237,90,Male,30.3,154.0,106.0,61.0,100.0,37.5,19.0,138.0,4.0,137.0,1.92,15.2,6.4,0,0,0,0,Current,Moderate,2,3.5,10,4,1,1,2024-10-27,0
P103238,82,Female,21.7,100.0,79.0,83.0,96.1,37.4,22.0,79.0,6.2,184.0,1.16,12.5,4.2,0,0,0,0,Never,Moderate,1,8.3,5,1,0,20,2024-10-03,0
P103239,20,Male,20.5,114.0,89.0,71.0,97.3,37.3,14.0,76.0,6.1,187.0,0.88,13.2,10.1,0,1,0,0,Current,Low,0,3.6,1,1,0,11,2024-11-04,0
P103240,33,Female,31.4,108.0,86.0,82.0,95.7,35.9,15.0,148.0,5.3,179.0,1.05,14.1,8.5,0,0,0,0,Never,High,1,4.1,3,1,1,21,2025-06-17,1
P103241,33,Female,28.8,139.0,79.0,88.0,95.9,36.2,16.0,101.0,4.5,247.0,0.62,13.8,8.8,1,0,0,0,Never,Moderate,0,1.0,4,0,1,9,2025-02-25,0
P103242,83,Female,32.3,143.0,86.0,82.0,94.5,37.4,30.0,131.0,6.9,241.0,1.31,12.3,4.4,0,0,0,0,Never,High,1,3.1,9,4,2,10,2024-02-26,1
P103243,55,Female,24.7,90.0,100.0,68.0,94.2,37.0,20.0,96.0,4.6,184.0,0.97,8.5,8.7,0,1,0,0,Never,Moderate,1,8.0,2,1,1,15,2025-06-01,0
P103244,71,Female,23.4,129.0,89.0,91.0,99.8,36.4,20.0,132.0,5.8,156.0,1.53,14.9,5.7,0,0,0,1,Former,Moderate,3,5.2,8,2,1,6,2025-12-11,1
P103245,77,Female,34.6,149.0,91.0,85.0,96.4,36.6,20.0,55.0,6.1,243.0,0.63,14.4,7.6,0,0,0,1,Former,Moderate,0,4.2,10,3,1,17,2025-08-27,1
P103246,74,Male,19.6,137.0,99.0,76.0,96.6,37.4,18.0,157.0,7.1,224.0,1.07,16.3,6.6,0,0,0,0,Never,Moderate,3,2.4,8,1,2,3,2025-08-28,1
P103247,24,Male,34.0,131.0,78.0,76.0,95.0,37.6,22.0,91.0,6.0,194.0,0.75,16.4,4.2,0,0,0,0,Never,Moderate,2,2.5,3,0,0,19,2024-03-10,0
P103248,28,Male,34.4,123.0,70.0,80.0,96.8,36.8,11.0,64.0,5.8,220.0,0.64,14.6,4.9,0,0,0,0,Current,High,0,4.4,3,1,0,12,2025-05-11,0
P103249,46,Female,32.0,114.0,99.0,72.0,93.8,36.5,19.0,74.0,6.6,,1.16,12.6,8.3,0,0,0,0,Never,High,1,2.5,4,1,1,17,2024-03-14,0
P103250,42,Female,23.9,131.0,83.0,56.0,95.1,36.7,19.0,101.0,4.7,162.0,0.89,10.5,8.3,0,0,0,0,Never,Moderate,0,3.5,7,0,1,18,2025-05-16,0
P103251,72,Male,23.3,136.0,92.0,85.0,94.3,37.5,22.0,112.0,7.5,172.0,1.44,14.8,4.3,0,1,0,0,Never,Moderate,3,7.8,5,0,2,12,2025-06-12,0
P103252,29,Male,26.4,140.0,73.0,84.0,98.8,37.5,14.0,113.0,4.0,195.0,0.79,13.9,9.3,1,0,0,0,Never,High,1,2.2,3,2,0,4,2024-01-18,0
P103253,45,Female,20.8,143.0,86.0,48.0,93.5,36.9,14.0,69.0,7.0,122.0,0.88,12.0,6.2,0,0,0,0,Never,High,0,2.5,3,1,1,11,2024-11-20,0
P103254,35,Female,22.5,132.0,70.0,82.0,94.4,36.5,14.0,140.0,4.9,182.0,1.52,11.2,4.4,1,0,0,0,Never,Moderate,0,3.1,6,0,1,10,2025-09-01,1
P103255,31,Male,30.9,148.0,81.0,97.0,92.8,37.3,20.0,90.0,5.9,165.0,0.56,13.1,5.9,0,0,0,0,Current,Moderate,0,1.8,5,1,0,13,2025-03-28,0
P103256,30,Female,30.9,123.0,74.0,62.0,94.9,37.6,20.0,88.0,6.9,202.0,0.72,11.2,4.3,0,0,0,0,Never,Moderate,0,1.5,3,1,1,9,2025-08-05,0
P103257,32,Female,22.0,105.0,72.0,75.0,95.7,36.1,15.0,101.0,6.1,152.0,0.4,14.7,5.5,0,1,0,0,Never,High,1,2.0,1,1,0,25,2024-02-23,0
P103258,59,Female,31.0,141.0,80.0,74.0,98.3,36.7,25.0,137.0,6.2,211.0,0.9,14.9,6.0,1,1,0,0,Never,Moderate,0,5.6,9,0,0,19,2024-12-29,1
P103259,47,Female,29.9,134.0,59.0,96.0,96.1,37.4,19.0,110.0,6.5,203.0,1.18,12.1,8.0,0,1,0,0,Former,Moderate,0,5.6,8,0,0,23,2025-11-18,0
P103260,49,Female,35.4,140.0,70.0,89.0,95.8,36.8,18.0,93.0,4.5,191.0,1.11,15.0,8.6,0,0,1,0,Never,Moderate,1,7.0,4,2,0,22,2025-10-27,0
P103261,52,Female,30.5,111.0,90.0,65.0,97.0,36.6,17.0,101.0,4.6,213.0,1.05,13.4,9.1,1,0,0,0,Former,Moderate,2,2.7,2,0,0,11,2024-12-06,0
P103262,72,Female,33.0,165.0,87.0,80.0,95.7,36.9,21.0,159.0,6.3,218.0,0.82,15.4,8.6,0,0,0,0,Never,High,0,2.9,3,1,1,29,2024-10-03,1
P103263,80,Female,30.0,148.0,73.0,104.0,100.0,37.0,19.0,154.0,6.0,186.0,1.04,14.1,3.2,0,1,0,1,Former,High,3,5.7,6,1,1,13,2024-01-29,1
P103264,56,Male,32.6,128.0,88.0,69.0,95.4,36.2,25.0,126.0,5.6,196.0,0.91,15.5,4.1,0,0,0,0,Never,Low,0,5.2,2,1,0,5,2025-11-08,0
P103265,64,Male,20.8,118.0,74.0,76.0,97.2,36.8,14.0,120.0,7.1,169.0,1.04,15.0,9.2,0,0,0,1,Former,Moderate,1,7.3,3,2,1,13,2025-05-26,1
P103266,71,Male,26.9,153.0,90.0,82.0,98.0,37.0,13.0,197.0,7.1,169.0,1.11,13.5,6.1,0,0,0,1,Never,Moderate,0,4.7,4,2,2,10,2024-01-12,1
P103267,68,Female,27.3,115.0,82.0,69.0,95.4,36.6,15.0,131.0,5.2,255.0,0.96,11.2,6.7,0,0,0,0,Never,Moderate,1,1.8,5,1,1,7,2024-03-09,0
P103268,27,Male,26.2,168.0,77.0,97.0,96.8,36.4,20.0,114.0,5.9,187.0,0.94,14.9,8.3,0,0,0,0,Never,Moderate,0,1.0,2,0,0,36,2024-08-08,0
P103269,89,Female,29.8,126.0,83.0,70.0,95.6,36.5,17.0,112.0,4.9,195.0,1.09,13.1,9.6,0,0,0,1,Never,High,3,4.9,4,1,0,4,2024-01-15,1
P103270,30,Male,30.8,159.0,106.0,59.0,97.0,36.3,22.0,121.0,4.1,192.0,0.75,18.0,7.9,0,0,0,0,Never,Moderate,1,6.0,5,0,0,20,2025-03-26,1
P103271,48,Male,29.5,129.0,74.0,70.0,96.7,37.2,17.0,55.0,5.0,209.0,1.02,15.7,5.3,0,0,0,0,Never,Moderate,1,14.9,6,1,0,18,2025-11-07,0
P103272,65,Male,26.6,161.0,85.0,84.0,96.2,36.3,22.0,151.0,5.9,174.0,0.69,,4.6,0,0,0,0,Current,Moderate,1,4.0,6,0,1,23,2025-01-26,1
P103273,47,Female,23.7,119.0,90.0,66.0,94.4,36.9,15.0,67.0,5.2,178.0,1.04,13.1,4.9,0,1,0,0,Never,High,0,1.0,5,0,0,24,2025-01-06,0
P103274,35,Male,33.2,131.0,71.0,80.0,99.9,36.6,22.0,84.0,6.0,231.0,0.64,14.0,9.4,0,0,0,0,Never,Moderate,0,1.6,2,0,0,16,2024-02-12,0
P103275,85,Female,29.3,150.0,68.0,83.0,97.6,36.4,23.0,69.0,6.2,138.0,1.1,13.1,8.7,0,1,0,0,Never,Moderate,0,4.1,5,3,0,6,2025-07-22,0
P103276,23,Female,22.2,140.0,74.0,61.0,93.6,37.5,16.0,81.0,6.5,202.0,1.05,11.2,7.1,1,0,0,0,Former,High,0,4.9,6,0,0,24,2024-05-25,0
P103277,35,Female,26.5,149.0,89.0,69.0,95.7,36.7,20.0,97.0,6.1,164.0,0.7,14.6,4.1,0,0,0,0,Never,Low,0,3.8,6,2,0,11,2025-08-11,1
P103278,90,Male,18.4,129.0,81.0,80.0,93.7,36.5,19.0,150.0,5.3,119.0,1.41,14.0,8.8,1,0,0,1,Never,Moderate,1,4.0,7,3,2,11,2024-08-18,0
P103279,71,Female,27.7,136.0,81.0,84.0,97.9,36.4,20.0,161.0,6.9,192.0,1.56,14.2,7.4,0,0,0,0,Never,High,3,2.5,4,0,3,7,2024-03-01,1
P103280,24,Female,26.5,150.0,90.0,70.0,96.5,37.0,22.0,175.0,4.7,151.0,0.74,12.3,5.5,0,0,0,0,Never,Moderate,1,5.6,5,1,1,13,2024-08-21,0
P103281,73,Male,24.5,123.0,75.0,78.0,96.5,37.2,21.0,120.0,6.4,144.0,1.03,14.0,6.9,0,0,0,0,Never,High,0,7.7,5,2,0,27,2024-07-16,0
P103282,88,Male,35.7,146.0,83.0,73.0,95.0,37.4,20.0,111.0,5.8,294.0,1.45,15.5,8.0,1,0,0,0,Former,High,1,3.1,6,2,2,1,2024-08-11,0
P103283,25,Female,21.5,125.0,65.0,85.0,95.9,36.7,20.0,135.0,6.7,216.0,0.42,10.1,6.1,0,0,0,0,Never,Low,1,6.5,3,0,2,6,2024-08-08,0
P103284,48,Female,31.2,135.0,85.0,82.0,97.9,36.7,14.0,82.0,6.4,217.0,1.0,14.7,4.9,1,0,0,0,Never,High,0,10.3,5,2,0,18,2025-12-04,0
P103285,52,Male,38.9,134.0,84.0,72.0,98.4,36.9,18.0,79.0,5.2,193.0,0.92,16.8,7.4,0,0,0,0,Never,Moderate,0,1.0,4,0,0,13,2024-03-29,0
P103286,27,Male,33.1,116.0,89.0,82.0,98.0,36.9,14.0,95.0,5.2,150.0,1.18,16.8,7.5,0,0,0,0,Current,Low,3,1.4,4,0,0,29,2024-06-23,0
P103287,32,Male,27.3,125.0,69.0,71.0,93.7,36.4,18.0,108.0,8.5,189.0,0.88,13.5,3.2,0,0,0,0,Never,Moderate,1,2.0,2,1,1,1,2024-06-17,0
P103288,30,Female,21.6,132.0,79.0,81.0,96.2,37.5,22.0,55.0,4.4,182.0,1.07,13.7,6.9,0,0,0,0,Never,Low,1,2.2,4,1,0,6,2025-09-26,0
P103289,31,Male,20.4,128.0,68.0,82.0,97.0,36.8,18.0,146.0,4.9,122.0,0.71,13.9,5.3,1,0,0,0,Former,High,1,3.1,7,1,1,12,2025-08-10,0
P103290,47,Male,25.4,158.0,79.0,104.0,95.2,37.1,10.0,120.0,5.2,263.0,1.26,12.4,8.0,0,0,0,0,Never,Moderate,1,2.1,3,1,1,18,2025-07-06,0
P103291,51,Male,23.9,149.0,97.0,72.0,93.5,37.0,14.0,140.0,4.8,192.0,0.69,14.7,3.6,0,0,0,0,Former,Moderate,2,6.0,4,0,0,15,2024-07-19,1
P103292,35,Male,23.8,135.0,78.0,74.0,94.2,37.0,20.0,55.0,4.7,163.0,1.2,12.4,4.5,0,0,0,0,Never,Low,0,1.9,8,0,0,19,2024-06-26,1
P103293,39,Male,,118.0,68.0,68.0,99.2,36.3,16.0,87.0,5.6,200.0,0.99,15.5,2.3,0,0,0,0,Never,Moderate,0,2.2,5,1,0,26,2024-09-24,0
P103294,32,Male,27.0,116.0,74.0,64.0,94.4,36.8,21.0,84.0,6.0,143.0,0.4,15.8,7.8,0,0,0,0,Never,High,1,1.2,4,0,0,25,2024-03-19,0
P103295,76,Female,30.0,169.0,67.0,71.0,96.6,37.9,14.0,110.0,4.7,159.0,1.1,15.1,4.0,0,0,0,0,Never,High,0,1.0,4,0,0,17,2025-02-03,0
P103296,33,Female,21.1,113.0,68.0,84.0,96.2,37.6,19.0,108.0,5.1,253.0,1.12,14.0,4.3,0,0,0,0,Never,High,2,2.3,3,0,1,17,2024-09-07,0
P103297,84,Male,24.0,138.0,91.0,85.0,96.2,36.9,20.0,149.0,5.5,175.0,0.76,14.0,6.8,0,0,0,0,Never,Moderate,2,3.9,9,2,1,8,2025-05-17,0
P103298,57,Male,26.7,139.0,68.0,80.0,95.9,36.6,21.0,117.0,4.8,194.0,0.78,14.3,6.7,0,0,0,0,Never,High,1,2.7,5,4,0,28,2025-02-06,0
P103299,76,Male,26.5,130.0,87.0,72.0,97.9,35.7,16.0,91.0,7.0,199.0,1.1,14.8,8.3,0,1,1,0,Never,High,2,3.9,6,2,1,3,2024-05-06,0
P103300,64,Female,37.0,117.0,83.0,70.0,96.6,36.6,21.0,191.0,5.3,188.0,0.9,15.4,8.5,0,1,0,0,Current,Moderate,1,2.2,3,1,1,9,2025-02-13,0
P103301,37,Male,28.7,117.0,76.0,65.0,95.4,36.8,23.0,100.0,4.4,175.0,1.05,16.8,9.3,0,0,1,0,Never,Low,0,2.9,1,0,0,25,2024-03-21,0
P103302,61,Male,19.1,124.0,85.0,69.0,96.6,36.6,10.0,82.0,6.7,281.0,0.97,14.5,10.2,0,1,1,0,Never,Moderate,3,3.4,4,3,2,6,2025-08-12,0
P103303,38,Female,29.7,118.0,72.0,60.0,94.2,36.7,18.0,55.0,6.8,167.0,0.59,14.7,9.1,0,0,0,0,Never,Low,1,10.6,4,0,1,25,2024-08-31,0
P103304,26,Male,30.3,152.0,89.0,92.0,97.4,37.1,12.0,111.0,5.7,161.0,1.58,13.8,7.7,0,0,0,0,Never,Moderate,2,2.2,4,0,1,31,2024-05-14,0
P103305,36,Male,26.8,130.0,74.0,98.0,95.3,36.3,15.0,134.0,4.8,214.0,0.86,15.3,7.4,0,0,0,0,Never,High,2,1.0,6,0,0,21,2024-08-27,0
P103306,38,Male,21.2,122.0,77.0,53.0,95.4,36.9,15.0,70.0,,146.0,1.0,14.1,8.2,1,0,0,0,Never,Moderate,0,1.8,7,0,0,16,2024-09-17,0
P103307,27,Male,36.6,131.0,76.0,79.0,97.4,36.7,18.0,130.0,4.9,234.0,1.43,15.0,3.0,0,0,0,0,Never,Moderate,0,1.0,2,1,1,3,2024-10-08,0
P103308,19,Female,21.9,140.0,87.0,79.0,95.8,36.4,19.0,109.0,5.4,187.0,1.15,12.0,6.7,0,0,0,0,Never,Moderate,0,1.5,2,2,0,5,2025-12-05,0
P103309,86,Female,30.9,130.0,90.0,79.0,95.9,37.6,21.0,56.0,6.9,200.0,1.26,11.1,3.3,0,1,1,0,Current,High,1,3.6,8,5,1,1,2025-03-04,1
P103310,55,Male,28.5,148.0,56.0,69.0,98.6,37.2,19.0,135.0,5.8,206.0,1.31,12.7,5.5,0,0,1,1,Never,Moderate,3,6.6,4,3,0,12,2024-02-16,0
P103311,47,Male,30.6,110.0,84.0,88.0,94.7,36.4,20.0,102.0,5.8,182.0,1.15,15.5,4.0,0,0,0,0,Former,High,0,3.0,1,1,0,27,2025-05-31,0
P103312,85,Male,36.4,156.0,67.0,81.0,97.4,37.1,14.0,79.0,5.8,230.0,1.26,12.9,7.8,1,1,0,1,Never,Moderate,1,1.8,4,2,0,7,2024-08-06,0
P103313,34,Female,30.4,130.0,78.0,88.0,98.2,36.1,22.0,143.0,6.2,220.0,1.11,12.7,8.2,0,0,0,0,Never,Moderate,0,5.0,5,0,1,20,2025-07-13,0
P103314,47,Male,24.6,131.0,81.0,67.0,98.6,36.5,10.0,144.0,6.1,215.0,0.94,15.9,9.4,0,0,1,0,Never,Moderate,2,4.0,6,2,1,15,2024-01-18,1
P103315,79,Male,33.3,124.0,80.0,59.0,100.0,37.5,23.0,77.0,4.5,137.0,1.39,16.3,5.1,0,0,1,0,Never,Low,2,3.2,6,2,0,6,2024-03-23,1
P103316,64,Female,24.2,113.0,88.0,81.0,95.3,37.0,23.0,125.0,4.4,182.0,1.23,11.7,5.7,1,0,0,0,Current,Low,0,4.5,3,1,0,23,2024-09-25,0
P103317,47,Male,28.4,103.0,89.0,64.0,94.9,36.9,21.0,119.0,5.5,191.0,0.4,11.0,9.2,1,0,0,0,Never,Low,0,3.3,14,0,0,18,2024-03-23,0
P103318,36,Male,20.8,117.0,73.0,89.0,98.0,37.3,26.0,107.0,6.5,261.0,1.2,13.4,6.0,0,0,0,0,Current,Low,0,2.8,6,0,1,28,2025-01-22,0
P103319,20,Male,22.1,138.0,72.0,50.0,98.2,37.1,12.0,89.0,6.5,141.0,0.69,14.9,5.6,0,0,0,0,Never,High,0,6.0,5,0,0,16,2025-08-02,0
P103320,24,Female,27.8,113.0,80.0,70.0,95.1,36.7,21.0,102.0,6.2,171.0,0.99,14.2,8.4,1,0,0,0,Current,Low,0,3.6,7,0,0,29,2024-12-18,1
P103321,29,Female,29.4,103.0,65.0,69.0,97.4,37.3,18.0,141.0,5.4,236.0,0.47,11.4,8.0,0,0,0,0,Current,Moderate,0,2.0,5,3,1,1,2024-01-25,0
P103322,75,Female,18.6,120.0,79.0,72.0,100.0,36.0,19.0,131.0,7.4,159.0,0.91,10.5,8.9,0,1,1,0,Never,Moderate,4,7.7,8,5,2,4,2024-06-05,1
P103323,64,Male,30.1,127.0,96.0,79.0,96.7,36.5,14.0,55.0,5.3,170.0,0.94,13.2,8.0,0,0,0,0,Never,High,2,3.5,2,1,0,1,2025-09-18,0
P103324,49,Female,23.2,126.0,67.0,81.0,98.2,36.8,19.0,55.0,5.5,259.0,,12.4,6.2,0,0,0,1,Current,Moderate,0,5.4,3,2,1,1,2024-12-14,0
P103325,75,Female,34.2,133.0,80.0,84.0,99.3,37.1,19.0,55.0,4.8,209.0,0.91,16.3,9.7,1,0,0,0,Never,High,0,1.1,5,1,0,19,2025-09-07,0
P103326,29,Male,25.7,147.0,75.0,85.0,100.0,36.6,16.0,61.0,,228.0,0.4,14.8,8.8,0,0,0,0,Never,High,0,7.1,2,1,0,4,2025-05-07,0
P103327,33,Male,21.7,151.0,101.0,74.0,96.9,35.9,18.0,83.0,4.8,222.0,0.81,15.6,7.0,0,0,0,0,Never,Moderate,0,5.5,2,3,0,1,2025-12-13,0
P103328,46,Male,27.9,166.0,76.0,101.0,98.8,35.8,13.0,95.0,7.1,199.0,0.88,16.3,8.8,0,0,0,0,Current,Low,1,3.1,6,0,1,10,2024-05-30,0
P103329,84,Female,22.7,108.0,79.0,93.0,95.1,36.8,17.0,116.0,7.4,198.0,1.28,12.5,7.0,1,0,0,0,Never,Low,1,1.3,10,1,1,16,2024-10-10,1
P103330,62,Male,34.1,119.0,72.0,72.0,96.5,36.6,21.0,113.0,6.0,229.0,1.08,14.8,5.1,1,1,0,0,Former,Moderate,3,4.6,7,0,0,22,2024-08-10,0
P103331,80,Male,27.5,147.0,84.0,74.0,95.7,36.3,21.0,116.0,6.6,163.0,0.88,15.0,7.2,0,1,0,0,Never,Moderate,1,2.3,8,0,1,17,2025-02-07,0
P103332,36,Female,26.7,123.0,84.0,72.0,93.1,36.3,21.0,150.0,5.1,261.0,1.04,14.1,10.9,0,0,0,0,Former,Moderate,0,3.2,7,1,2,11,2024-10-31,0
P103333,79,Male,30.6,150.0,75.0,80.0,93.6,36.9,21.0,59.0,4.0,175.0,1.6,14.4,9.1,0,0,0,0,Former,High,1,14.9,9,1,1,5,2024-01-08,0
P103334,23,Female,22.3,132.0,90.0,64.0,97.3,37.5,21.0,119.0,4.8,234.0,1.25,14.8,7.8,0,0,0,0,Never,High,0,1.0,4,1,0,6,2024-10-29,0
P103335,34,Male,20.8,157.0,84.0,67.0,97.3,36.9,16.0,121.0,6.3,,0.42,16.3,5.2,0,0,0,0,Never,Low,1,2.9,2,1,0,24,2025-04-19,0
P103336,56,Male,29.6,150.0,91.0,50.0,94.6,37.5,19.0,69.0,6.3,174.0,1.71,14.2,4.6,0,0,0,0,Never,Moderate,0,3.4,4,1,1,13,2025-08-22,0
P103337,21,Female,21.8,147.0,77.0,71.0,99.3,36.6,22.0,125.0,5.1,213.0,1.24,14.3,6.5,0,0,1,0,Former,Moderate,1,9.3,8,0,0,22,2025-11-08,0
P103338,80,Female,21.8,129.0,86.0,89.0,94.5,37.0,13.0,130.0,6.8,200.0,1.53,13.8,5.8,1,0,0,0,Never,Low,0,4.3,4,0,2,10,2024-07-25,0
P103339,81,Male,31.9,134.0,82.0,74.0,97.0,37.5,13.0,116.0,5.7,128.0,0.67,18.0,7.0,0,1,0,0,Former,Moderate,1,14.6,4,2,0,14,2024-04-16,0
P103340,57,Female,30.2,128.0,97.0,75.0,95.8,36.7,13.0,55.0,4.9,192.0,0.91,14.5,7.3,0,0,0,0,Never,Low,1,1.6,4,0,0,22,2024-12-15,0
P103341,40,Female,21.0,105.0,83.0,79.0,96.7,36.8,12.0,144.0,6.3,148.0,1.13,13.8,4.2,1,0,0,0,Never,Low,1,1.7,6,1,1,14,2024-12-01,0
P103342,25,Male,24.3,154.0,81.0,64.0,98.1,36.6,14.0,115.0,4.9,214.0,0.61,13.7,5.3,0,0,0,0,Never,Low,1,5.1,4,2,0,6,2024-12-02,0
P103343,63,Female,22.8,146.0,78.0,76.0,97.9,37.1,16.0,128.0,6.9,190.0,1.19,11.6,6.3,0,0,0,0,Never,Moderate,1,1.7,8,1,1,9,2024-08-09,0
P103344,57,Male,36.7,127.0,77.0,87.0,97.8,37.3,23.0,55.0,4.1,228.0,1.48,15.4,7.9,0,0,0,0,Current,Moderate,1,5.7,3,1,1,1,2024-02-08,0
P103345,73,Female,32.2,157.0,86.0,80.0,97.5,37.0,16.0,98.0,5.6,169.0,0.98,10.6,7.9,1,0,0,0,Current,High,1,13.3,6,3,1,13,2024-02-10,1
P103346,61,Male,25.3,123.0,91.0,88.0,94.2,36.7,13.0,64.0,6.5,146.0,1.51,17.0,4.9,0,1,1,0,Former,High,0,1.9,5,2,1,6,2025-07-25,0
P103347,27,Male,30.5,98.0,74.0,91.0,98.5,36.1,19.0,153.0,6.0,154.0,1.13,11.5,4.6,0,0,0,0,Never,Moderate,1,6.8,8,0,1,16,2024-01-04,1
P103348,26,Female,20.4,146.0,82.0,84.0,94.6,36.8,17.0,69.0,5.3,272.0,0.41,11.7,5.1,0,0,0,0,Former,High,2,2.6,6,0,1,9,2024-04-13,1
P103349,75,Female,24.0,113.0,85.0,67.0,96.3,36.7,15.0,168.0,6.4,310.0,0.83,14.7,8.6,0,1,0,0,Never,Low,0,1.0,6,2,2,8,2024-03-26,0
P103350,29,Male,28.0,126.0,84.0,72.0,95.9,36.9,16.0,142.0,5.7,271.0,1.25,14.5,6.1,0,0,0,0,Current,High,0,2.3,5,0,2,24,2024-11-21,0
P103351,86,Female,29.9,140.0,67.0,99.0,97.1,36.9,22.0,126.0,4.9,136.0,0.82,13.5,7.2,0,0,0,0,Never,Moderate,0,1.9,6,3,0,9,2024-09-26,0
P103352,25,Male,27.0,136.0,71.0,80.0,95.6,37.6,13.0,147.0,5.2,143.0,1.23,13.6,7.8,0,0,0,0,Never,High,1,4.9,3,1,1,14,2025-09-01,0
P103353,71,Female,28.8,149.0,70.0,78.0,96.2,36.5,12.0,83.0,6.3,155.0,1.23,13.0,9.5,1,1,0,0,Former,Low,1,4.6,4,2,0,21,2025-05-04,1
P103354,89,Female,27.9,147.0,85.0,66.0,99.4,36.0,20.0,92.0,6.7,224.0,1.2,14.2,4.6,1,0,0,0,Never,Moderate,0,1.7,7,0,1,21,2024-08-19,0
P103355,50,Female,26.6,141.0,73.0,75.0,94.2,36.2,16.0,144.0,5.7,275.0,0.84,12.0,9.4,0,0,0,0,Never,Low,0,3.5,2,2,2,4,2024-11-21,0
P103356,22,Female,26.0,115.0,75.0,85.0,96.5,36.5,23.0,74.0,5.0,229.0,1.0,12.8,8.2,0,0,0,0,Former,Moderate,1,4.0,1,1,0,25,2024-02-13,0
P103357,81,Female,25.3,141.0,72.0,76.0,94.5,37.3,17.0,71.0,5.0,202.0,1.56,13.2,10.3,0,0,0,0,Never,Low,0,7.8,5,1,1,19,2024-03-24,0
P103358,31,Female,28.7,104.0,77.0,70.0,97.7,36.2,18.0,97.0,6.2,160.0,0.83,12.8,9.8,0,0,1,0,Never,High,0,2.8,4,0,0,21,2025-07-19,0
P103359,56,Female,29.6,159.0,71.0,73.0,95.2,36.2,21.0,82.0,6.5,184.0,1.19,14.3,7.2,0,1,0,0,Current,High,1,5.1,6,1,0,1,2025-06-08,0
P103360,89,Male,28.5,113.0,92.0,90.0,96.6,37.0,12.0,184.0,7.2,198.0,1.68,15.3,5.5,0,1,0,0,Never,Moderate,0,4.6,6,1,3,13,2025-04-30,1
P103361,72,Female,21.4,129.0,88.0,84.0,94.1,37.2,19.0,143.0,5.1,229.0,1.14,13.0,8.3,0,1,0,0,Never,High,1,5.3,5,4,1,10,2025-12-13,1
P103362,21,Female,22.3,106.0,82.0,82.0,98.8,36.0,17.0,87.0,5.6,176.0,0.78,10.6,4.8,0,0,0,0,Former,Low,0,2.6,4,0,1,24,2024-07-26,0
P103363,77,Male,29.6,123.0,81.0,81.0,96.6,35.9,22.0,82.0,5.5,210.0,0.94,16.4,7.4,0,0,0,0,Former,Moderate,2,5.9,8,0,0,25,2025-06-18,0
P103364,29,Female,35.2,130.0,60.0,62.0,96.7,36.4,16.0,120.0,5.6,205.0,0.4,11.8,5.5,0,0,0,0,Never,High,0,8.0,5,2,0,18,2024-10-06,0
P103365,72,Female,28.3,126.0,79.0,79.0,98.0,37.1,19.0,158.0,8.7,199.0,0.73,15.9,6.5,0,0,0,0,Never,High,2,1.9,6,1,2,1,2025-09-12,1
P103366,63,Male,25.4,153.0,75.0,89.0,94.2,36.9,17.0,125.0,6.8,180.0,1.13,13.3,2.6,0,1,0,0,Never,Moderate,1,3.6,2,3,1,1,2025-05-15,1
P103367,39,Male,28.7,135.0,84.0,73.0,95.4,36.4,19.0,77.0,5.0,200.0,1.24,15.0,6.8,0,0,0,0,Former,Low,0,1.0,3,1,0,22,2024-10-18,0
P103368,48,Male,21.6,124.0,88.0,88.0,96.8,37.2,17.0,61.0,5.5,191.0,0.87,15.6,7.2,0,0,0,0,Never,Moderate,1,4.9,11,0,0,25,2025-10-01,0
P103369,26,Female,34.3,127.0,84.0,83.0,93.3,36.9,19.0,94.0,5.2,165.0,1.2,12.9,5.9,0,0,0,0,Former,Low,1,3.0,4,0,0,14,2025-09-03,0
P103370,90,Female,28.5,158.0,97.0,86.0,93.5,36.7,24.0,130.0,6.4,229.0,1.37,13.7,6.8,1,1,1,0,Never,Moderate,1,4.6,5,2,0,9,2025-11-25,1
P103371,35,Female,24.0,146.0,75.0,77.0,95.0,36.0,17.0,93.0,4.2,255.0,0.74,12.8,4.8,0,0,0,0,Never,Moderate,2,2.2,0,0,1,10,2025-08-09,0
P103372,40,Female,26.6,111.0,75.0,87.0,94.4,36.4,19.0,145.0,6.0,201.0,0.8,16.0,8.6,0,0,0,0,Current,Moderate,0,3.7,3,1,1,10,2024-04-08,1
P103373,54,Male,24.8,121.0,93.0,58.0,95.9,37.8,26.0,131.0,4.0,193.0,0.64,14.9,7.0,0,0,0,0,Current,Low,1,10.5,4,4,0,6,2024-08-09,0
P103374,67,Female,34.3,142.0,85.0,76.0,97.4,36.6,19.0,123.0,4.5,224.0,1.26,13.0,11.5,1,1,1,0,Current,Moderate,0,4.3,7,2,1,14,2025-06-09,1
P103375,54,Male,26.4,138.0,80.0,85.0,97.8,36.3,10.0,130.0,7.6,202.0,1.01,15.0,7.6,1,1,0,0,Former,Low,0,4.6,6,0,1,12,2024-12-19,1
P103376,54,Male,28.3,115.0,101.0,80.0,99.8,36.6,16.0,64.0,5.5,238.0,1.26,16.3,7.8,0,0,0,0,Former,Moderate,3,4.6,10,0,0,10,2024-07-19,0
P103377,60,Male,30.5,146.0,88.0,89.0,96.5,36.9,14.0,96.0,7.2,199.0,1.01,15.2,6.1,0,1,1,0,Never,Low,1,15.3,5,1,1,19,2025-03-17,1
P103378,80,Female,23.6,120.0,82.0,74.0,96.8,37.2,21.0,81.0,5.4,217.0,0.83,13.5,9.4,0,0,1,0,Never,Moderate,0,2.2,6,2,0,15,2025-10-11,0
P103379,46,Male,28.5,154.0,75.0,69.0,96.5,37.1,18.0,125.0,4.0,261.0,1.21,12.4,6.1,1,0,0,0,Never,Low,2,3.8,8,2,1,19,2025-07-09,0
P103380,78,Male,28.9,144.0,97.0,56.0,97.1,36.5,22.0,81.0,5.2,243.0,0.53,16.3,10.5,0,0,1,0,Never,High,3,9.9,8,1,1,15,2025-09-23,1
P103381,75,Male,19.4,116.0,86.0,73.0,97.2,37.4,20.0,119.0,8.5,189.0,0.98,15.1,10.4,0,1,1,0,Never,High,0,2.8,8,2,1,9,2025-12-13,0
P103382,88,Male,28.8,128.0,85.0,82.0,98.2,37.2,20.0,113.0,5.0,236.0,0.9,13.9,6.0,0,0,0,0,Never,Moderate,0,3.1,8,2,0,8,2025-04-23,0
P103383,84,Female,27.3,127.0,91.0,85.0,98.2,36.6,14.0,139.0,7.8,154.0,1.53,13.7,6.4,0,1,0,0,Never,Low,0,1.0,5,2,2,21,2025-03-13,0
P103384,76,Female,28.2,138.0,92.0,59.0,97.4,36.7,20.0,75.0,6.4,187.0,1.57,15.3,5.5,0,1,0,0,Former,Moderate,0,1.4,1,0,1,17,2025-11-05,0
P103385,36,Female,27.7,127.0,87.0,90.0,99.2,37.1,23.0,125.0,5.7,227.0,1.08,14.3,4.3,0,0,0,0,Current,High,0,5.5,6,0,0,17,2024-02-26,0
P103386,74,Female,28.8,115.0,92.0,64.0,96.5,37.3,13.0,79.0,5.4,253.0,0.91,16.2,7.6,0,0,0,0,Current,Moderate,2,3.1,7,1,1,6,2025-03-06,0
P103387,71,Female,34.5,111.0,88.0,75.0,95.4,36.0,17.0,82.0,5.2,166.0,1.54,14.5,7.0,0,0,0,0,Former,Moderate,0,1.1,5,2,1,1,2025-05-19,0
P103388,39,Female,21.4,140.0,87.0,69.0,95.7,36.8,19.0,105.0,6.2,194.0,0.77,10.3,8.3,0,0,0,0,Current,Moderate,1,1.5,6,0,1,12,2025-09-26,0
P103389,67,Male,25.7,139.0,76.0,81.0,96.3,36.8,18.0,157.0,7.2,195.0,0.66,16.5,6.9,0,0,0,0,Never,Moderate,3,5.2,1,2,2,19,2024-04-30,1
P103390,36,Female,31.0,132.0,99.0,77.0,94.5,36.5,23.0,80.0,,191.0,0.4,10.6,8.7,1,0,0,0,Never,High,1,3.5,4,1,1,20,2024-10-16,0
P103391,56,Female,30.0,137.0,70.0,84.0,95.4,36.5,21.0,55.0,6.5,149.0,1.05,15.2,6.9,0,0,0,0,Current,Moderate,1,4.0,5,0,0,4,2025-11-30,0
P103392,76,Female,29.9,125.0,87.0,98.0,94.4,37.3,19.0,84.0,5.7,214.0,0.6,14.5,6.6,0,0,0,0,Current,Low,1,1.8,6,4,0,4,2024-02-13,0
P103393,31,Male,41.8,133.0,67.0,81.0,97.1,37.1,21.0,95.0,7.5,,1.34,17.1,7.2,1,0,0,0,Current,Moderate,1,4.4,2,0,1,11,2025-12-05,0
P103394,42,Male,30.7,174.0,81.0,69.0,97.1,37.9,21.0,176.0,5.9,238.0,0.81,15.3,8.5,0,1,0,0,Former,Moderate,0,3.1,4,0,1,14,2025-08-23,0
P103395,76,Female,33.4,155.0,78.0,82.0,93.3,36.5,18.0,130.0,7.9,246.0,0.72,13.6,6.3,0,0,0,1,Never,High,1,5.8,9,2,2,11,2025-09-17,0
P103396,51,Female,25.9,127.0,83.0,99.0,95.3,36.9,17.0,86.0,4.9,171.0,1.32,15.1,8.8,0,1,1,0,Former,Moderate,0,4.7,7,3,0,2,2025-05-25,0
P103397,88,Male,22.3,128.0,88.0,84.0,99.8,37.0,21.0,114.0,6.2,147.0,1.36,12.8,5.5,0,0,0,0,Never,High,1,2.2,5,3,0,18,2024-02-27,0
P103398,18,Female,25.9,90.0,71.0,87.0,97.6,37.2,15.0,161.0,6.4,194.0,1.37,13.3,6.4,0,0,0,0,Former,Moderate,0,1.0,5,0,1,12,2024-12-22,0
P103399,70,Male,31.2,153.0,83.0,57.0,97.3,37.5,18.0,107.0,6.2,175.0,0.58,14.3,3.3,0,0,0,0,Never,Low,1,1.4,5,0,0,19,2025-12-22,0
P103400,77,Female,29.6,149.0,98.0,81.0,95.3,36.8,14.0,109.0,6.6,187.0,0.55,12.6,6.3,1,1,0,0,Former,Low,1,4.0,5,2,1,14,2025-11-18,0
P103401,85,Male,29.6,127.0,71.0,73.0,97.0,36.3,21.0,104.0,5.3,198.0,1.54,13.7,4.8,1,1,1,1,Current,Low,2,5.3,8,4,1,5,2024-09-25,1
P103402,29,Male,26.4,105.0,72.0,68.0,96.5,36.4,22.0,133.0,5.2,160.0,0.4,14.8,8.1,0,0,0,0,Never,Moderate,0,2.6,2,2,0,15,2025-06-18,0
P103403,89,Female,25.6,117.0,93.0,76.0,95.1,36.9,15.0,101.0,5.5,258.0,0.78,14.3,8.0,1,1,0,1,Never,High,0,3.9,6,3,1,8,2025-06-15,0
P103404,46,Female,26.6,139.0,83.0,77.0,95.6,37.4,17.0,142.0,5.7,171.0,1.0,15.4,9.4,0,0,0,0,Former,Moderate,1,1.0,3,1,1,16,2025-09-27,0
P103405,43,Male,31.3,130.0,83.0,69.0,95.7,36.1,16.0,148.0,5.5,231.0,0.61,14.2,10.3,0,0,0,0,Never,Moderate,0,1.0,5,0,1,17,2024-11-02,0
P103406,43,Male,31.9,143.0,92.0,78.0,93.8,36.2,22.0,132.0,5.2,161.0,1.04,14.0,6.7,0,0,0,0,Never,Moderate,0,4.8,9,0,0,23,2024-10-10,1
P103407,64,Female,22.3,135.0,75.0,74.0,94.1,37.2,23.0,107.0,6.5,197.0,0.72,9.0,5.5,0,1,0,0,Never,High,1,9.7,8,1,1,24,2025-01-09,0
P103408,66,Male,31.5,150.0,78.0,84.0,96.1,36.2,16.0,66.0,5.0,212.0,1.41,16.8,7.9,0,1,0,0,Never,Moderate,1,6.6,12,0,1,11,2024-07-18,0
P103409,52,Female,24.1,139.0,76.0,79.0,95.0,36.2,10.0,105.0,4.0,200.0,1.21,11.2,6.2,0,0,0,0,Former,Moderate,0,6.8,5,0,0,21,2024-05-26,0
P103410,23,Female,29.9,143.0,77.0,81.0,96.0,37.4,22.0,84.0,5.0,185.0,1.0,13.9,5.8,0,0,0,0,Current,High,0,7.9,3,1,0,14,2025-01-07,0
P103411,90,Female,26.5,101.0,98.0,88.0,93.6,36.7,18.0,92.0,8.2,176.0,1.02,13.6,7.0,1,1,1,0,Never,Moderate,1,6.6,11,3,1,10,2025-10-19,0
P103412,34,Male,35.6,109.0,64.0,83.0,97.9,36.7,18.0,101.0,6.1,180.0,0.66,16.1,5.8,0,0,0,0,Never,Moderate,0,1.0,2,2,0,12,2024-12-27,0
P103413,24,Male,25.3,123.0,68.0,76.0,100.0,37.5,21.0,124.0,4.7,169.0,0.88,13.3,11.1,0,0,0,0,Former,Moderate,1,2.7,5,1,1,13,2025-05-20,0
P103414,61,Female,28.4,152.0,69.0,51.0,98.3,36.3,17.0,92.0,6.3,208.0,0.69,14.1,6.5,1,1,1,0,Never,Moderate,0,4.8,11,2,0,6,2025-05-27,0
P103415,48,Male,30.7,164.0,96.0,82.0,98.5,36.2,16.0,64.0,5.7,265.0,1.53,17.0,6.9,0,0,0,0,Current,Moderate,1,2.7,10,2,2,3,2025-02-23,0
P103416,62,Female,23.0,131.0,77.0,65.0,97.6,37.6,17.0,81.0,6.3,209.0,1.13,13.5,8.6,0,0,0,0,Never,Moderate,1,2.6,5,3,0,25,2025-06-15,0
P103417,81,Male,27.1,125.0,81.0,75.0,97.0,36.9,20.0,177.0,7.0,218.0,0.85,13.3,11.4,1,0,0,0,Current,Moderate,1,1.5,7,1,3,24,2024-05-20,1
P103418,25,Female,26.1,96.0,64.0,80.0,96.7,37.1,21.0,127.0,5.7,236.0,1.36,11.0,6.5,0,0,0,0,Never,High,2,1.1,5,1,0,20,2024-02-05,1
P103419,38,Male,24.8,145.0,79.0,92.0,94.9,36.6,24.0,76.0,5.8,178.0,0.95,16.8,3.3,0,0,0,0,Never,High,0,1.1,2,1,0,11,2024-10-26,0
P103420,55,Female,25.2,123.0,91.0,98.0,97.7,36.7,19.0,158.0,7.2,126.0,1.41,12.5,6.8,0,1,0,0,Never,Low,0,7.4,4,0,3,15,2024-07-01,0
P103421,75,Female,33.3,185.0,86.0,65.0,97.6,36.4,17.0,108.0,6.6,195.0,1.46,12.8,3.6,0,1,1,0,Never,High,0,7.8,7,1,2,24,2024-10-16,1
P103422,61,Male,24.4,121.0,82.0,60.0,95.7,37.0,21.0,194.0,6.1,227.0,1.16,18.0,6.0,1,1,0,0,Former,Low,0,1.0,6,2,1,7,2025-09-22,1
P103423,45,Male,30.4,167.0,66.0,80.0,97.4,37.2,15.0,120.0,5.8,271.0,0.63,16.0,10.0,1,0,0,0,Former,Low,3,1.0,4,5,1,4,2024-02-29,1
P103424,62,Male,29.1,146.0,79.0,79.0,95.3,36.9,23.0,134.0,5.4,158.0,0.87,16.3,5.4,0,0,0,0,Never,Low,0,5.2,3,3,0,12,2024-09-26,0
P103425,89,Male,20.2,119.0,86.0,62.0,95.4,37.3,19.0,148.0,5.1,237.0,2.12,17.1,4.9,0,0,0,0,Never,Moderate,2,2.0,6,0,2,16,2025-03-18,0
P103426,53,Male,30.2,136.0,72.0,76.0,97.9,37.1,17.0,165.0,6.4,205.0,0.85,12.3,8.7,0,0,0,1,Never,Moderate,0,1.6,7,0,1,14,2025-07-25,1
P103427,82,Male,20.1,149.0,90.0,83.0,97.3,36.3,15.0,102.0,7.3,180.0,1.02,16.9,6.6,0,0,0,0,Current,High,0,4.4,9,1,1,15,2025-02-26,1
P103428,74,Female,30.8,131.0,92.0,61.0,96.1,36.7,20.0,165.0,6.5,155.0,0.94,15.7,9.4,0,1,0,0,Former,Moderate,2,2.0,3,2,1,13,2024-01-13,1
P103429,39,Female,24.9,145.0,76.0,64.0,95.9,36.6,17.0,88.0,6.2,173.0,0.7,12.5,6.4,0,1,0,0,Never,Moderate,0,7.7,4,1,0,4,2025-02-19,0
P103430,36,Male,27.5,144.0,88.0,68.0,96.8,37.2,18.0,97.0,4.8,217.0,1.16,15.7,8.3,0,1,0,0,Never,Moderate,0,6.3,7,0,0,13,2025-02-03,0
P103431,74,Male,20.8,145.0,82.0,73.0,93.2,37.0,12.0,117.0,5.6,241.0,0.7,16.1,3.9,1,0,0,0,Former,Moderate,2,1.2,6,1,1,3,2024-11-25,1
P103432,33,Male,28.1,130.0,92.0,84.0,95.1,36.9,16.0,141.0,4.4,91.0,0.72,13.5,5.1,1,0,0,0,Never,High,1,2.7,6,2,1,13,2025-06-18,0
P103433,42,Female,32.3,111.0,102.0,72.0,94.2,37.3,16.0,99.0,,214.0,1.06,14.6,6.6,0,1,0,0,Former,Low,0,4.7,7,0,0,13,2024-06-03,0
P103434,35,Male,23.3,129.0,70.0,77.0,96.5,35.9,19.0,167.0,6.5,173.0,0.88,13.6,6.2,1,0,0,0,Never,High,0,3.0,7,1,1,7,2024-02-04,0
P103435,62,Male,24.3,136.0,90.0,103.0,98.5,36.5,17.0,161.0,5.3,177.0,1.08,18.0,12.0,0,0,0,1,Former,Low,0,3.0,4,0,2,7,2025-03-18,0
P103436,39,Male,29.9,99.0,94.0,65.0,97.4,36.5,10.0,111.0,5.6,211.0,0.96,14.8,9.0,1,0,0,0,Never,Moderate,0,2.1,3,1,0,13,2025-10-08,0
P103437,66,Female,30.0,137.0,73.0,68.0,95.6,36.9,17.0,81.0,6.6,268.0,0.72,14.1,9.0,0,1,0,0,Never,Moderate,2,3.0,4,1,2,11,2024-12-28,0
P103438,86,Male,16.0,135.0,78.0,84.0,95.2,37.1,13.0,154.0,7.3,168.0,1.52,12.2,6.7,0,1,0,0,Former,High,0,4.5,11,1,3,7,2024-06-25,1
P103439,78,Female,38.0,113.0,78.0,88.0,95.1,36.8,14.0,55.0,4.7,191.0,1.4,13.8,4.2,1,1,0,0,Never,Low,0,1.0,13,3,0,16,2025-03-22,0
P103440,87,Male,30.2,131.0,83.0,81.0,100.0,36.1,22.0,145.0,5.8,135.0,0.84,16.4,10.3,0,0,0,0,Current,Moderate,1,1.6,6,0,1,21,2024-01-09,1
P103441,19,Male,31.1,123.0,77.0,98.0,96.6,37.0,12.0,78.0,4.8,212.0,1.04,13.3,3.8,0,0,0,0,Never,Low,1,1.0,5,1,0,2,2024-06-26,0
P103442,51,Male,26.8,165.0,80.0,80.0,96.9,36.9,19.0,156.0,5.0,169.0,0.87,13.8,5.9,0,0,0,0,Never,Low,0,1.3,6,1,1,20,2025-03-02,0
P103443,34,Male,17.9,134.0,89.0,52.0,92.7,36.1,16.0,61.0,5.3,255.0,1.26,13.5,8.1,0,0,0,1,Current,Low,0,2.5,10,2,1,6,2024-11-12,1
P103444,85,Female,31.0,154.0,65.0,77.0,94.4,36.7,16.0,95.0,4.5,209.0,1.35,11.5,12.2,0,1,0,0,Current,Moderate,1,4.7,8,0,1,12,2025-08-10,0
P103445,69,Male,24.6,132.0,73.0,69.0,96.4,37.0,15.0,131.0,5.7,184.0,1.41,12.7,10.5,0,0,0,0,Current,High,0,2.0,7,3,1,21,2025-08-23,1
P103446,41,Male,30.3,99.0,88.0,93.0,95.6,37.6,19.0,131.0,5.7,185.0,0.71,16.1,8.2,0,0,0,0,Current,High,0,2.4,3,1,0,13,2025-01-10,0
P103447,59,Male,26.4,145.0,88.0,88.0,96.7,36.3,20.0,92.0,5.0,209.0,0.65,12.7,11.3,1,0,0,0,Former,Moderate,0,4.0,5,1,1,15,2025-03-30,1
P103448,62,Female,28.7,122.0,72.0,57.0,96.7,37.2,12.0,103.0,5.5,221.0,0.52,10.5,6.0,0,1,0,0,Never,High,1,6.9,7,1,1,9,2024-08-09,0
P103449,54,Male,23.5,127.0,88.0,92.0,97.6,36.3,22.0,146.0,5.9,151.0,1.76,13.8,7.9,0,0,0,0,Never,Low,1,1.3,2,0,2,14,2024-01-20,0
P103450,52,Female,32.0,114.0,95.0,87.0,93.1,36.2,14.0,148.0,5.9,189.0,1.26,13.3,9.9,0,0,0,0,Former,Low,1,1.5,9,3,1,19,2025-02-11,1
P103451,22,Female,21.3,130.0,80.0,72.0,94.5,36.2,19.0,95.0,4.0,195.0,1.26,14.1,4.2,0,0,0,0,Former,Moderate,1,1.2,3,2,0,11,2025-05-21,0
P103452,51,Female,39.2,150.0,72.0,75.0,96.3,37.1,14.0,91.0,6.4,203.0,0.6,11.9,7.8,0,0,0,0,Former,Moderate,0,1.0,4,1,0,13,2024-05-05,0
P103453,43,Female,39.1,147.0,90.0,93.0,95.3,36.9,16.0,63.0,6.4,245.0,1.16,12.3,7.9,0,1,0,0,Never,Moderate,0,4.9,7,1,1,23,2025-07-25,0
P103454,77,Female,36.0,162.0,101.0,52.0,95.9,36.6,14.0,126.0,5.5,141.0,0.6,14.0,7.8,1,0,0,0,Never,High,1,4.6,6,1,0,11,2024-12-28,0
P103455,81,Male,34.1,165.0,75.0,81.0,96.7,37.0,16.0,146.0,7.7,231.0,1.22,16.0,4.9,0,0,1,0,Former,Moderate,2,5.1,10,1,2,17,2024-06-11,1
P103456,72,Female,27.1,100.0,84.0,89.0,95.2,36.8,17.0,121.0,6.5,209.0,,15.1,7.9,0,1,1,0,Never,Moderate,2,4.2,8,3,0,11,2024-11-09,1
P103457,20,Female,33.6,108.0,91.0,75.0,96.8,36.9,14.0,74.0,5.7,176.0,0.83,13.9,7.6,0,0,0,0,Former,Low,1,1.3,5,1,0,15,2025-02-08,0
P103458,79,Male,27.0,105.0,85.0,84.0,97.5,36.6,19.0,180.0,6.8,226.0,0.94,12.1,5.9,1,0,0,0,Never,Low,1,7.6,2,0,2,19,2024-06-02,1
P103459,46,Male,19.4,142.0,64.0,77.0,96.6,36.3,20.0,55.0,4.8,180.0,1.32,13.3,8.6,0,0,0,0,Never,Low,0,7.6,2,0,0,16,2025-10-25,0
P103460,48,Female,35.3,120.0,86.0,67.0,97.8,37.6,27.0,142.0,5.5,126.0,0.85,15.1,9.7,1,0,0,0,Never,Low,0,8.2,4,0,1,20,2025-09-13,0
P103461,86,Female,33.4,128.0,74.0,66.0,92.6,37.5,21.0,126.0,6.8,90.0,,15.9,5.6,1,1,0,0,Never,Low,1,10.9,8,2,2,9,2024-01-27,1
P103462,81,Female,27.3,132.0,71.0,85.0,95.4,37.6,22.0,134.0,5.5,149.0,1.08,13.1,8.0,0,0,0,0,Never,Low,3,2.9,7,4,0,1,2025-04-20,0
P103463,21,Male,21.1,135.0,63.0,68.0,98.1,36.5,12.0,79.0,5.1,174.0,1.02,14.3,9.8,0,0,0,0,Never,Low,0,3.9,2,1,0,18,2025-07-28,0
P103464,44,Male,24.5,106.0,94.0,58.0,94.9,36.5,11.0,106.0,6.3,202.0,1.14,13.1,9.8,0,0,0,1,Never,High,0,4.8,6,2,0,14,2024-03-25,0
P103465,72,Female,18.0,113.0,75.0,77.0,94.7,36.6,17.0,126.0,6.3,218.0,1.19,15.3,6.7,0,1,1,0,Never,Moderate,1,2.3,8,0,0,8,2025-08-07,0
P103466,57,Male,32.4,133.0,86.0,70.0,96.3,37.3,24.0,110.0,5.9,185.0,1.08,13.0,9.1,0,0,0,0,Never,Moderate,1,5.8,6,1,0,11,2024-01-01,0
P103467,36,Female,19.2,151.0,87.0,62.0,96.5,36.8,27.0,55.0,5.7,141.0,1.56,16.1,6.5,0,1,0,1,Never,Moderate,3,2.4,6,0,1,19,2025-10-10,0
P103468,56,Female,29.0,132.0,84.0,77.0,95.5,36.5,16.0,173.0,5.7,181.0,1.33,13.1,8.6,0,1,0,0,Never,High,3,2.1,10,1,1,13,2024-06-27,1
P103469,81,Male,23.1,122.0,87.0,85.0,99.8,37.0,16.0,140.0,6.9,187.0,0.4,13.3,5.5,0,1,0,0,Never,Moderate,2,3.4,10,0,1,4,2025-11-25,1
P103470,34,Female,20.1,94.0,85.0,76.0,97.0,36.4,20.0,110.0,7.5,261.0,0.89,10.5,4.0,0,0,0,0,Never,Moderate,0,1.1,3,1,3,20,2025-12-14,0
P103471,72,Male,28.7,151.0,85.0,63.0,94.9,36.1,17.0,119.0,6.3,216.0,1.48,14.2,8.1,0,0,0,0,Never,Low,1,5.7,5,0,1,19,2024-07-12,0
P103472,71,Male,25.8,122.0,76.0,82.0,93.9,36.9,17.0,175.0,7.2,132.0,0.84,14.4,8.8,0,0,0,0,Former,High,2,13.9,3,3,2,1,2025-05-25,0
P103473,82,Male,31.9,116.0,75.0,88.0,97.2,36.5,20.0,92.0,5.8,183.0,1.1,14.1,8.4,0,0,0,0,Never,Moderate,1,2.6,8,3,0,7,2024-07-15,0
P103474,39,Female,20.9,102.0,80.0,103.0,94.8,36.8,28.0,76.0,5.1,221.0,0.99,13.2,5.4,0,0,0,0,Never,Moderate,1,1.5,4,0,0,25,2025-08-27,0
P103475,33,Female,23.6,105.0,80.0,93.0,100.0,35.5,23.0,139.0,4.9,196.0,1.39,15.3,2.1,0,0,0,0,Current,Low,0,1.3,5,1,0,21,2025-07-13,0
P103476,57,Male,16.0,116.0,87.0,64.0,97.3,36.4,25.0,129.0,5.1,133.0,0.73,15.5,8.7,1,0,0,0,Former,Moderate,1,1.3,7,1,0,22,2024-06-06,0
P103477,56,Female,16.1,129.0,93.0,86.0,97.5,36.8,12.0,78.0,5.6,226.0,0.77,13.5,9.9,0,0,0,0,Former,Low,0,4.3,6,0,0,1,2025-03-29,0
P103478,47,Female,36.9,111.0,85.0,79.0,96.9,36.0,22.0,150.0,6.6,209.0,1.13,14.9,3.2,0,0,0,0,Never,Moderate,0,1.9,8,0,2,20,2024-06-05,0
P103479,74,Female,38.3,138.0,75.0,62.0,98.5,36.1,15.0,127.0,7.0,189.0,1.17,11.8,6.4,0,1,1,0,Former,Moderate,2,2.9,8,5,1,10,2024-05-26,1
P103480,76,Female,28.0,131.0,62.0,79.0,92.2,36.8,24.0,85.0,5.7,164.0,1.22,14.3,5.1,0,0,1,0,Never,Moderate,2,1.5,7,2,0,28,2024-08-24,0
P103481,35,Female,23.2,168.0,73.0,99.0,94.3,37.2,23.0,126.0,5.3,234.0,1.05,14.2,7.5,1,0,0,0,Current,Low,1,1.9,4,1,0,14,2024-08-10,0
P103482,76,Female,25.9,106.0,70.0,90.0,98.4,36.4,20.0,129.0,6.1,126.0,1.04,15.4,9.7,0,0,0,0,Former,Moderate,3,4.3,3,1,0,17,2024-09-25,0
P103483,34,Female,32.0,133.0,74.0,64.0,99.2,36.7,15.0,106.0,5.8,136.0,1.11,11.1,6.5,0,0,0,0,Never,Low,2,3.2,9,2,0,26,2025-04-24,1
P103484,47,Male,24.8,135.0,84.0,76.0,94.3,36.7,16.0,125.0,6.3,167.0,1.05,13.3,6.0,0,0,0,0,Never,Low,0,1.0,2,2,0,18,2025-06-18,0
P103485,19,Male,28.7,111.0,81.0,82.0,93.2,36.0,17.0,128.0,5.1,206.0,0.84,13.4,7.8,0,1,0,0,Never,High,1,3.3,4,0,0,5,2025-03-26,1
P103486,42,Male,27.4,133.0,100.0,55.0,96.8,37.4,21.0,143.0,5.5,143.0,0.96,15.3,2.8,0,0,0,0,Former,Moderate,1,3.8,6,1,1,18,2024-09-18,0
P103487,87,Female,24.5,150.0,89.0,56.0,97.4,36.7,19.0,122.0,7.5,174.0,0.96,13.5,8.7,1,0,0,1,Never,Moderate,0,2.9,13,3,1,3,2025-08-30,1
P103488,50,Female,24.8,134.0,101.0,78.0,96.8,36.7,23.0,103.0,5.5,182.0,0.8,14.1,9.1,0,1,0,0,Current,Low,1,9.1,2,0,0,17,2025-08-19,1
P103489,69,Female,29.0,158.0,90.0,78.0,96.4,37.0,24.0,124.0,5.5,208.0,1.21,10.0,7.0,0,0,0,1,Former,Low,1,2.1,6,2,1,15,2024-10-19,1
P103490,25,Male,22.4,92.0,91.0,54.0,93.2,36.0,15.0,149.0,5.4,184.0,0.56,16.8,6.1,0,0,0,0,Never,High,1,1.0,3,1,1,11,2024-10-18,0
P103491,64,Male,29.8,119.0,79.0,81.0,95.8,37.3,20.0,137.0,6.0,185.0,1.23,15.0,6.4,0,0,0,0,Current,Low,1,4.3,8,0,0,18,2025-04-08,0
P103492,45,Male,25.0,156.0,71.0,89.0,96.1,37.3,20.0,100.0,4.4,168.0,0.91,15.4,6.4,0,0,0,0,Former,Moderate,0,5.2,5,0,0,24,2025-08-30,1
P103493,72,Female,28.2,150.0,79.0,73.0,95.5,36.9,18.0,118.0,5.7,236.0,1.04,13.8,6.9,1,0,0,0,Never,High,2,1.7,5,0,0,15,2025-09-24,0
P103494,85,Male,34.7,145.0,84.0,77.0,93.0,37.0,21.0,177.0,6.6,220.0,1.06,13.7,3.9,0,0,0,0,Current,High,0,1.6,5,2,2,15,2024-07-21,0
P103495,56,Male,26.6,154.0,76.0,83.0,97.6,36.6,20.0,139.0,7.7,219.0,1.16,15.4,7.8,0,1,0,0,Former,Low,1,1.9,7,0,1,22,2025-06-19,0
P103496,25,Female,32.3,96.0,70.0,81.0,98.1,37.2,16.0,113.0,5.0,165.0,1.34,13.3,6.3,0,1,0,0,Never,Low,0,4.6,0,1,0,22,2025-09-24,0
P103497,52,Male,18.2,146.0,86.0,56.0,95.1,36.4,18.0,152.0,6.5,176.0,1.51,14.7,7.0,0,1,0,0,Never,Low,0,2.9,7,2,2,14,2025-11-22,0
P103498,26,Female,25.1,147.0,71.0,65.0,96.2,36.8,17.0,89.0,5.7,213.0,1.22,13.9,5.8,0,0,0,0,Former,Moderate,0,5.6,8,2,0,27,2024-11-15,1
P103499,50,Female,27.6,121.0,67.0,71.0,95.6,36.8,15.0,124.0,6.8,173.0,1.02,13.0,7.8,0,0,0,0,Never,Moderate,2,2.8,3,0,1,28,2024-01-19,0
P103500,22,Male,37.5,173.0,69.0,66.0,95.6,36.8,18.0,173.0,4.9,160.0,1.14,12.6,9.7,0,0,0,0,Never,Moderate,0,3.5,4,1,1,8,2024-12-13,0
P103501,64,Male,17.3,137.0,80.0,94.0,97.4,37.3,13.0,137.0,7.0,206.0,0.48,14.3,7.4,1,0,0,0,Current,Moderate,0,5.0,8,2,1,1,2025-09-14,1
P103502,40,Male,27.0,94.0,71.0,84.0,97.4,37.9,20.0,167.0,6.9,145.0,1.14,17.0,3.7,0,0,0,0,Former,Moderate,0,9.4,2,1,2,7,2025-04-04,0
P103503,32,Male,35.1,136.0,79.0,63.0,98.4,36.7,23.0,106.0,6.9,187.0,1.06,13.8,7.0,0,1,0,0,Never,Moderate,1,1.8,3,1,1,25,2025-01-15,0
P103504,19,Male,23.4,116.0,86.0,73.0,98.4,37.0,18.0,90.0,6.7,229.0,0.47,14.7,7.4,0,0,0,0,Never,High,0,1.0,3,2,1,10,2024-11-12,0
P103505,82,Male,26.4,156.0,90.0,90.0,96.2,36.4,21.0,158.0,6.4,201.0,0.93,15.9,6.9,1,0,1,1,Former,Low,2,5.4,5,4,1,12,2025-12-08,1
P103506,79,Male,29.2,145.0,77.0,68.0,100.0,37.3,19.0,55.0,6.7,155.0,1.16,17.8,5.5,1,0,0,0,Former,Moderate,3,5.0,7,0,1,17,2025-12-03,0
P103507,77,Female,28.5,125.0,71.0,86.0,99.3,36.5,14.0,123.0,5.7,213.0,1.19,12.8,6.9,0,0,0,1,Never,Moderate,1,4.1,7,0,0,14,2025-09-10,1
P103508,22,Male,35.6,154.0,75.0,93.0,95.3,38.4,25.0,143.0,4.0,172.0,1.18,12.8,8.7,0,1,0,0,Former,High,0,3.9,3,0,1,23,2024-03-11,1
P103509,43,Female,29.8,147.0,88.0,91.0,96.7,36.0,10.0,130.0,5.9,227.0,1.45,14.2,6.4,0,1,0,0,Never,Moderate,2,1.3,4,1,1,17,2024-07-06,0
P103510,88,Female,34.4,122.0,93.0,78.0,92.9,37.9,18.0,55.0,6.1,214.0,1.07,12.0,9.8,0,0,0,0,Never,Moderate,2,4.7,9,2,0,19,2025-05-08,0
P103511,60,Male,25.6,131.0,86.0,91.0,96.5,37.3,15.0,67.0,6.8,182.0,0.71,15.0,5.7,1,0,0,1,Never,Moderate,2,10.2,4,4,1,22,2025-06-19,0
P103512,27,Female,23.6,138.0,93.0,70.0,99.5,36.2,24.0,104.0,6.3,167.0,1.16,14.1,4.9,0,0,0,0,Former,High,0,5.4,2,3,0,7,2025-12-21,0
P103513,28,Male,26.3,123.0,98.0,106.0,100.0,38.0,19.0,125.0,4.6,163.0,1.29,13.9,6.5,0,0,0,0,Never,Moderate,0,1.0,4,0,0,20,2025-05-20,0
P103514,37,Female,21.5,125.0,76.0,79.0,96.3,36.3,27.0,128.0,7.7,293.0,1.32,12.8,2.9,0,0,0,0,Current,High,0,4.5,4,1,2,4,2025-06-05,0
P103515,88,Male,30.0,137.0,99.0,90.0,97.1,36.6,18.0,119.0,6.6,108.0,1.25,15.8,7.0,0,1,0,1,Former,High,3,3.3,5,2,1,12,2025-10-19,0
P103516,30,Female,25.5,111.0,78.0,72.0,97.6,36.2,15.0,134.0,4.4,128.0,1.5,14.8,6.3,0,0,0,0,Current,Moderate,1,1.4,4,1,1,7,2025-11-11,0
P103517,83,Female,,98.0,94.0,82.0,100.0,36.7,12.0,133.0,5.2,237.0,1.02,13.3,8.4,0,1,1,0,Never,Moderate,3,9.5,7,4,0,6,2024-11-19,1
P103518,67,Female,30.1,138.0,90.0,83.0,94.7,36.8,22.0,111.0,4.0,229.0,1.5,13.5,3.6,0,0,0,0,Never,Low,0,2.5,5,1,1,16,2025-04-16,0
P103519,85,Male,21.6,102.0,64.0,65.0,100.0,37.2,15.0,137.0,6.9,209.0,0.78,12.9,8.5,0,0,1,0,Former,Low,2,7.3,1,3,1,17,2025-06-22,0
P103520,78,Female,31.5,118.0,74.0,64.0,95.9,38.0,17.0,94.0,5.7,119.0,0.45,13.4,7.3,0,1,0,1,Current,Moderate,4,5.1,6,3,0,14,2024-12-21,1
P103521,42,Female,25.0,101.0,69.0,74.0,94.4,36.5,22.0,133.0,4.9,215.0,0.65,12.6,10.2,1,0,0,0,Never,Low,1,3.1,6,1,0,13,2025-01-10,0
P103522,78,Female,,107.0,66.0,89.0,95.9,35.4,22.0,87.0,5.6,158.0,0.92,13.3,6.7,0,1,0,0,Former,Moderate,2,5.3,3,1,0,18,2025-07-21,0
P103523,30,Female,25.5,137.0,90.0,54.0,95.0,37.1,16.0,125.0,5.3,191.0,0.94,15.3,7.7,0,0,0,0,Current,Moderate,0,1.9,1,0,0,18,2024-09-24,0
P103524,39,Male,30.8,127.0,102.0,72.0,97.3,36.5,16.0,126.0,6.2,210.0,0.71,12.9,8.3,0,1,0,0,Never,High,0,4.6,4,0,0,11,2025-11-05,0
P103525,33,Male,28.4,126.0,78.0,92.0,93.5,37.7,12.0,98.0,4.1,214.0,0.98,16.4,2.9,0,0,0,0,Never,Moderate,0,3.9,2,0,0,22,2025-04-04,0
P103526,27,Female,31.4,107.0,89.0,61.0,96.8,36.8,11.0,130.0,4.6,170.0,1.11,13.5,9.2,0,0,0,0,Never,Moderate,1,5.3,6,0,0,18,2025-08-17,0
P103527,24,Female,28.1,118.0,95.0,91.0,97.7,36.4,21.0,161.0,5.9,244.0,1.02,13.2,6.7,0,0,0,0,Former,Low,0,11.6,5,0,2,7,2025-05-27,0
P103528,31,Female,18.9,136.0,83.0,62.0,99.2,36.3,21.0,73.0,5.0,226.0,0.9,11.9,4.5,0,0,0,0,Never,Moderate,0,3.1,3,1,0,18,2024-07-16,0
P103529,26,Female,32.7,128.0,80.0,65.0,97.7,37.1,19.0,141.0,6.0,159.0,1.26,13.6,6.8,0,0,0,0,Never,Moderate,0,2.1,3,0,1,1,2025-10-03,0
P103530,45,Female,27.0,145.0,79.0,74.0,99.1,36.7,19.0,149.0,5.3,177.0,0.76,16.5,9.3,0,0,0,0,Never,High,0,3.8,7,1,1,1,2024-06-30,0
P103531,23,Female,31.6,145.0,86.0,98.0,95.4,37.5,16.0,100.0,6.9,166.0,0.85,9.4,6.3,0,0,0,0,Never,Moderate,0,1.9,2,0,2,16,2024-10-20,0
P103532,22,Male,31.1,124.0,89.0,68.0,97.2,36.7,23.0,135.0,5.7,193.0,0.76,11.7,7.2,0,0,0,0,Never,Low,1,2.5,2,0,0,6,2025-04-10,0
P103533,90,Male,23.5,105.0,89.0,55.0,92.5,37.5,12.0,110.0,7.4,219.0,1.3,14.3,3.0,0,0,0,0,Never,Moderate,1,2.7,8,2,1,29,2024-08-13,0
P103534,24,Male,22.7,116.0,85.0,59.0,96.3,36.1,16.0,151.0,6.0,125.0,0.8,15.1,5.3,0,0,0,0,Former,Moderate,0,2.9,2,0,1,16,2025-11-19,0
P103535,23,Female,30.9,127.0,80.0,87.0,97.2,35.9,19.0,55.0,6.0,120.0,1.03,14.6,8.4,1,0,0,0,Never,Moderate,0,1.0,7,1,0,8,2024-12-10,0
P103536,20,Female,25.9,115.0,64.0,60.0,97.4,37.2,18.0,157.0,4.8,163.0,1.14,13.9,9.1,0,0,0,0,Former,Moderate,1,5.0,4,2,1,7,2024-01-31,0
P103537,27,Female,32.4,111.0,90.0,90.0,93.7,36.6,18.0,69.0,6.6,246.0,0.79,10.7,7.4,0,0,0,0,Current,Moderate,0,3.0,3,1,3,8,2025-04-26,0
P103538,56,Male,26.6,134.0,70.0,77.0,95.8,36.7,16.0,116.0,6.1,204.0,0.57,15.5,8.2,0,0,0,0,Former,Moderate,0,1.0,8,1,0,16,2025-12-28,0
P103539,78,Female,32.8,177.0,90.0,76.0,96.0,36.3,20.0,89.0,5.3,255.0,1.02,12.9,6.2,0,0,0,0,Never,High,0,6.6,12,0,1,5,2025-04-24,0
P103540,71,Female,29.7,126.0,91.0,80.0,95.7,36.3,14.0,168.0,4.2,189.0,0.84,14.5,7.0,0,0,0,0,Never,Low,0,8.2,4,0,1,17,2025-02-16,1
P103541,60,Female,29.0,133.0,71.0,66.0,97.8,37.1,17.0,106.0,6.0,163.0,0.85,12.1,4.9,0,0,1,0,Current,Moderate,2,3.6,6,1,0,3,2025-12-23,1
P103542,24,Male,25.6,107.0,74.0,78.0,96.1,36.8,20.0,88.0,6.8,131.0,0.4,12.3,6.0,0,0,0,0,Former,Moderate,1,1.9,3,3,1,19,2024-07-19,0
P103543,74,Male,28.7,156.0,105.0,62.0,96.7,36.3,17.0,156.0,5.3,163.0,0.62,13.9,6.9,0,1,0,0,Never,High,1,4.0,15,0,1,10,2024-02-05,1
P103544,20,Male,33.7,143.0,79.0,92.0,95.6,37.2,18.0,132.0,4.6,171.0,1.13,15.3,3.9,0,1,0,0,Never,Low,0,5.1,5,2,0,11,2024-03-14,0
P103545,64,Female,27.2,147.0,71.0,64.0,98.4,37.4,19.0,103.0,5.7,103.0,0.78,13.8,11.8,0,1,1,1,Never,Low,2,3.8,4,0,1,22,2024-10-16,1
P103546,47,Female,30.3,155.0,90.0,81.0,98.6,36.7,12.0,77.0,6.8,163.0,1.31,13.2,5.6,0,0,0,0,Never,High,0,2.1,8,1,1,17,2025-09-29,1
P103547,82,Female,27.7,129.0,76.0,64.0,95.9,37.3,12.0,78.0,4.5,163.0,0.9,12.3,7.4,0,0,0,0,Never,Low,4,7.9,3,1,0,23,2024-12-11,0
P103548,40,Male,28.1,126.0,62.0,70.0,100.0,36.3,18.0,155.0,5.1,196.0,1.11,14.4,4.5,1,1,0,0,Former,Moderate,0,7.4,5,2,1,17,2024-06-21,0
P103549,64,Male,36.5,163.0,88.0,72.0,95.1,37.1,16.0,129.0,5.1,193.0,0.97,16.8,2.0,0,1,0,0,Current,Moderate,0,2.1,2,0,0,20,2024-02-25,0
P103550,50,Female,33.7,143.0,73.0,112.0,98.3,36.9,16.0,118.0,6.3,207.0,1.18,17.0,10.4,0,0,1,0,Never,Low,0,2.8,7,4,0,1,2024-09-29,0
P103551,56,Male,27.9,95.0,86.0,76.0,94.8,36.4,20.0,130.0,5.7,133.0,0.95,15.2,7.1,1,1,0,0,Former,High,0,1.2,1,2,0,2,2024-04-05,0
P103552,86,Female,28.6,144.0,76.0,66.0,97.9,37.8,15.0,55.0,5.9,152.0,1.17,14.7,2.7,0,0,0,0,Never,Moderate,2,3.8,5,3,0,12,2025-06-18,1
P103553,70,Male,23.9,125.0,90.0,71.0,97.8,36.9,10.0,104.0,5.9,230.0,1.4,13.5,4.9,0,0,1,0,Never,Moderate,1,2.3,9,1,0,15,2025-06-29,1
P103554,48,Female,26.6,147.0,84.0,58.0,94.7,36.5,24.0,101.0,6.5,185.0,1.13,15.2,11.1,0,0,0,0,Never,Low,1,5.7,4,1,1,17,2024-03-18,0
P103555,50,Female,29.1,139.0,56.0,74.0,96.3,36.8,22.0,146.0,6.8,227.0,0.81,12.7,8.0,0,0,0,0,Current,Moderate,0,2.0,3,0,2,6,2024-03-26,0
P103556,69,Female,31.9,105.0,87.0,98.0,99.9,36.4,22.0,64.0,7.0,190.0,0.53,11.3,2.0,0,0,0,0,Never,Low,0,1.0,7,0,1,8,2024-02-25,0
P103557,43,Male,31.4,136.0,79.0,80.0,95.0,36.2,14.0,148.0,6.2,202.0,0.95,16.3,6.0,0,0,0,0,Never,High,0,1.0,7,0,1,14,2025-01-17,1
P103558,30,Female,21.7,133.0,95.0,87.0,97.2,36.6,18.0,171.0,6.8,215.0,1.06,13.3,6.6,0,0,0,0,Current,Moderate,0,1.6,9,1,2,7,2024-05-02,1
P103559,52,Female,32.6,138.0,86.0,65.0,97.1,36.6,14.0,55.0,5.0,174.0,1.05,15.3,8.1,0,1,0,0,Former,High,2,2.1,4,2,0,3,2025-10-22,0
P103560,22,Female,27.0,138.0,88.0,74.0,96.4,36.4,18.0,108.0,5.8,170.0,0.67,14.4,7.0,0,1,1,0,Never,Moderate,0,2.7,7,1,0,16,2024-01-29,0
P103561,30,Male,22.4,155.0,74.0,78.0,93.4,37.4,17.0,126.0,7.7,169.0,0.98,12.7,3.5,0,0,0,0,Never,Moderate,1,3.4,5,2,1,27,2025-08-30,0
P103562,48,Female,34.4,139.0,74.0,67.0,98.0,36.4,14.0,142.0,4.1,192.0,1.18,13.5,5.7,0,0,0,0,Never,Low,1,4.6,6,0,1,16,2025-01-29,1
P103563,76,Male,35.1,136.0,83.0,81.0,96.5,36.3,20.0,55.0,5.6,217.0,1.47,13.3,5.2,0,0,0,0,Never,Low,0,6.6,7,2,1,19,2024-11-03,1
P103564,75,Male,28.9,155.0,80.0,83.0,98.5,36.2,17.0,128.0,5.2,180.0,1.01,16.5,8.5,0,1,0,0,Never,Moderate,1,2.2,6,0,0,29,2024-08-12,0
P103565,37,Female,31.2,169.0,95.0,83.0,96.9,36.2,24.0,102.0,5.9,239.0,1.65,13.3,5.9,0,0,0,0,Former,Low,1,3.3,3,0,1,16,2025-12-26,0
P103566,48,Female,31.5,147.0,80.0,74.0,96.6,37.3,18.0,102.0,,261.0,1.4,12.2,5.9,0,0,0,0,Never,High,2,4.9,8,1,2,14,2024-02-24,0
P103567,29,Male,34.8,133.0,68.0,89.0,97.2,36.9,10.0,181.0,6.0,162.0,0.98,11.6,6.5,0,0,0,0,Never,High,0,3.6,8,0,1,11,2024-03-31,1
P103568,73,Male,31.3,142.0,75.0,73.0,94.7,37.1,12.0,109.0,5.9,240.0,1.14,16.3,5.3,0,1,0,0,Never,Low,2,11.8,7,0,0,10,2025-08-11,1
P103569,35,Female,20.6,135.0,91.0,72.0,99.3,37.3,25.0,125.0,6.1,194.0,1.34,12.7,10.0,0,0,0,1,Never,High,1,3.6,3,1,0,11,2025-02-05,0
P103570,76,Female,38.0,135.0,82.0,93.0,95.8,36.6,17.0,112.0,5.9,209.0,0.81,12.8,9.2,1,0,0,0,Never,High,0,1.6,8,0,0,28,2024-11-15,0
P103571,79,Male,33.0,172.0,82.0,63.0,95.8,37.5,19.0,126.0,6.3,190.0,0.86,15.3,9.3,0,0,0,0,Former,Low,0,5.6,8,0,0,15,2024-04-10,0
P103572,68,Female,24.9,121.0,94.0,56.0,98.8,36.5,18.0,135.0,6.6,241.0,0.69,11.9,4.5,0,0,0,0,Never,High,1,1.3,10,3,2,5,2024-10-03,0
P103573,42,Female,22.1,151.0,72.0,66.0,96.9,36.3,23.0,142.0,7.3,208.0,0.9,10.9,7.7,1,0,1,0,Former,High,1,3.9,8,0,3,4,2024-07-11,1
P103574,87,Female,30.1,134.0,62.0,81.0,96.1,37.0,11.0,91.0,6.6,182.0,0.87,13.5,8.6,0,0,0,0,Never,Moderate,3,7.3,11,1,1,14,2024-10-31,0
P103575,68,Male,26.1,109.0,75.0,91.0,97.2,36.9,23.0,121.0,6.2,179.0,0.95,13.2,4.9,0,0,1,0,Never,Moderate,2,2.1,7,3,0,18,2024-10-03,0
P103576,65,Female,29.2,131.0,85.0,68.0,97.6,36.9,22.0,121.0,7.8,149.0,1.04,13.1,4.7,0,1,0,0,Current,Low,1,3.6,3,3,1,22,2025-09-23,1
P103577,80,Female,31.4,126.0,81.0,98.0,96.3,37.3,18.0,60.0,4.4,173.0,0.7,11.9,5.0,1,0,0,1,Former,Moderate,0,2.7,9,2,0,1,2025-09-02,1
P103578,82,Female,24.6,146.0,68.0,76.0,98.2,36.9,19.0,84.0,6.1,241.0,1.48,11.2,4.1,0,0,0,0,Never,Moderate,1,2.2,5,3,2,4,2025-10-23,0
P103579,23,Female,21.7,130.0,91.0,75.0,94.2,37.0,17.0,138.0,4.8,236.0,1.25,10.7,9.1,0,0,0,1,Never,Low,1,2.3,2,1,1,18,2025-04-06,0
P103580,82,Male,29.5,118.0,86.0,66.0,97.0,37.5,12.0,102.0,6.0,171.0,0.97,14.8,8.9,0,0,0,0,Former,High,0,3.8,4,3,0,18,2025-04-30,1
P103581,73,Male,24.7,160.0,87.0,99.0,97.9,36.9,20.0,208.0,6.6,153.0,1.48,16.2,6.4,1,1,1,0,Never,High,1,1.9,6,3,3,11,2024-09-24,1
P103582,33,Male,28.3,148.0,85.0,74.0,97.6,37.0,19.0,143.0,6.5,231.0,1.06,16.1,6.9,0,0,0,0,Former,High,0,4.3,6,1,1,9,2025-11-22,0
P103583,40,Male,20.5,158.0,68.0,60.0,92.5,36.1,19.0,126.0,5.2,211.0,1.28,14.6,5.6,1,0,0,0,Former,Moderate,0,1.0,6,2,0,2,2024-07-06,1
P103584,72,Male,26.2,139.0,86.0,105.0,96.3,38.7,20.0,169.0,6.7,120.0,0.69,16.7,11.6,1,0,0,0,Current,Low,3,5.5,9,1,3,17,2025-05-17,1
P103585,33,Male,31.2,129.0,90.0,81.0,94.3,36.0,16.0,136.0,4.8,304.0,0.85,13.8,6.1,0,0,0,0,Never,Moderate,0,1.9,4,2,1,14,2025-11-05,0
P103586,51,Female,30.7,144.0,93.0,86.0,98.8,36.5,23.0,119.0,4.7,195.0,1.18,14.4,5.9,0,1,0,0,Never,Moderate,1,2.2,4,0,0,19,2024-04-29,0
P103587,68,Female,23.4,124.0,90.0,96.0,95.8,36.5,18.0,66.0,6.1,260.0,1.01,12.5,6.7,0,0,0,0,Never,High,0,4.1,9,0,1,20,2025-07-30,0
P103588,65,Female,21.4,136.0,88.0,83.0,98.6,37.9,20.0,138.0,5.8,202.0,1.0,12.1,4.4,0,0,0,0,Current,High,0,6.7,7,2,0,14,2024-05-09,0
P103589,84,Female,27.6,133.0,67.0,88.0,94.3,36.5,17.0,167.0,7.5,155.0,1.07,14.4,7.5,0,0,0,0,Never,Low,1,4.9,8,1,2,14,2024-10-26,0
P103590,26,Male,30.4,104.0,80.0,77.0,97.2,37.0,22.0,87.0,7.4,202.0,1.03,15.2,9.9,0,0,0,0,Never,Moderate,0,3.6,5,2,1,1,2024-11-12,0
P103591,39,Male,29.6,133.0,72.0,85.0,96.5,36.5,18.0,55.0,5.1,139.0,1.0,15.5,6.7,1,0,0,0,Never,Moderate,1,4.5,11,1,0,21,2024-04-07,0
P103592,89,Male,24.8,129.0,97.0,76.0,100.0,36.3,18.0,82.0,4.6,190.0,1.55,12.4,8.6,0,1,0,0,Never,High,4,5.5,11,3,1,15,2025-03-15,1
P103593,59,Male,29.0,129.0,94.0,76.0,98.6,37.1,22.0,175.0,4.7,154.0,0.75,16.1,3.1,1,1,0,0,Never,Moderate,0,1.5,6,4,1,9,2025-10-20,1
P103594,36,Male,35.3,137.0,72.0,77.0,98.5,36.4,12.0,112.0,4.9,187.0,0.98,15.6,5.1,0,0,0,0,Former,Low,1,3.3,5,0,0,14,2024-03-25,0
P103595,39,Female,28.6,152.0,81.0,71.0,100.0,36.9,17.0,161.0,5.9,204.0,1.16,12.6,7.2,0,0,0,0,Former,Moderate,0,7.6,2,1,1,13,2025-02-03,0
P103596,42,Female,19.0,117.0,84.0,82.0,97.0,37.1,16.0,111.0,5.5,206.0,0.63,14.1,3.3,0,0,0,0,Never,Low,0,1.7,5,0,0,25,2024-12-15,0
P103597,58,Female,28.6,127.0,91.0,82.0,96.3,37.8,19.0,96.0,4.8,140.0,0.93,14.8,7.7,0,0,0,0,Never,Low,1,2.0,3,1,0,21,2025-03-05,0
P103598,38,Male,38.1,118.0,65.0,86.0,96.1,36.2,19.0,185.0,7.3,170.0,1.01,13.5,6.4,0,0,0,0,Never,High,0,1.2,6,0,2,15,2025-06-02,0
P103599,63,Female,20.8,119.0,61.0,84.0,97.1,36.7,18.0,101.0,6.6,120.0,1.46,12.1,7.6,0,0,0,0,Never,Moderate,1,8.3,6,1,2,15,2024-03-09,1
P103600,50,Female,27.7,122.0,82.0,100.0,91.5,36.7,16.0,103.0,7.4,219.0,1.04,12.8,6.5,0,0,0,0,Never,Low,1,4.3,2,2,1,15,2024-02-11,0
P103601,62,Male,26.3,130.0,57.0,89.0,96.5,36.8,18.0,130.0,4.3,203.0,1.25,11.3,6.7,0,0,0,0,Former,Moderate,0,3.4,5,2,0,10,2025-10-28,0
P103602,29,Male,28.0,139.0,82.0,74.0,96.9,38.1,19.0,98.0,6.7,150.0,1.17,15.1,2.0,0,0,0,0,Former,Low,0,2.0,2,1,1,13,2025-07-08,0
P103603,63,Female,28.5,139.0,89.0,81.0,96.2,36.7,17.0,142.0,5.8,248.0,0.4,14.6,4.8,0,0,1,1,Never,High,2,4.6,6,4,2,12,2024-08-03,0
P103604,85,Male,33.4,118.0,96.0,93.0,93.7,35.5,22.0,134.0,5.9,213.0,1.13,15.5,8.0,1,1,0,0,Former,Moderate,2,8.9,6,0,0,18,2025-12-01,1
P103605,27,Female,27.9,151.0,74.0,65.0,96.2,36.7,20.0,125.0,,191.0,0.81,13.9,4.2,0,0,0,0,Former,Low,1,1.5,5,2,0,6,2024-05-12,0
P103606,41,Male,34.1,147.0,83.0,100.0,93.7,36.7,18.0,89.0,5.1,177.0,,16.1,5.0,0,0,0,0,Never,Low,1,1.8,5,1,0,10,2024-01-08,1
P103607,68,Male,26.9,119.0,90.0,67.0,99.7,36.7,10.0,57.0,5.9,171.0,1.25,14.4,6.1,1,1,0,0,Never,High,1,3.1,5,1,0,10,2024-10-12,0
P103608,63,Female,25.7,154.0,71.0,87.0,96.0,36.4,17.0,85.0,6.8,165.0,1.28,10.8,6.3,1,0,0,0,Never,High,0,5.1,9,2,2,1,2024-11-05,0
P103609,67,Male,24.0,140.0,92.0,76.0,92.8,36.1,20.0,89.0,4.2,240.0,1.2,14.8,8.4,0,0,0,0,Former,High,1,4.7,1,0,0,12,2025-01-25,0
P103610,58,Male,18.1,130.0,85.0,75.0,96.1,37.9,17.0,124.0,7.2,205.0,1.05,16.6,7.5,1,1,1,0,Never,Low,3,5.1,11,1,1,26,2024-07-30,1
P103611,67,Male,28.9,140.0,77.0,60.0,98.1,37.0,19.0,87.0,,155.0,1.28,15.1,5.7,1,0,0,0,Former,Moderate,0,4.8,6,0,0,17,2025-07-20,0
P103612,62,Male,38.2,133.0,84.0,87.0,96.8,36.7,17.0,63.0,5.8,244.0,1.03,14.0,3.6,0,0,0,0,Former,Low,0,4.4,6,0,1,26,2024-08-25,0
P103613,23,Female,29.9,138.0,79.0,61.0,94.9,37.9,19.0,67.0,6.3,,1.28,14.4,13.1,0,0,0,0,Former,High,0,5.2,5,1,1,21,2024-01-31,0
P103614,72,Male,31.1,138.0,91.0,59.0,95.3,36.4,23.0,130.0,6.4,160.0,0.77,15.2,7.1,0,0,0,0,Never,Moderate,0,3.6,7,3,0,4,2025-02-11,0
P103615,50,Male,25.4,126.0,78.0,90.0,96.0,37.1,21.0,136.0,5.4,270.0,1.29,14.3,8.8,0,0,0,0,Never,High,1,3.4,8,0,1,12,2025-09-09,0
P103616,21,Female,26.2,94.0,83.0,97.0,95.7,36.2,13.0,89.0,4.8,153.0,0.81,13.4,2.2,0,0,0,0,Never,Moderate,0,5.0,2,0,0,12,2024-07-29,0
P103617,47,Female,32.6,141.0,76.0,68.0,94.2,37.2,12.0,97.0,7.1,164.0,1.18,12.7,6.3,0,0,0,0,Never,Low,0,3.2,5,1,1,17,2025-01-11,0
P103618,49,Male,37.9,126.0,73.0,88.0,96.4,36.2,20.0,133.0,4.5,195.0,0.56,15.5,6.2,0,0,0,0,Never,Moderate,1,1.7,6,0,0,19,2024-05-10,0
P103619,24,Female,35.2,142.0,82.0,86.0,94.1,37.0,22.0,113.0,5.3,207.0,1.0,11.9,6.1,0,0,0,0,Former,High,0,3.8,5,0,0,7,2024-11-20,1
P103620,90,Male,31.7,145.0,75.0,75.0,98.2,37.8,12.0,161.0,5.0,166.0,1.08,15.1,8.6,0,1,0,1,Former,High,4,5.7,8,2,1,9,2024-03-15,1
P103621,34,Female,27.7,124.0,89.0,92.0,98.4,36.8,17.0,104.0,6.0,111.0,0.94,14.5,6.5,0,0,0,0,Current,Moderate,0,2.4,5,1,0,17,2024-03-07,0
P103622,42,Female,28.6,148.0,87.0,74.0,94.7,35.7,26.0,81.0,5.6,196.0,0.48,13.6,6.1,0,0,0,0,Former,Moderate,1,8.1,4,1,0,18,2024-09-06,0
P103623,50,Female,23.6,135.0,74.0,82.0,95.2,36.8,17.0,150.0,4.7,155.0,1.01,13.6,7.0,1,0,0,0,Never,Low,1,2.6,7,0,1,8,2024-06-24,0
P103624,78,Male,20.0,138.0,86.0,61.0,95.7,37.0,27.0,106.0,5.4,181.0,1.12,14.7,7.1,1,0,0,0,Former,Low,2,5.0,5,0,0,14,2024-05-12,0
P103625,72,Male,21.6,132.0,76.0,61.0,96.4,37.3,15.0,88.0,6.1,164.0,0.57,15.4,4.6,0,1,1,0,Never,Low,1,4.6,2,1,0,17,2024-12-29,0
P103626,74,Female,27.8,164.0,67.0,90.0,97.0,37.5,16.0,148.0,6.3,154.0,0.75,12.7,9.0,0,1,0,0,Former,Moderate,0,2.0,2,2,1,12,2025-01-12,0
P103627,35,Female,26.0,118.0,75.0,83.0,97.3,37.6,16.0,160.0,4.0,185.0,1.0,13.0,5.8,0,0,0,0,Never,Moderate,0,1.3,6,0,1,8,2025-10-17,0
P103628,79,Male,19.9,130.0,83.0,74.0,97.3,36.7,14.0,124.0,5.5,171.0,1.2,13.2,6.8,0,1,0,0,Never,Moderate,1,4.5,6,0,0,17,2025-08-13,0
P103629,78,Male,27.3,114.0,89.0,99.0,99.3,36.5,12.0,82.0,6.3,163.0,1.07,14.2,10.0,0,0,0,0,Former,High,0,4.7,6,0,0,15,2024-12-26,0
P103630,51,Male,25.8,144.0,84.0,99.0,96.6,36.2,17.0,166.0,6.9,232.0,1.02,11.6,12.8,0,0,0,0,Never,Moderate,0,7.0,4,0,3,14,2024-05-23,0
P103631,57,Female,21.4,123.0,91.0,81.0,94.2,36.5,19.0,126.0,6.6,157.0,1.03,13.2,7.9,0,0,0,0,Never,Moderate,2,2.2,7,3,1,7,2024-12-14,0
P103632,20,Male,25.6,120.0,70.0,59.0,93.6,37.0,15.0,114.0,5.0,185.0,,15.5,3.5,0,0,0,0,Former,Moderate,2,1.5,4,1,0,20,2024-06-20,0
P103633,73,Female,25.8,126.0,80.0,75.0,99.4,36.1,16.0,102.0,7.0,194.0,1.02,13.1,6.4,0,1,0,0,Never,High,0,1.0,8,2,1,17,2025-05-07,1
P103634,88,Female,24.3,138.0,101.0,66.0,97.4,36.3,23.0,158.0,6.0,131.0,0.72,14.6,10.4,0,0,1,0,Current,High,2,6.4,5,1,1,17,2025-01-29,0
P103635,52,Female,32.3,111.0,63.0,77.0,96.9,37.1,21.0,74.0,4.0,153.0,0.84,15.2,6.5,0,0,1,0,Never,High,1,6.2,4,2,0,20,2024-11-23,0
P103636,57,Male,17.6,95.0,78.0,65.0,97.3,36.5,17.0,71.0,7.2,193.0,1.01,14.6,8.7,0,0,0,0,Never,Moderate,0,4.1,8,1,1,11,2025-04-27,0
P103637,54,Female,17.2,140.0,72.0,62.0,96.8,37.0,20.0,179.0,6.3,192.0,1.36,,8.6,0,0,0,0,Current,High,1,2.3,6,1,1,5,2025-11-18,0
P103638,24,Female,27.5,93.0,78.0,49.0,97.3,36.4,12.0,77.0,5.7,165.0,0.89,14.8,5.6,0,1,0,0,Never,Moderate,0,5.4,2,1,0,8,2024-08-06,0
P103639,63,Male,28.0,148.0,78.0,78.0,95.8,36.9,19.0,148.0,6.0,194.0,1.62,15.9,10.8,0,1,1,1,Former,Low,2,4.8,9,3,2,9,2024-04-16,1
P103640,70,Female,29.6,161.0,89.0,48.0,98.4,36.4,18.0,164.0,6.3,205.0,1.6,13.9,7.9,0,1,0,0,Former,Low,1,1.0,6,0,2,26,2025-11-09,0
P103641,85,Female,24.7,133.0,87.0,72.0,95.6,35.8,17.0,126.0,6.2,217.0,1.12,12.4,6.9,0,0,1,0,Former,High,0,3.0,5,2,0,9,2025-04-07,0
P103642,85,Female,22.7,158.0,71.0,84.0,94.9,37.3,18.0,87.0,6.0,220.0,0.99,13.8,6.7,1,0,1,0,Never,High,1,9.7,12,4,0,20,2025-06-28,1
P103643,53,Female,27.5,132.0,76.0,67.0,93.5,36.5,18.0,135.0,5.2,241.0,1.64,12.7,4.7,0,0,0,0,Current,High,0,3.3,3,2,2,1,2024-04-24,0
P103644,88,Male,25.2,164.0,84.0,63.0,96.1,36.7,13.0,168.0,6.3,199.0,1.32,13.5,5.4,1,0,1,1,Never,Moderate,3,3.3,8,2,1,12,2024-12-27,1
P103645,56,Female,35.6,125.0,90.0,75.0,98.8,36.5,24.0,125.0,5.1,142.0,1.14,13.7,5.0,0,0,0,0,Former,Moderate,1,2.7,4,1,0,5,2025-09-03,0
P103646,64,Female,25.8,93.0,107.0,66.0,95.7,37.1,21.0,88.0,4.9,184.0,0.84,11.7,11.5,0,0,0,1,Never,High,3,9.3,4,0,1,10,2025-12-22,0
P103647,61,Male,27.2,132.0,90.0,78.0,94.0,37.0,17.0,125.0,6.2,147.0,0.91,15.7,9.1,0,0,0,0,Never,Moderate,0,2.0,6,0,0,10,2024-03-06,0
P103648,90,Female,40.4,166.0,74.0,64.0,97.0,37.1,12.0,71.0,7.2,227.0,0.84,13.6,5.0,0,1,1,1,Former,Moderate,2,4.6,7,1,1,20,2025-05-24,1
P103649,71,Male,26.5,144.0,82.0,75.0,95.3,36.5,10.0,82.0,5.3,247.0,1.48,14.4,10.7,0,1,0,0,Never,High,0,6.9,2,1,2,23,2024-09-07,0
P103650,26,Female,30.4,120.0,82.0,72.0,99.3,36.8,25.0,99.0,5.0,195.0,1.07,13.1,9.7,0,0,0,0,Former,Low,0,2.7,2,1,0,4,2024-11-06,0
P103651,23,Female,30.9,134.0,75.0,76.0,98.4,37.0,17.0,109.0,4.0,239.0,0.83,11.6,5.7,0,0,1,0,Never,Moderate,2,7.4,5,3,0,6,2024-05-23,0
P103652,47,Male,31.3,148.0,87.0,96.0,94.2,37.6,21.0,69.0,4.6,237.0,0.86,13.1,8.1,0,1,1,0,Former,Moderate,1,3.0,8,1,0,32,2025-07-01,0
P103653,55,Male,29.0,131.0,60.0,78.0,96.2,37.0,15.0,122.0,4.7,207.0,0.74,17.2,5.6,0,0,0,0,Never,Moderate,0,3.0,2,0,0,30,2025-09-17,0
P103654,66,Male,28.5,179.0,88.0,82.0,95.1,36.3,17.0,133.0,6.9,215.0,1.03,14.4,9.1,0,1,0,0,Former,High,0,2.1,9,1,1,17,2024-09-19,1
P103655,53,Female,28.0,124.0,77.0,69.0,94.4,36.9,17.0,105.0,4.3,231.0,1.06,11.1,8.0,0,1,0,0,Former,High,0,1.0,5,1,0,14,2024-01-11,0
P103656,55,Male,24.5,150.0,81.0,79.0,96.4,36.7,19.0,55.0,6.3,142.0,0.4,16.0,6.2,0,0,0,0,Never,Moderate,0,2.4,4,1,0,9,2025-12-21,0
P103657,85,Female,29.2,149.0,99.0,73.0,98.0,35.8,18.0,122.0,6.0,204.0,0.84,11.7,4.5,0,0,1,1,Current,Moderate,1,3.1,6,1,0,13,2024-05-23,1
P103658,42,Male,38.0,119.0,69.0,76.0,96.4,35.9,15.0,174.0,6.2,216.0,0.79,15.5,6.9,0,0,0,0,Current,Moderate,1,2.4,6,2,1,6,2025-12-03,0
P103659,54,Female,33.8,125.0,85.0,84.0,95.6,36.8,15.0,129.0,6.9,140.0,1.32,15.4,8.0,0,0,0,0,Current,Low,0,1.7,6,0,1,22,2025-12-27,0
P103660,58,Female,29.1,150.0,90.0,70.0,92.5,36.8,18.0,114.0,5.9,268.0,0.87,12.9,9.6,0,1,0,0,Former,Moderate,1,5.7,3,0,1,13,2024-07-15,1
P103661,52,Male,32.0,135.0,84.0,71.0,95.3,36.7,12.0,99.0,6.8,237.0,0.5,16.3,8.3,0,1,0,0,Never,Low,0,2.8,1,4,1,8,2024-08-21,0
P103662,88,Female,23.0,142.0,68.0,70.0,97.5,37.2,15.0,139.0,7.7,237.0,0.81,14.3,8.9,0,1,1,0,Current,Moderate,1,9.0,9,4,1,25,2024-08-06,1
P103663,88,Female,26.1,109.0,98.0,70.0,94.1,36.3,17.0,126.0,7.5,211.0,1.6,15.6,5.5,1,0,0,0,Never,Moderate,1,1.6,4,0,2,11,2025-03-28,0
P103664,55,Male,32.4,144.0,80.0,78.0,98.8,36.1,19.0,138.0,5.3,159.0,0.91,15.5,3.0,0,0,0,0,Never,Moderate,0,4.6,6,1,0,15,2025-02-06,1
P103665,50,Male,35.2,137.0,77.0,72.0,95.4,36.4,23.0,74.0,4.0,147.0,0.71,13.8,3.6,0,0,0,0,Former,Low,0,5.1,5,0,0,26,2025-09-28,0
P103666,60,Female,23.5,132.0,79.0,94.0,96.8,36.5,16.0,118.0,5.8,191.0,0.56,10.1,6.4,0,0,0,0,Former,Moderate,0,1.0,7,2,1,17,2024-06-30,0
P103667,31,Male,25.0,136.0,77.0,108.0,95.8,36.8,18.0,92.0,5.7,221.0,0.95,13.4,5.5,0,0,0,0,Never,Moderate,0,3.4,3,1,0,19,2024-07-08,0
P103668,49,Male,38.8,125.0,70.0,69.0,94.4,36.4,11.0,125.0,4.0,216.0,1.03,,6.8,0,0,0,0,Never,Low,1,2.2,4,0,0,6,2025-12-02,0
P103669,33,Female,28.0,120.0,83.0,80.0,97.3,35.7,19.0,55.0,5.7,260.0,1.07,14.7,8.5,0,1,1,0,Former,Moderate,1,3.6,4,2,1,26,2024-06-28,0
P103670,28,Female,37.0,125.0,75.0,88.0,95.4,35.5,15.0,94.0,4.0,183.0,1.7,15.0,8.3,0,0,0,0,Never,Moderate,1,2.5,5,0,1,20,2025-03-07,0
P103671,24,Male,28.6,121.0,87.0,73.0,95.0,36.9,17.0,126.0,6.9,181.0,0.58,13.0,2.3,0,0,0,0,Never,Moderate,0,3.3,4,0,1,20,2024-09-07,0
P103672,60,Male,28.8,170.0,88.0,64.0,92.2,36.2,20.0,138.0,6.3,195.0,0.93,16.4,12.2,0,0,0,0,Former,Low,2,2.2,5,0,1,24,2025-12-16,1
P103673,18,Male,25.9,144.0,96.0,97.0,98.8,35.8,20.0,105.0,4.7,151.0,0.99,13.4,7.8,0,0,0,0,Former,High,1,1.0,5,1,0,24,2025-04-16,0
P103674,65,Female,32.4,117.0,81.0,84.0,96.5,37.1,13.0,55.0,6.1,252.0,0.92,11.9,7.6,0,0,0,0,Never,Moderate,0,8.5,1,0,1,14,2025-03-16,0
P103675,49,Male,34.6,166.0,74.0,80.0,98.5,37.6,21.0,134.0,6.0,185.0,0.42,12.5,6.7,0,0,1,0,Never,Moderate,3,3.2,4,3,0,26,2024-06-11,0
P103676,44,Female,22.1,124.0,67.0,93.0,97.6,36.8,18.0,166.0,6.2,205.0,1.13,13.7,6.4,0,1,0,0,Never,High,0,2.4,5,0,1,11,2025-04-23,0
P103677,74,Female,25.7,135.0,105.0,85.0,98.5,36.9,22.0,87.0,6.2,226.0,0.9,12.3,9.2,0,1,0,0,Former,High,0,2.7,5,2,0,1,2025-10-29,0
P103678,57,Female,32.3,148.0,89.0,75.0,95.5,36.9,23.0,98.0,6.7,166.0,0.72,15.2,5.1,0,1,0,0,Never,High,1,2.6,3,3,1,7,2025-03-27,0
P103679,71,Female,26.8,101.0,76.0,64.0,94.0,35.6,24.0,144.0,4.9,206.0,0.81,11.8,7.6,0,1,0,0,Never,High,0,5.7,6,0,1,6,2024-10-13,0
P103680,69,Female,24.9,130.0,100.0,70.0,97.9,37.2,13.0,145.0,5.9,195.0,1.49,14.3,10.0,0,0,0,0,Never,Moderate,2,3.4,6,2,2,10,2024-04-28,1
P103681,20,Male,32.7,119.0,94.0,90.0,96.7,37.4,19.0,145.0,7.0,232.0,1.27,12.8,7.4,0,0,0,0,Current,Moderate,0,1.0,4,1,2,5,2024-08-16,0
P103682,33,Male,33.2,133.0,67.0,84.0,95.7,37.7,12.0,144.0,5.3,195.0,0.64,16.1,8.0,0,0,0,0,Never,High,1,3.3,6,0,1,16,2024-10-09,0
P103683,59,Male,25.2,139.0,75.0,74.0,97.8,36.6,23.0,60.0,6.1,90.0,0.54,14.8,4.2,0,0,0,1,Former,Moderate,0,3.9,5,0,0,16,2024-08-10,0
P103684,89,Female,28.6,135.0,83.0,97.0,97.1,36.2,23.0,102.0,5.4,159.0,1.37,13.6,8.7,0,1,1,1,Current,Moderate,5,5.5,7,3,0,14,2025-01-25,1
P103685,29,Female,21.2,127.0,70.0,74.0,97.7,37.5,21.0,130.0,,138.0,1.51,12.7,7.7,0,0,0,0,Never,High,0,1.5,3,1,2,4,2025-06-10,0
P103686,25,Male,22.8,147.0,80.0,88.0,94.7,37.0,17.0,104.0,5.8,268.0,1.58,14.0,6.8,1,0,0,0,Never,High,0,1.0,2,1,2,6,2024-04-21,0
P103687,86,Male,28.1,141.0,91.0,79.0,98.3,37.2,20.0,131.0,5.1,249.0,0.71,15.3,8.4,0,0,0,0,Current,High,0,1.9,7,0,1,4,2024-04-07,1
P103688,88,Female,27.7,137.0,71.0,99.0,96.5,36.5,16.0,114.0,7.2,113.0,1.49,15.9,4.7,0,1,0,1,Never,Moderate,0,5.9,5,3,2,8,2024-04-14,0
P103689,30,Female,22.5,132.0,84.0,85.0,98.5,36.9,18.0,93.0,4.6,157.0,0.94,11.6,10.6,0,1,0,0,Never,Moderate,1,4.5,7,1,0,22,2024-10-21,0
P103690,47,Male,23.8,163.0,94.0,77.0,98.2,36.3,18.0,103.0,6.4,142.0,0.45,14.1,12.8,0,0,0,0,Never,Moderate,0,7.9,8,0,1,20,2025-06-11,0
P103691,63,Female,22.0,136.0,87.0,74.0,97.7,36.8,11.0,75.0,6.9,203.0,0.8,12.3,5.8,0,0,0,0,Never,Low,0,2.5,7,1,1,8,2024-06-30,0
P103692,32,Female,29.9,121.0,80.0,76.0,96.3,36.6,15.0,83.0,7.4,159.0,0.73,10.9,9.4,0,0,0,0,Never,Low,1,1.3,7,0,2,14,2025-08-20,0
P103693,41,Female,17.3,98.0,75.0,67.0,97.8,38.0,26.0,108.0,5.9,185.0,1.11,10.9,6.7,1,0,0,0,Never,Low,0,5.2,3,1,1,9,2024-03-27,0
P103694,46,Male,22.2,107.0,90.0,60.0,98.5,37.1,18.0,110.0,5.8,143.0,0.61,13.5,4.5,0,0,0,0,Never,Low,1,6.3,6,0,0,14,2024-01-13,0
P103695,64,Female,17.8,126.0,71.0,80.0,97.6,35.7,19.0,134.0,4.1,211.0,1.31,12.6,9.6,1,0,0,1,Never,Moderate,0,2.5,12,0,0,4,2025-11-24,1
P103696,40,Female,29.7,129.0,84.0,70.0,96.9,36.8,18.0,100.0,5.3,131.0,1.1,15.3,6.4,0,0,0,0,Current,High,0,1.4,2,0,0,20,2025-12-07,0
P103697,48,Female,18.1,122.0,82.0,70.0,97.8,37.0,17.0,170.0,5.1,290.0,1.28,14.7,8.2,0,0,0,0,Former,Moderate,0,2.8,2,0,2,13,2025-10-22,0
P103698,39,Male,27.7,137.0,93.0,75.0,95.6,36.6,18.0,153.0,5.5,252.0,0.78,13.4,10.8,0,0,0,0,Former,Moderate,1,5.7,4,0,2,15,2025-07-01,0
P103699,73,Female,36.0,125.0,78.0,77.0,99.2,36.2,17.0,99.0,5.6,289.0,1.18,14.4,8.1,0,0,0,0,Never,Moderate,1,4.5,5,2,1,27,2024-04-23,1
P103700,29,Female,36.2,114.0,76.0,76.0,93.5,37.1,10.0,115.0,6.3,218.0,0.65,12.0,7.4,0,0,0,0,Current,Low,0,5.5,3,2,0,6,2024-07-25,0
P103701,34,Male,18.1,140.0,69.0,97.0,96.6,36.3,21.0,152.0,5.1,,1.14,14.5,5.1,0,0,0,1,Never,Moderate,0,4.8,3,1,2,19,2024-08-24,1
P103702,36,Female,,154.0,86.0,84.0,95.8,37.1,24.0,87.0,6.1,229.0,0.89,13.7,5.1,0,0,0,0,Current,Moderate,1,4.9,7,2,0,17,2024-04-04,0
P103703,84,Male,22.4,117.0,80.0,101.0,95.3,36.3,14.0,92.0,6.1,157.0,1.06,17.8,6.7,1,1,1,0,Never,Moderate,2,11.5,15,0,0,14,2024-06-26,1
P103704,86,Female,21.3,140.0,76.0,71.0,97.0,36.5,17.0,164.0,5.7,181.0,1.1,13.6,6.2,0,0,0,0,Never,Moderate,0,6.5,5,2,1,17,2025-01-14,0
P103705,54,Female,26.9,100.0,75.0,85.0,94.5,37.3,23.0,137.0,5.2,211.0,0.52,11.0,8.4,0,0,0,0,Former,Low,1,1.7,7,1,0,16,2024-08-19,0
P103706,29,Female,33.9,104.0,86.0,71.0,100.0,37.0,15.0,146.0,5.8,239.0,1.27,14.3,4.8,1,0,0,0,Former,Moderate,3,2.2,4,0,1,17,2025-07-25,0
P103707,73,Male,30.6,125.0,72.0,69.0,94.1,36.8,19.0,127.0,7.3,195.0,1.09,16.3,5.4,0,0,1,0,Current,High,1,5.5,9,2,1,6,2025-08-09,0
P103708,53,Male,23.8,152.0,72.0,102.0,94.8,36.8,33.0,104.0,5.2,216.0,1.34,15.9,6.7,1,0,0,0,Never,High,0,1.5,2,0,0,16,2025-11-20,0
P103709,80,Female,31.2,122.0,93.0,67.0,94.6,36.8,20.0,70.0,6.2,182.0,1.4,11.7,7.2,0,0,0,1,Never,Low,1,7.3,6,2,0,6,2024-04-16,0
P103710,44,Male,16.0,117.0,80.0,49.0,96.9,36.4,18.0,116.0,6.2,179.0,0.75,14.8,7.1,0,0,0,0,Never,Moderate,0,4.7,4,1,0,21,2025-02-12,0
P103711,90,Female,23.6,137.0,94.0,68.0,98.3,36.0,21.0,162.0,6.3,139.0,1.04,13.2,6.6,1,0,1,0,Former,Moderate,0,6.5,9,0,1,28,2025-01-13,0
P103712,76,Female,23.2,136.0,80.0,52.0,97.4,37.1,21.0,160.0,4.5,212.0,0.64,15.9,5.4,1,0,0,0,Former,Low,1,2.6,10,1,1,9,2024-09-17,1
P103713,34,Female,27.9,117.0,81.0,65.0,99.2,37.6,16.0,147.0,6.0,176.0,1.3,,8.2,0,0,0,0,Never,Moderate,0,1.9,9,1,1,16,2024-02-19,0
P103714,70,Female,26.4,168.0,85.0,66.0,95.0,37.1,12.0,143.0,4.7,146.0,,15.8,9.4,0,1,1,0,Former,Low,0,1.8,7,4,1,3,2024-02-10,0
P103715,38,Male,26.8,126.0,95.0,76.0,97.7,36.9,20.0,187.0,4.3,172.0,1.02,13.5,7.6,0,0,0,0,Never,Moderate,0,3.2,0,0,1,3,2024-10-17,0
P103716,43,Female,26.6,133.0,95.0,51.0,96.0,36.2,21.0,56.0,4.5,206.0,0.9,12.9,5.8,0,0,0,0,Former,Moderate,0,2.9,1,1,0,14,2025-08-27,0
P103717,36,Male,27.6,123.0,93.0,90.0,96.9,37.2,17.0,118.0,5.5,220.0,0.69,13.8,3.2,0,0,0,0,Never,Moderate,0,1.3,3,1,0,16,2024-03-18,0
P103718,67,Female,30.3,142.0,77.0,53.0,98.5,37.0,24.0,82.0,5.1,188.0,1.41,14.7,10.3,0,1,0,0,Never,High,0,4.6,6,2,1,18,2024-04-26,0
P103719,37,Female,,151.0,71.0,74.0,93.5,37.2,23.0,164.0,4.4,236.0,1.52,14.9,6.7,0,1,0,0,Current,High,0,3.3,6,0,2,17,2024-09-23,0
P103720,64,Female,26.0,162.0,90.0,72.0,100.0,37.3,21.0,95.0,6.3,252.0,1.41,13.8,9.6,1,0,0,0,Current,Moderate,0,5.3,11,1,2,12,2025-02-16,1
P103721,60,Male,29.6,120.0,96.0,86.0,96.2,37.6,17.0,149.0,5.9,184.0,0.98,14.7,10.3,0,1,0,0,Former,High,0,1.5,4,1,1,17,2024-12-27,0
P103722,72,Female,31.8,153.0,95.0,80.0,93.6,36.2,11.0,100.0,6.7,232.0,1.18,13.8,8.6,0,1,0,1,Never,Moderate,1,5.4,5,1,1,1,2025-11-13,1
P103723,90,Female,24.6,146.0,85.0,90.0,95.3,36.2,17.0,134.0,5.6,170.0,1.42,11.1,8.9,1,1,0,1,Never,Moderate,1,5.6,6,4,1,28,2025-02-19,1
P103724,18,Female,27.2,145.0,87.0,72.0,96.7,36.9,12.0,102.0,5.4,146.0,0.93,12.6,8.8,0,0,0,0,Never,Low,0,1.0,1,1,0,4,2024-06-03,0
P103725,90,Female,33.5,135.0,92.0,70.0,95.3,36.3,10.0,119.0,7.0,159.0,1.66,12.7,6.6,0,1,0,0,Never,Moderate,1,12.6,8,3,2,17,2024-11-18,1
P103726,25,Female,21.8,126.0,82.0,81.0,92.8,36.3,20.0,119.0,4.3,162.0,1.27,13.2,4.7,0,0,0,0,Never,Moderate,0,1.4,6,0,0,11,2025-11-17,0
P103727,56,Female,36.9,149.0,84.0,88.0,96.7,37.4,22.0,145.0,5.3,178.0,1.8,12.2,8.6,0,0,0,1,Never,High,2,2.7,2,1,2,10,2025-06-28,1
P103728,42,Female,20.5,147.0,83.0,86.0,95.2,36.3,11.0,107.0,6.6,270.0,1.03,11.9,3.9,0,0,0,0,Former,High,0,8.6,5,1,2,19,2024-01-03,0
P103729,64,Female,25.7,160.0,75.0,80.0,97.7,36.8,17.0,146.0,6.0,175.0,0.4,10.8,6.2,1,0,0,0,Former,High,3,4.4,6,1,2,22,2025-09-18,1
P103730,70,Female,22.6,138.0,76.0,79.0,94.6,36.0,18.0,152.0,5.9,181.0,1.08,13.8,5.7,1,0,0,0,Never,High,1,9.4,10,1,1,13,2024-11-13,0
P103731,80,Male,38.9,134.0,77.0,76.0,100.0,36.8,17.0,103.0,6.1,201.0,0.98,12.5,8.1,0,0,0,0,Former,Low,1,8.5,4,1,0,12,2025-12-02,0
P103732,47,Male,24.9,90.0,66.0,81.0,97.4,37.4,13.0,177.0,6.9,145.0,1.04,16.1,7.5,1,0,0,0,Never,High,1,7.6,4,0,2,5,2025-11-29,0
P103733,86,Male,24.9,109.0,86.0,100.0,96.9,37.4,23.0,145.0,6.2,201.0,1.61,15.1,5.7,1,0,0,0,Never,Moderate,2,7.1,5,0,2,9,2025-04-24,0
P103734,41,Female,25.6,124.0,81.0,73.0,97.6,37.3,13.0,95.0,5.7,220.0,,14.5,6.2,0,0,0,0,Never,Moderate,1,1.6,5,1,0,11,2025-04-09,0
P103735,32,Female,28.0,111.0,89.0,72.0,93.2,36.8,11.0,130.0,5.6,251.0,0.71,11.9,10.9,1,0,0,0,Never,Moderate,0,1.1,1,0,1,26,2024-07-04,0
P103736,45,Male,25.8,145.0,94.0,71.0,95.6,37.4,13.0,147.0,4.3,245.0,0.8,17.4,5.4,0,0,0,0,Never,Moderate,0,1.3,8,0,2,5,2025-05-08,0
P103737,56,Male,26.8,110.0,96.0,81.0,99.7,37.0,20.0,134.0,6.3,209.0,1.62,17.9,6.6,1,0,0,0,Never,Moderate,0,1.1,3,0,1,5,2025-09-22,0
P103738,66,Female,16.0,125.0,97.0,51.0,95.9,36.6,17.0,122.0,5.3,187.0,0.92,13.2,8.2,0,0,0,0,Never,High,1,1.6,5,1,0,11,2025-04-21,0
P103739,78,Male,27.8,128.0,76.0,74.0,96.4,37.0,15.0,55.0,5.0,189.0,1.16,15.2,7.1,0,0,0,0,Former,High,1,5.4,12,1,0,29,2024-03-16,0
P103740,34,Male,27.6,151.0,67.0,87.0,95.7,37.2,20.0,75.0,4.0,210.0,1.47,14.6,8.2,0,0,0,0,Never,High,0,6.5,1,0,1,10,2024-08-30,0
P103741,40,Male,32.9,120.0,91.0,70.0,99.1,36.1,19.0,134.0,4.3,193.0,1.16,16.1,9.2,0,0,0,0,Never,Moderate,0,6.4,3,2,0,18,2024-09-22,0
P103742,86,Female,34.3,144.0,98.0,78.0,96.1,36.3,10.0,84.0,4.2,192.0,0.48,14.4,9.9,0,1,1,0,Current,High,3,7.6,12,3,0,17,2025-12-16,1
P103743,50,Male,26.5,135.0,98.0,101.0,94.2,36.7,20.0,130.0,4.9,159.0,0.86,11.9,7.1,0,0,0,0,Never,Moderate,1,3.3,6,0,0,10,2024-03-17,1
P103744,35,Male,31.7,146.0,86.0,80.0,100.0,36.2,22.0,140.0,5.2,220.0,0.77,13.4,7.8,0,0,0,0,Never,Low,1,4.7,5,0,0,18,2024-06-22,1
P103745,89,Female,21.8,151.0,64.0,49.0,94.0,36.2,18.0,115.0,7.2,206.0,0.63,13.8,7.4,0,1,0,0,Never,Low,0,5.1,7,2,1,12,2025-06-10,0
P103746,50,Male,31.5,131.0,86.0,59.0,96.3,36.6,17.0,55.0,5.9,166.0,0.87,15.8,5.2,0,0,0,0,Former,Low,1,5.3,6,0,0,22,2024-05-18,0
P103747,89,Male,24.5,108.0,90.0,73.0,95.0,37.3,25.0,93.0,6.5,252.0,0.4,14.8,7.4,0,1,0,0,Never,Low,0,2.0,12,1,1,19,2024-05-11,0
P103748,85,Female,21.3,132.0,97.0,66.0,95.2,37.3,16.0,142.0,7.4,203.0,1.2,10.7,3.7,0,1,0,0,Never,High,0,1.5,6,2,3,1,2025-02-01,1
P103749,84,Female,26.5,136.0,98.0,77.0,94.6,37.0,17.0,162.0,4.0,141.0,1.1,14.0,7.7,0,0,0,1,Never,Low,0,5.5,3,2,1,9,2025-10-30,1
P103750,60,Male,34.8,138.0,92.0,72.0,95.5,36.9,19.0,55.0,6.3,231.0,0.83,17.3,2.7,0,0,0,1,Former,High,0,2.9,5,1,0,16,2024-08-22,0
P103751,76,Male,28.4,123.0,78.0,90.0,98.3,37.8,18.0,120.0,6.4,169.0,0.57,11.2,5.0,0,0,0,0,Never,Moderate,2,1.0,3,0,0,37,2024-06-24,0
P103752,88,Male,35.3,156.0,74.0,63.0,93.1,36.5,17.0,67.0,7.0,179.0,1.5,16.0,8.7,0,1,0,0,Never,High,1,1.0,3,3,2,1,2025-11-11,0
P103753,37,Female,23.6,131.0,87.0,74.0,98.8,36.9,18.0,113.0,4.0,188.0,0.8,15.9,7.9,1,0,0,0,Never,Moderate,2,6.0,5,1,0,15,2025-08-04,0
P103754,20,Female,32.9,113.0,72.0,79.0,98.5,36.5,23.0,101.0,4.9,228.0,1.22,14.6,7.0,0,0,0,0,Never,Low,0,1.6,5,0,0,19,2024-05-20,0
P103755,41,Male,24.1,123.0,96.0,80.0,97.4,36.2,21.0,193.0,4.9,193.0,0.94,14.5,6.1,0,0,0,0,Current,Low,2,1.9,6,1,1,7,2024-08-01,0
P103756,64,Female,28.7,166.0,66.0,78.0,96.7,37.4,18.0,96.0,4.8,218.0,1.45,14.5,5.3,0,0,0,0,Former,Low,1,1.5,4,1,1,18,2025-07-03,0
P103757,57,Female,28.6,144.0,88.0,47.0,97.0,36.6,15.0,150.0,8.0,135.0,1.18,13.1,5.9,1,0,0,0,Never,Low,1,4.8,5,0,2,6,2024-06-27,0
P103758,23,Male,30.9,147.0,84.0,77.0,99.1,37.1,15.0,142.0,5.0,153.0,0.95,15.4,8.4,0,0,0,0,Current,High,1,3.9,4,1,1,13,2024-08-17,0
P103759,58,Male,28.8,115.0,80.0,74.0,93.4,36.7,21.0,107.0,6.7,196.0,0.79,14.7,6.5,0,0,0,1,Former,Low,1,1.9,3,0,1,7,2024-05-12,0
P103760,30,Female,23.7,118.0,72.0,86.0,97.8,37.4,12.0,113.0,6.2,167.0,1.3,13.4,2.8,1,0,0,0,Never,Moderate,0,1.0,5,0,0,9,2024-08-12,0
P103761,54,Female,32.1,121.0,62.0,85.0,95.2,36.3,26.0,113.0,4.6,187.0,0.95,12.1,4.5,0,0,0,0,Never,High,1,1.9,9,2,0,11,2024-04-24,0
P103762,60,Female,36.5,136.0,77.0,79.0,98.0,37.4,18.0,88.0,5.4,223.0,0.8,12.5,5.4,0,0,0,0,Never,Moderate,1,1.5,5,3,0,9,2025-07-03,0
P103763,64,Male,24.5,131.0,78.0,80.0,95.4,37.2,13.0,85.0,6.0,164.0,1.0,17.0,6.5,0,0,0,0,Current,Moderate,1,6.9,9,1,0,17,2025-08-24,1
P103764,48,Male,18.0,123.0,93.0,92.0,97.8,35.9,19.0,97.0,6.1,167.0,0.98,13.7,6.4,0,0,0,0,Never,Low,0,1.0,9,0,0,20,2024-06-28,1
P103765,47,Male,,125.0,74.0,90.0,93.7,36.5,15.0,72.0,6.1,199.0,,11.7,4.9,0,1,0,0,Former,High,0,4.8,3,2,0,25,2025-11-18,0
P103766,67,Male,25.8,121.0,88.0,79.0,93.5,37.3,17.0,98.0,7.6,114.0,0.52,18.0,8.2,1,1,1,0,Never,Moderate,2,2.1,9,1,1,8,2024-02-27,0
P103767,72,Male,26.8,132.0,70.0,102.0,96.3,37.6,13.0,109.0,6.9,233.0,1.73,13.9,3.0,0,0,0,0,Never,Low,1,1.7,5,3,2,1,2024-08-06,0
P103768,76,Male,30.4,154.0,88.0,68.0,99.1,37.2,17.0,122.0,6.7,200.0,1.21,14.2,5.5,0,0,1,0,Never,High,0,2.1,9,2,1,1,2024-03-15,1
P103769,42,Female,25.1,105.0,59.0,62.0,97.5,36.6,11.0,126.0,6.6,199.0,0.97,12.6,8.6,0,0,1,0,Never,Moderate,1,2.9,7,3,1,6,2025-10-04,0
P103770,48,Female,26.1,138.0,103.0,76.0,97.5,36.3,16.0,105.0,7.0,175.0,1.12,13.2,8.1,0,1,0,0,Current,Low,0,1.0,5,1,1,4,2024-02-04,0
P103771,42,Female,27.0,155.0,80.0,72.0,98.0,37.1,15.0,84.0,5.1,221.0,0.55,12.1,6.5,0,1,1,0,Current,High,1,4.6,4,2,0,17,2024-10-06,1
P103772,56,Female,35.1,130.0,54.0,46.0,95.8,36.6,16.0,128.0,4.5,189.0,1.05,15.4,8.9,0,1,0,0,Never,High,0,1.0,8,1,0,2,2025-04-12,0
P103773,27,Male,27.7,120.0,73.0,68.0,97.6,36.6,15.0,136.0,5.0,242.0,1.11,14.3,7.5,0,0,0,0,Never,Moderate,0,2.7,4,0,1,7,2025-11-30,0
P103774,49,Female,21.1,148.0,73.0,80.0,95.5,36.7,18.0,95.0,4.6,130.0,0.91,11.6,7.1,0,0,0,0,Current,High,0,1.0,5,3,0,4,2025-04-28,0
P103775,31,Male,21.3,113.0,74.0,75.0,95.9,37.2,21.0,74.0,4.7,197.0,1.09,10.3,8.2,0,0,0,0,Never,High,0,1.9,1,1,1,8,2025-02-10,0
P103776,56,Female,28.2,132.0,79.0,67.0,96.2,37.7,19.0,97.0,6.0,197.0,1.24,14.8,7.8,0,0,0,0,Never,High,2,5.5,0,1,0,10,2025-09-26,0
P103777,80,Female,21.6,118.0,77.0,77.0,95.5,37.3,23.0,111.0,5.7,207.0,0.89,12.5,9.7,1,0,0,0,Never,Low,1,2.9,2,1,0,16,2024-09-16,0
P103778,89,Male,19.4,105.0,76.0,77.0,96.4,36.8,16.0,159.0,6.9,248.0,1.47,15.2,6.4,0,1,0,0,Never,Moderate,2,5.7,7,2,4,4,2025-06-09,1
P103779,50,Female,30.8,129.0,70.0,85.0,96.0,36.4,19.0,136.0,6.1,143.0,0.98,11.8,6.5,0,0,0,0,Current,Moderate,0,5.6,2,2,0,13,2024-08-01,0
P103780,22,Female,31.1,107.0,89.0,68.0,95.2,37.1,19.0,107.0,5.8,142.0,1.45,13.3,7.4,0,0,0,0,Current,Moderate,0,2.1,7,0,1,15,2025-07-29,0
P103781,34,Male,25.6,130.0,93.0,86.0,96.2,37.6,22.0,176.0,4.5,182.0,1.32,14.6,7.0,0,0,1,0,Never,Moderate,1,7.6,6,2,1,10,2024-04-09,0
P103782,25,Male,29.0,148.0,78.0,63.0,96.8,37.3,15.0,106.0,4.7,123.0,1.04,16.0,10.7,0,0,0,0,Former,Moderate,0,3.6,4,1,0,6,2024-04-23,0
P103783,73,Female,28.5,166.0,83.0,70.0,94.5,36.9,21.0,166.0,4.4,283.0,,13.4,8.0,0,0,0,0,Never,High,0,5.4,5,0,2,15,2024-08-24,0
P103784,89,Male,30.6,138.0,73.0,96.0,97.3,36.6,15.0,162.0,6.8,230.0,1.09,,5.6,0,1,0,0,Former,High,0,4.6,9,3,2,3,2025-11-29,1
P103785,58,Female,30.6,150.0,83.0,64.0,95.6,37.0,16.0,154.0,7.6,215.0,1.31,16.8,4.0,0,1,0,0,Current,Low,2,3.7,3,0,2,1,2024-04-26,0
P103786,30,Male,16.0,136.0,83.0,68.0,96.9,37.4,17.0,120.0,5.7,225.0,0.78,15.3,10.1,0,0,0,0,Never,Moderate,0,1.4,4,0,0,13,2024-09-18,0
P103787,19,Female,26.2,122.0,78.0,61.0,95.3,36.9,20.0,111.0,5.7,243.0,1.03,11.8,6.2,0,0,0,0,Never,Low,1,7.6,4,2,1,3,2025-04-28,0
P103788,89,Male,30.2,104.0,88.0,66.0,98.4,36.7,14.0,119.0,5.8,172.0,1.27,14.9,7.7,0,0,0,1,Former,Moderate,1,3.6,4,1,0,16,2025-06-18,0
P103789,41,Male,25.4,159.0,85.0,78.0,98.2,36.5,15.0,140.0,5.5,181.0,,15.2,7.0,0,0,0,0,Current,High,0,2.0,1,0,0,21,2025-01-12,0
P103790,26,Female,27.7,111.0,70.0,84.0,94.6,38.1,16.0,80.0,6.7,208.0,0.7,13.9,8.6,1,0,0,0,Never,Moderate,1,3.0,8,0,1,8,2024-11-24,0
P103791,30,Male,31.4,153.0,93.0,76.0,97.4,36.4,18.0,99.0,5.6,176.0,1.39,15.1,5.9,1,1,0,0,Current,Moderate,1,2.2,6,0,0,17,2024-10-30,0
P103792,36,Female,27.9,139.0,79.0,72.0,99.1,36.3,15.0,168.0,6.2,160.0,1.09,13.6,7.2,0,0,0,0,Former,High,0,1.9,5,2,1,18,2024-01-21,1
P103793,65,Male,35.3,117.0,100.0,61.0,94.8,36.9,19.0,137.0,7.2,175.0,0.96,16.0,5.9,1,0,0,0,Never,High,1,11.3,6,1,1,8,2025-01-26,0
P103794,83,Male,33.4,141.0,88.0,67.0,94.9,36.7,17.0,151.0,7.2,210.0,0.88,15.7,12.6,1,1,0,0,Current,High,0,6.5,6,1,3,8,2025-10-19,1
P103795,38,Female,26.9,167.0,101.0,57.0,97.8,37.3,20.0,67.0,5.7,230.0,1.22,14.3,5.5,0,0,0,0,Former,Moderate,0,1.2,4,1,0,15,2024-11-14,0
P103796,68,Male,26.5,160.0,95.0,85.0,94.1,37.3,18.0,100.0,6.1,147.0,1.03,11.9,8.1,0,1,0,0,Former,Low,2,3.7,3,0,0,18,2024-04-02,0
P103797,22,Male,16.0,120.0,83.0,86.0,95.1,36.2,24.0,119.0,5.1,188.0,1.19,12.0,12.7,0,0,0,0,Never,Moderate,2,3.2,6,1,1,15,2024-05-03,0
P103798,18,Female,25.8,116.0,73.0,76.0,94.7,36.4,18.0,105.0,5.9,193.0,0.65,12.0,9.2,0,0,0,0,Never,Moderate,1,5.8,2,1,0,19,2024-06-27,0
P103799,22,Female,20.5,130.0,73.0,81.0,97.8,36.4,14.0,64.0,5.1,142.0,1.0,12.8,7.0,0,0,0,0,Never,High,0,1.8,1,1,0,15,2024-05-28,0
P103800,85,Female,28.7,133.0,89.0,87.0,95.3,37.2,17.0,145.0,6.5,212.0,0.97,12.1,7.3,0,0,0,0,Never,High,1,3.9,8,5,1,1,2024-03-16,1
P103801,60,Female,28.3,154.0,84.0,77.0,96.0,37.0,18.0,152.0,6.9,191.0,1.52,11.7,5.4,0,0,0,0,Never,Low,0,2.0,4,1,3,7,2025-10-22,0
P103802,76,Female,31.1,148.0,78.0,93.0,95.2,36.6,15.0,107.0,4.6,159.0,1.18,13.6,10.4,1,1,0,1,Former,Moderate,1,2.6,6,1,0,17,2025-03-11,1
P103803,19,Female,34.8,100.0,88.0,64.0,98.6,36.9,23.0,134.0,4.0,177.0,0.63,11.9,6.5,0,0,0,0,Never,Moderate,0,1.0,3,0,0,12,2025-09-09,1
P103804,19,Female,27.4,136.0,81.0,72.0,95.0,36.2,17.0,177.0,5.4,215.0,1.17,9.6,6.9,0,0,0,0,Never,Moderate,0,1.0,4,0,2,10,2024-10-23,0
P103805,79,Male,39.4,132.0,92.0,70.0,94.0,36.4,16.0,171.0,6.7,232.0,1.43,12.6,5.2,0,1,0,0,Current,High,2,2.7,2,0,3,9,2025-11-18,0
P103806,25,Female,28.7,130.0,71.0,84.0,93.9,36.1,19.0,99.0,5.8,208.0,0.83,12.3,6.4,0,0,0,0,Former,Low,0,3.2,4,0,0,23,2024-03-28,0
P103807,29,Male,20.7,134.0,91.0,59.0,97.7,36.9,15.0,70.0,4.5,267.0,0.71,14.2,7.1,0,0,0,0,Never,Low,0,3.3,5,0,1,31,2025-08-26,0
P103808,55,Female,24.6,153.0,87.0,93.0,97.9,36.9,21.0,121.0,6.7,237.0,0.4,14.5,9.2,0,0,1,0,Never,Moderate,2,2.8,2,0,1,15,2025-09-11,0
P103809,62,Male,25.6,150.0,95.0,83.0,98.7,36.3,21.0,196.0,7.7,216.0,1.34,15.3,7.5,0,0,0,0,Never,Moderate,1,4.0,6,2,2,12,2025-01-05,1
P103810,34,Female,30.6,117.0,91.0,97.0,94.2,37.0,18.0,156.0,4.8,168.0,0.46,10.2,9.2,0,0,0,0,Never,High,0,1.0,4,1,2,14,2024-02-20,0
P103811,50,Female,22.6,131.0,81.0,76.0,96.1,37.3,20.0,112.0,5.1,238.0,0.99,15.4,2.4,1,0,0,0,Current,Moderate,0,4.1,10,0,0,19,2024-11-16,1
P103812,67,Female,26.0,126.0,81.0,69.0,100.0,36.3,16.0,170.0,6.0,166.0,0.57,12.9,9.8,1,0,0,0,Never,Moderate,0,1.8,6,2,1,1,2024-09-01,0
P103813,50,Female,26.7,103.0,100.0,84.0,96.0,36.6,13.0,153.0,5.7,223.0,1.5,13.3,4.3,0,0,0,0,Never,Moderate,2,2.6,7,0,2,4,2025-08-07,1
P103814,45,Male,25.2,130.0,79.0,88.0,95.5,37.1,17.0,55.0,6.8,102.0,1.36,14.8,8.5,0,0,0,0,Former,Low,2,2.3,3,0,1,12,2024-06-30,0
P103815,23,Male,31.7,160.0,88.0,67.0,96.5,36.8,16.0,144.0,5.7,176.0,1.0,13.3,2.0,0,1,0,0,Never,Moderate,1,1.4,5,0,1,8,2024-09-30,0
P103816,50,Male,30.8,103.0,78.0,52.0,97.5,36.1,11.0,116.0,5.5,142.0,1.29,15.4,7.1,0,0,0,0,Current,Moderate,0,1.1,5,0,0,12,2025-02-02,0
P103817,76,Female,33.6,135.0,65.0,54.0,97.4,36.6,14.0,86.0,5.6,184.0,1.04,10.3,8.9,0,0,0,0,Never,High,4,4.4,9,0,1,6,2025-03-10,1
P103818,63,Female,25.8,133.0,71.0,79.0,95.4,36.6,14.0,118.0,4.6,137.0,0.81,15.2,5.3,0,0,0,0,Former,Low,0,1.0,8,0,0,22,2025-04-27,1
P103819,83,Male,33.8,141.0,88.0,94.0,95.4,36.7,14.0,132.0,7.4,196.0,0.63,14.9,7.1,0,0,0,1,Current,Low,2,3.4,11,1,1,1,2024-07-03,1
P103820,27,Male,20.4,113.0,88.0,60.0,96.0,36.7,23.0,80.0,6.1,213.0,1.15,15.1,8.9,0,0,0,0,Former,Low,1,2.1,1,1,0,21,2025-06-16,0
P103821,18,Male,20.3,104.0,84.0,73.0,95.2,37.6,20.0,102.0,5.3,170.0,,15.4,8.5,0,0,0,0,Never,High,2,3.8,3,2,0,23,2024-12-18,1
P103822,58,Female,21.2,110.0,94.0,72.0,94.3,36.7,21.0,102.0,6.0,183.0,1.73,12.5,3.9,0,0,0,0,Never,Moderate,0,4.1,8,0,1,20,2024-09-11,1
P103823,31,Male,27.5,152.0,85.0,99.0,99.8,35.9,20.0,136.0,5.5,203.0,0.63,16.5,9.0,0,1,0,0,Current,High,2,10.6,6,0,0,11,2025-05-12,0
P103824,61,Female,33.8,117.0,75.0,103.0,95.8,36.8,22.0,103.0,4.3,193.0,1.32,12.1,10.4,0,0,0,0,Never,High,0,7.2,8,0,0,20,2024-10-02,0
P103825,83,Female,24.4,127.0,90.0,81.0,95.9,37.7,18.0,58.0,4.9,246.0,1.46,11.7,9.4,0,0,0,0,Never,High,1,3.2,5,1,2,13,2024-10-18,0
P103826,42,Male,25.0,167.0,83.0,87.0,95.9,36.7,23.0,95.0,5.5,169.0,0.6,14.8,4.5,0,1,0,0,Never,High,0,1.0,2,1,0,5,2024-08-17,0
P103827,58,Male,26.4,120.0,77.0,86.0,96.4,36.6,14.0,80.0,5.7,215.0,0.9,12.5,4.8,1,0,0,0,Current,Low,0,3.7,8,2,0,22,2025-01-23,0
P103828,67,Female,30.5,140.0,88.0,61.0,97.3,36.6,18.0,70.0,6.0,205.0,0.99,12.4,7.2,1,1,0,0,Never,Low,0,1.2,4,0,0,18,2024-08-09,0
P103829,28,Male,25.0,147.0,81.0,84.0,95.7,37.1,14.0,149.0,7.1,135.0,1.91,15.0,8.2,0,0,0,0,Former,Moderate,0,5.7,4,0,3,16,2025-11-22,0
P103830,83,Female,24.7,153.0,78.0,64.0,98.6,36.6,22.0,146.0,5.9,198.0,1.03,14.3,8.7,1,0,0,1,Former,Low,2,3.1,15,1,1,2,2024-02-08,1
P103831,32,Female,20.5,107.0,79.0,74.0,97.6,36.0,19.0,75.0,4.9,192.0,0.63,13.1,5.4,0,0,0,0,Current,Moderate,1,1.0,4,0,0,25,2025-09-28,0
P103832,77,Female,24.5,123.0,98.0,90.0,96.2,36.5,22.0,72.0,6.2,176.0,1.22,11.8,6.9,0,0,0,0,Current,Low,2,12.1,5,1,0,22,2024-11-07,1
P103833,66,Female,33.6,139.0,97.0,77.0,95.3,36.8,13.0,111.0,4.7,262.0,0.75,12.7,5.4,0,0,0,0,Never,High,3,3.3,4,0,1,32,2025-03-03,0
P103834,28,Female,28.0,162.0,83.0,89.0,98.5,37.1,16.0,62.0,5.7,244.0,0.92,12.2,5.0,0,0,0,0,Never,Moderate,0,8.0,2,0,1,10,2025-03-19,0
P103835,70,Male,23.7,121.0,84.0,92.0,96.2,36.5,12.0,107.0,5.4,166.0,0.93,14.5,7.8,0,1,1,0,Current,Moderate,2,2.8,5,1,0,1,2025-10-26,1
P103836,32,Male,33.9,121.0,67.0,55.0,94.3,36.7,19.0,111.0,5.8,219.0,1.09,13.7,6.9,0,0,0,0,Never,Moderate,0,3.4,2,0,0,23,2025-09-16,0
P103837,61,Male,24.5,140.0,100.0,50.0,98.3,36.8,17.0,125.0,5.8,223.0,0.88,13.1,7.9,0,0,0,0,Former,High,1,4.1,4,1,0,9,2025-02-09,1
P103838,88,Female,34.9,147.0,95.0,90.0,95.2,36.4,21.0,131.0,6.1,201.0,0.92,11.5,5.9,0,1,0,0,Never,High,0,1.5,9,2,0,20,2024-07-28,1
P103839,87,Female,34.8,148.0,92.0,90.0,98.1,36.8,18.0,91.0,6.8,153.0,1.41,10.4,8.3,0,0,0,0,Never,High,0,2.2,8,2,3,1,2024-05-15,0
P103840,81,Male,27.8,121.0,61.0,79.0,92.0,37.0,11.0,120.0,6.8,159.0,1.17,16.2,4.7,0,0,0,0,Never,Moderate,0,1.8,11,2,1,16,2025-05-19,0
P103841,54,Male,19.7,123.0,83.0,81.0,95.8,36.2,12.0,158.0,7.7,215.0,1.02,15.7,6.1,0,0,0,0,Never,Moderate,1,8.7,3,1,2,7,2024-04-29,0
P103842,58,Female,39.4,137.0,81.0,87.0,98.6,37.0,18.0,55.0,,214.0,0.49,11.4,4.8,0,0,0,0,Never,Moderate,0,6.2,5,2,0,19,2024-12-24,0
P103843,39,Male,29.5,152.0,88.0,86.0,96.5,36.3,20.0,121.0,5.4,184.0,1.14,15.6,7.6,0,0,0,0,Never,Moderate,0,2.4,6,0,0,21,2024-12-30,0
P103844,85,Female,25.8,132.0,80.0,72.0,97.6,36.3,10.0,77.0,5.7,245.0,0.97,13.3,10.6,0,0,0,0,Never,High,2,1.9,3,3,1,14,2025-01-10,0
P103845,52,Female,32.5,132.0,80.0,87.0,94.9,36.5,18.0,161.0,6.1,252.0,1.08,11.3,7.7,0,0,0,0,Current,Moderate,0,1.4,3,1,2,15,2025-11-01,0
P103846,74,Male,31.2,117.0,90.0,72.0,97.1,37.5,14.0,145.0,7.4,251.0,0.56,13.0,6.8,0,0,0,0,Never,Moderate,1,4.2,9,1,3,10,2025-09-25,1
P103847,44,Male,34.3,163.0,74.0,79.0,96.5,35.9,14.0,138.0,6.5,251.0,1.06,14.4,6.6,0,0,0,0,Never,Low,0,4.3,2,0,1,7,2024-04-30,0
P103848,72,Male,,137.0,78.0,78.0,96.9,36.6,16.0,86.0,5.4,194.0,1.12,15.7,5.8,0,0,0,1,Never,High,1,2.5,2,0,0,28,2024-01-27,0
P103849,34,Female,29.2,148.0,83.0,66.0,100.0,36.8,18.0,118.0,6.0,144.0,0.89,14.1,9.2,0,0,0,0,Former,High,0,2.9,4,0,0,18,2025-08-31,0
P103850,71,Male,21.3,135.0,97.0,67.0,98.8,37.4,16.0,129.0,6.3,183.0,0.81,13.8,7.8,1,0,1,0,Former,Moderate,0,3.1,11,1,0,20,2025-03-03,1
P103851,21,Male,31.0,130.0,88.0,103.0,97.9,37.8,11.0,55.0,6.4,191.0,1.24,15.3,3.7,0,0,0,0,Former,High,0,2.6,6,1,0,14,2024-05-06,0
P103852,25,Female,27.4,103.0,91.0,65.0,97.9,36.6,18.0,113.0,5.8,171.0,0.72,13.0,9.2,0,0,0,0,Former,High,0,2.3,7,1,0,22,2024-03-17,0
P103853,43,Male,29.0,95.0,82.0,80.0,94.9,37.1,17.0,132.0,6.0,181.0,1.23,13.5,5.3,0,0,0,0,Former,Low,2,1.2,5,1,0,18,2025-01-24,1
P103854,53,Female,26.7,154.0,97.0,83.0,95.7,36.8,15.0,63.0,4.8,151.0,1.3,14.6,5.7,1,0,0,0,Former,High,0,1.0,7,0,0,21,2024-11-23,1
P103855,69,Male,26.2,136.0,66.0,75.0,93.7,36.7,17.0,136.0,,222.0,0.82,14.8,7.8,1,0,0,0,Never,Moderate,0,1.0,8,1,1,7,2025-09-07,0
P103856,44,Male,23.0,135.0,102.0,84.0,94.2,36.9,17.0,114.0,4.5,257.0,1.19,15.4,5.8,1,1,0,0,Former,Low,0,2.3,9,1,1,20,2024-10-06,1
P103857,19,Male,31.6,107.0,102.0,80.0,94.9,36.0,18.0,155.0,,286.0,0.79,13.0,11.5,0,0,0,0,Never,High,0,2.3,3,0,3,11,2025-01-21,0
P103858,41,Male,35.2,116.0,86.0,66.0,96.4,36.8,17.0,96.0,5.2,204.0,1.15,13.8,6.5,0,0,0,0,Never,Low,0,1.4,3,0,0,7,2024-04-18,0
P103859,50,Male,24.6,150.0,90.0,82.0,94.3,37.0,19.0,118.0,5.3,188.0,0.74,15.8,8.3,0,0,0,0,Former,Moderate,1,3.1,4,0,0,13,2025-02-03,0
P103860,57,Female,30.4,162.0,82.0,69.0,96.4,36.4,18.0,125.0,6.4,194.0,0.99,12.8,3.9,0,0,0,1,Current,High,1,2.6,5,0,0,21,2025-12-27,0
P103861,65,Male,29.7,123.0,81.0,97.0,96.2,37.0,21.0,55.0,6.0,,,14.3,5.8,0,1,0,0,Never,High,0,1.8,7,2,1,17,2024-03-17,0
P103862,36,Female,27.5,142.0,75.0,81.0,94.5,35.9,24.0,97.0,4.0,246.0,0.95,11.6,6.7,0,0,0,0,Never,High,0,1.0,3,1,1,18,2025-07-17,0
P103863,62,Female,19.6,137.0,82.0,68.0,99.2,36.8,18.0,117.0,5.8,186.0,1.14,13.5,9.0,0,0,0,1,Former,High,0,2.1,8,2,0,7,2024-07-14,0
P103864,64,Female,20.7,132.0,88.0,80.0,94.1,37.5,16.0,55.0,5.6,241.0,0.82,11.6,4.8,0,1,0,1,Current,Moderate,1,5.2,6,2,1,12,2025-02-27,1
P103865,74,Female,23.4,166.0,88.0,65.0,98.5,36.7,13.0,140.0,7.2,201.0,0.92,13.7,9.4,0,0,0,0,Former,High,0,4.8,5,1,1,6,2025-05-22,1
P103866,56,Male,16.4,125.0,102.0,79.0,92.4,36.3,20.0,116.0,4.8,167.0,1.22,13.1,7.3,0,1,0,0,Former,Low,0,2.8,4,0,0,16,2025-01-28,1
P103867,77,Male,34.8,156.0,85.0,73.0,96.2,36.1,15.0,120.0,7.8,189.0,0.97,14.3,7.7,0,1,1,0,Never,Low,1,4.6,5,1,1,8,2025-12-28,1
P103868,34,Female,29.4,137.0,66.0,66.0,94.3,37.0,26.0,134.0,6.4,260.0,0.81,15.6,5.5,0,0,0,0,Never,Low,0,3.6,3,2,1,14,2025-06-01,0
P103869,69,Female,27.3,134.0,100.0,66.0,95.3,37.3,28.0,101.0,5.8,222.0,0.82,13.7,5.1,0,0,0,0,Current,Moderate,2,2.2,6,0,0,26,2025-05-22,0
P103870,21,Male,16.1,152.0,68.0,105.0,99.8,36.8,17.0,108.0,5.1,176.0,0.78,14.1,2.6,0,0,0,0,Never,Low,0,3.8,3,0,0,29,2025-01-05,0
P103871,25,Female,18.0,134.0,75.0,77.0,95.9,36.6,12.0,138.0,4.9,231.0,0.64,14.5,7.6,0,0,0,0,Never,Low,0,4.9,5,1,0,18,2025-08-17,0
P103872,81,Female,27.5,134.0,87.0,71.0,94.5,35.8,20.0,120.0,6.5,222.0,1.3,,8.3,0,0,0,0,Never,Moderate,2,2.2,8,2,0,11,2024-03-22,1
P103873,52,Female,37.7,156.0,86.0,69.0,97.4,36.9,25.0,55.0,5.1,183.0,0.88,11.7,6.3,0,1,0,0,Never,Moderate,0,3.9,6,0,0,6,2024-07-25,0
P103874,63,Male,23.9,155.0,68.0,82.0,95.9,36.5,13.0,116.0,5.9,167.0,0.74,14.1,3.8,1,0,0,0,Never,Low,2,1.7,6,0,0,22,2025-08-10,1
P103875,62,Male,32.0,154.0,75.0,68.0,96.8,36.5,25.0,116.0,5.0,153.0,0.98,16.2,5.9,0,1,0,0,Never,Low,2,2.6,8,0,0,26,2024-07-17,0
P103876,68,Male,25.0,90.0,68.0,63.0,94.9,37.6,12.0,147.0,6.7,133.0,0.66,16.2,7.7,0,1,0,0,Former,Low,2,2.0,4,2,2,18,2024-08-12,1
P103877,35,Male,27.8,138.0,87.0,76.0,94.9,35.9,13.0,97.0,5.8,170.0,0.72,13.9,7.4,0,0,0,0,Never,Low,0,2.5,5,1,0,13,2024-08-08,0
P103878,31,Male,33.8,133.0,93.0,76.0,95.1,36.0,19.0,74.0,5.2,188.0,1.32,14.2,8.3,0,0,0,0,Never,Moderate,0,3.8,6,1,0,15,2025-03-16,0
P103879,21,Male,25.7,128.0,68.0,71.0,97.9,36.9,22.0,73.0,5.2,243.0,0.61,15.2,3.8,0,0,0,0,Current,Moderate,0,2.5,3,2,1,14,2025-10-06,0
P103880,81,Male,23.9,146.0,94.0,65.0,96.1,36.6,18.0,168.0,5.5,226.0,1.05,18.0,6.2,0,0,0,1,Never,High,1,5.3,10,2,1,11,2025-09-05,0
P103881,34,Male,34.9,135.0,90.0,71.0,94.6,36.5,20.0,119.0,5.9,202.0,1.57,14.2,6.8,0,0,0,1,Never,Moderate,0,2.5,6,1,1,5,2024-07-15,0
P103882,59,Male,27.7,145.0,76.0,70.0,96.8,36.9,22.0,162.0,4.8,124.0,1.1,16.7,8.3,0,1,0,1,Never,Moderate,1,5.2,4,1,1,4,2024-02-07,1
P103883,51,Male,33.2,128.0,62.0,69.0,96.6,36.9,22.0,166.0,6.6,206.0,0.86,15.0,5.8,0,1,0,0,Never,Moderate,2,2.5,5,1,2,17,2025-07-18,0
P103884,29,Male,23.9,155.0,70.0,79.0,97.5,36.3,16.0,82.0,5.7,132.0,0.4,15.9,8.1,0,1,0,0,Former,Low,0,2.6,3,0,0,27,2025-11-24,0
P103885,48,Female,34.8,145.0,76.0,103.0,95.6,36.5,15.0,83.0,5.4,228.0,1.04,14.7,5.1,0,0,0,0,Current,Low,0,1.0,9,1,0,12,2024-08-07,1
P103886,24,Female,28.9,138.0,96.0,92.0,96.4,36.8,22.0,103.0,6.0,229.0,0.71,13.5,7.4,0,0,0,0,Former,High,1,2.5,7,0,0,25,2024-08-15,0
P103887,30,Female,29.8,138.0,80.0,99.0,97.3,36.9,20.0,130.0,5.9,197.0,1.1,13.2,6.4,0,1,0,0,Never,Moderate,0,1.0,3,3,0,15,2024-06-08,0
P103888,28,Female,28.2,149.0,71.0,69.0,94.7,37.0,20.0,59.0,4.6,226.0,0.74,12.9,6.3,0,0,0,0,Former,High,0,2.8,4,0,0,17,2025-05-31,0
P103889,78,Male,24.9,153.0,85.0,96.0,98.1,36.5,16.0,133.0,7.3,234.0,1.16,15.1,11.8,0,0,0,0,Never,Moderate,1,2.5,7,3,2,7,2025-11-26,1
P103890,59,Female,27.5,131.0,70.0,79.0,96.5,37.0,20.0,128.0,4.0,199.0,1.43,15.0,6.3,0,0,0,0,Current,Moderate,0,7.1,6,3,1,17,2025-04-11,0
P103891,85,Male,25.2,153.0,89.0,88.0,94.5,37.3,14.0,79.0,7.2,189.0,,16.6,6.2,0,1,0,0,Never,High,2,5.8,13,1,1,9,2025-10-22,1
P103892,49,Female,32.5,135.0,72.0,81.0,94.5,36.8,19.0,74.0,5.6,145.0,0.63,15.0,4.2,0,0,0,0,Never,Low,1,14.1,5,0,0,17,2025-09-24,0
P103893,32,Male,26.4,162.0,73.0,72.0,96.3,36.7,18.0,124.0,6.5,182.0,0.97,13.9,9.0,0,0,0,0,Current,High,2,12.8,5,0,0,12,2025-02-06,0
P103894,62,Male,19.7,152.0,86.0,85.0,95.5,36.7,18.0,187.0,7.2,157.0,1.31,13.7,5.9,0,1,0,0,Never,Moderate,1,3.9,4,1,2,1,2024-06-20,0
P103895,85,Male,18.8,126.0,102.0,82.0,97.9,36.5,21.0,108.0,5.8,157.0,0.68,13.4,6.9,0,1,0,0,Never,High,0,1.0,8,3,0,18,2024-07-12,1
P103896,56,Male,18.5,172.0,104.0,55.0,96.0,36.3,14.0,125.0,5.5,167.0,1.49,14.8,5.3,0,0,0,0,Current,High,1,3.6,3,0,1,7,2024-12-20,0
P103897,19,Female,30.7,93.0,70.0,75.0,97.0,36.7,20.0,85.0,5.7,120.0,0.95,14.6,7.8,0,0,0,0,Current,Moderate,0,2.5,6,2,0,16,2024-04-04,0
P103898,40,Female,21.5,142.0,75.0,86.0,95.0,37.0,18.0,118.0,4.7,232.0,1.13,12.4,8.9,0,0,0,0,Never,Low,1,8.1,7,2,0,19,2024-11-07,1
P103899,85,Male,29.1,124.0,89.0,79.0,96.5,36.4,15.0,96.0,5.9,203.0,1.01,14.3,9.6,0,1,0,0,Never,High,0,2.3,2,1,0,14,2024-09-22,0
P103900,55,Male,,165.0,94.0,82.0,98.9,36.8,13.0,104.0,5.5,239.0,1.03,15.6,6.8,0,0,0,0,Current,Moderate,0,3.8,5,0,0,22,2025-10-03,0
P103901,87,Female,27.2,141.0,63.0,67.0,96.2,36.7,25.0,204.0,5.2,225.0,0.86,12.7,5.8,0,0,0,0,Never,Low,1,2.9,7,3,1,5,2025-01-18,1
P103902,55,Female,29.8,119.0,83.0,79.0,95.5,37.7,18.0,117.0,5.4,214.0,1.45,12.9,5.7,0,0,1,0,Never,High,2,2.2,3,1,1,25,2025-06-20,1
P103903,18,Female,28.3,124.0,75.0,75.0,94.9,37.2,17.0,55.0,6.1,225.0,1.41,14.9,7.0,0,0,0,0,Never,Moderate,0,1.7,8,3,1,4,2024-10-19,0
P103904,81,Female,16.0,124.0,65.0,74.0,96.5,37.2,14.0,140.0,6.8,201.0,1.69,13.2,7.5,0,1,0,1,Never,High,1,4.0,10,0,2,29,2024-02-07,1
P103905,73,Female,25.8,130.0,70.0,68.0,99.0,37.3,22.0,156.0,5.9,245.0,0.57,12.1,8.1,1,1,0,0,Never,Moderate,2,2.6,4,2,2,1,2025-04-17,0
P103906,70,Female,29.7,129.0,78.0,87.0,94.0,36.5,22.0,139.0,6.1,176.0,1.15,13.3,5.3,0,0,0,0,Never,Low,1,1.2,6,1,0,10,2025-01-29,0
P103907,88,Female,36.0,124.0,85.0,80.0,96.4,37.5,21.0,113.0,6.0,194.0,1.23,13.9,7.3,1,1,0,0,Never,Low,2,5.4,8,1,0,12,2024-03-20,1
P103908,32,Male,36.3,134.0,91.0,79.0,93.4,36.9,18.0,77.0,4.0,184.0,0.75,18.0,5.0,0,0,0,0,Never,Moderate,0,2.0,6,1,0,21,2024-06-27,0
P103909,84,Female,20.4,143.0,88.0,101.0,95.8,36.8,21.0,87.0,5.3,272.0,1.21,15.5,6.7,0,1,1,0,Never,High,0,8.3,7,3,1,6,2024-02-26,0
P103910,34,Male,25.7,113.0,91.0,82.0,97.0,36.2,15.0,102.0,6.5,171.0,0.55,18.0,9.8,1,0,0,0,Never,High,0,3.4,7,0,0,32,2025-09-16,0
P103911,88,Male,19.4,108.0,85.0,90.0,93.7,36.6,19.0,106.0,7.3,244.0,1.53,13.0,6.5,0,1,0,1,Never,Moderate,2,3.2,13,3,3,2,2025-03-06,1
P103912,31,Female,35.4,135.0,74.0,79.0,95.7,35.9,18.0,89.0,4.8,143.0,0.51,15.3,5.2,0,0,0,0,Never,High,2,2.3,4,0,0,22,2025-12-11,0
P103913,58,Male,32.8,142.0,81.0,72.0,97.0,36.7,19.0,156.0,6.9,199.0,1.09,16.9,7.7,0,1,0,0,Never,Moderate,1,1.9,8,1,2,9,2024-05-21,0
P103914,75,Female,29.3,147.0,90.0,63.0,96.7,36.5,12.0,149.0,5.0,188.0,1.3,13.2,8.8,0,0,0,0,Never,Moderate,2,9.9,7,1,1,8,2025-05-28,1
P103915,23,Female,28.4,138.0,91.0,79.0,97.1,36.6,25.0,151.0,5.0,156.0,0.75,12.6,5.5,0,0,0,0,Former,Moderate,0,1.1,4,0,1,9,2024-11-04,0
P103916,22,Male,34.7,155.0,79.0,45.0,94.7,36.1,24.0,79.0,5.4,170.0,1.3,15.7,4.3,0,0,0,0,Never,Moderate,0,1.0,6,0,0,21,2025-03-15,0
P103917,80,Male,33.8,153.0,75.0,79.0,97.0,37.2,14.0,85.0,5.9,214.0,0.58,14.1,5.4,0,1,1,0,Never,Moderate,0,1.7,7,5,0,9,2024-05-11,1
P103918,22,Female,33.5,174.0,84.0,80.0,95.4,37.1,20.0,110.0,4.8,182.0,0.91,11.5,6.1,0,0,0,0,Never,High,1,2.6,2,1,0,1,2024-09-29,0
P103919,62,Female,29.9,186.0,87.0,73.0,97.8,37.6,13.0,129.0,,158.0,0.56,11.1,10.0,0,1,0,0,Never,Moderate,1,5.3,4,1,0,20,2025-06-30,1
P103920,86,Female,25.7,106.0,96.0,75.0,92.3,37.6,18.0,121.0,6.9,229.0,0.89,11.0,4.2,0,0,0,0,Former,Moderate,1,5.1,5,1,1,12,2025-05-22,0
P103921,62,Male,31.5,96.0,76.0,61.0,96.0,36.9,10.0,126.0,4.6,194.0,0.9,14.9,3.6,0,0,0,0,Current,Low,1,5.6,7,1,0,24,2025-11-24,0
P103922,53,Female,31.7,132.0,76.0,93.0,96.7,37.3,17.0,168.0,5.9,208.0,0.85,14.2,7.5,0,0,0,1,Never,High,1,2.6,7,2,1,9,2024-12-16,1
P103923,48,Male,26.5,140.0,89.0,72.0,98.9,36.9,16.0,104.0,6.6,237.0,1.35,13.1,5.6,0,0,0,0,Current,High,0,1.0,7,2,1,13,2025-03-31,0
P103924,64,Male,25.7,132.0,79.0,64.0,96.7,36.6,22.0,143.0,5.6,254.0,0.71,15.3,5.0,0,0,0,1,Never,High,0,3.0,6,1,2,11,2024-11-19,0
P103925,59,Male,33.4,145.0,78.0,83.0,96.8,36.7,24.0,132.0,5.4,108.0,0.59,15.3,8.3,1,1,0,1,Former,Moderate,2,4.4,7,0,0,13,2025-03-24,1
P103926,54,Male,36.2,128.0,95.0,77.0,97.2,37.1,24.0,116.0,5.1,191.0,0.89,15.1,7.2,0,0,0,0,Never,Moderate,2,1.5,3,0,0,19,2025-04-19,0
P103927,29,Female,23.6,118.0,67.0,72.0,98.8,38.8,22.0,135.0,7.3,131.0,0.97,14.2,9.0,0,0,0,0,Never,Moderate,0,3.5,5,1,1,13,2025-03-08,0
P103928,66,Female,26.1,125.0,104.0,70.0,95.8,37.4,18.0,88.0,7.3,299.0,1.19,13.5,8.5,1,0,0,0,Current,High,0,4.9,5,3,2,14,2025-08-05,1
P103929,72,Male,29.3,131.0,77.0,76.0,94.0,36.9,19.0,82.0,5.8,201.0,1.39,16.6,4.6,0,0,0,0,Current,Low,1,3.8,5,1,0,11,2024-05-15,0
P103930,69,Female,30.0,149.0,92.0,92.0,93.6,37.0,19.0,131.0,7.1,232.0,0.45,14.1,3.6,0,0,0,1,Never,High,0,3.9,5,2,1,5,2025-05-21,1
P103931,23,Male,,120.0,79.0,82.0,97.7,37.0,14.0,55.0,5.0,171.0,1.39,12.7,9.2,0,0,0,0,Never,Moderate,0,3.1,3,1,0,24,2025-04-27,0
P103932,69,Female,37.3,129.0,86.0,76.0,96.9,36.8,22.0,133.0,5.9,181.0,0.83,16.0,6.8,0,1,1,0,Never,Moderate,2,2.7,8,3,0,21,2024-01-28,1
P103933,71,Male,29.7,144.0,81.0,86.0,96.0,37.2,20.0,76.0,5.1,237.0,0.99,13.2,13.0,0,0,0,0,Never,Moderate,1,1.2,6,1,1,6,2024-06-18,0
P103934,31,Male,30.3,126.0,89.0,76.0,95.4,36.7,21.0,162.0,4.0,215.0,0.95,14.6,8.9,0,0,0,0,Former,Moderate,0,6.4,7,0,1,13,2024-08-01,0
P103935,79,Female,36.6,154.0,80.0,81.0,96.8,36.3,10.0,103.0,5.6,259.0,0.48,17.0,9.7,0,0,0,0,Current,Moderate,1,8.3,4,0,1,20,2025-11-10,0
P103936,56,Female,25.2,117.0,77.0,78.0,96.9,37.0,20.0,164.0,5.5,163.0,0.9,13.9,5.1,0,0,0,0,Current,Moderate,0,5.1,6,1,1,2,2024-09-28,0
P103937,52,Female,27.0,113.0,100.0,83.0,97.4,37.1,22.0,105.0,6.2,187.0,1.28,,6.8,1,0,0,0,Never,High,1,1.0,3,1,0,12,2024-08-12,0
P103938,70,Female,21.0,140.0,83.0,71.0,94.5,36.7,18.0,107.0,6.6,214.0,1.24,13.7,8.6,1,0,0,0,Never,Moderate,3,5.4,4,0,1,14,2024-05-13,0
P103939,55,Male,26.6,139.0,76.0,62.0,93.3,37.0,16.0,143.0,5.7,220.0,0.87,15.4,6.8,1,0,0,0,Former,Moderate,1,8.4,8,1,1,13,2025-12-19,1
P103940,57,Male,19.8,118.0,68.0,87.0,94.9,37.3,13.0,124.0,5.0,211.0,1.08,14.9,7.1,0,0,0,0,Former,Low,2,6.5,4,1,0,17,2024-11-27,1
P103941,40,Female,31.4,154.0,100.0,94.0,94.1,36.8,13.0,108.0,5.1,145.0,1.1,12.4,7.5,0,0,0,0,Never,Moderate,0,1.7,5,3,0,6,2024-09-22,0
P103942,85,Female,29.7,169.0,79.0,63.0,94.0,36.6,19.0,104.0,7.7,159.0,,11.3,5.6,1,1,0,0,Former,High,0,6.0,3,0,1,21,2025-10-22,0
P103943,88,Male,26.1,126.0,105.0,78.0,99.3,36.4,17.0,105.0,6.8,208.0,1.25,12.9,5.2,1,0,1,0,Current,Moderate,2,3.2,8,5,1,4,2024-10-10,1
P103944,27,Male,27.0,155.0,85.0,71.0,92.4,36.7,17.0,190.0,6.8,136.0,0.71,13.4,6.6,0,0,0,1,Never,Low,2,4.9,2,0,2,7,2024-11-26,1
P103945,71,Female,31.5,94.0,85.0,87.0,97.3,37.6,23.0,57.0,7.7,161.0,0.8,15.1,6.2,0,1,0,0,Never,Moderate,0,7.4,4,1,1,18,2024-09-23,0
P103946,19,Male,21.6,147.0,82.0,79.0,98.1,36.7,14.0,64.0,4.8,196.0,0.82,12.8,5.2,0,0,0,0,Never,Moderate,0,7.2,5,0,0,24,2025-12-08,0
P103947,44,Male,28.6,117.0,104.0,116.0,98.3,37.0,17.0,152.0,6.5,166.0,0.4,14.8,6.7,0,0,0,0,Never,Low,1,1.1,5,0,1,17,2025-02-06,0
P103948,88,Female,31.1,153.0,62.0,72.0,97.0,36.6,24.0,157.0,5.4,204.0,1.31,15.3,4.4,0,1,0,0,Never,Moderate,2,4.9,5,1,1,24,2024-06-15,1
P103949,30,Male,18.2,113.0,83.0,94.0,98.9,36.6,17.0,76.0,6.5,192.0,0.96,15.6,8.5,0,0,0,0,Current,Moderate,0,3.4,5,2,0,6,2025-02-18,0
P103950,45,Male,31.1,130.0,79.0,96.0,99.7,36.4,18.0,55.0,6.5,165.0,0.92,16.7,8.2,1,0,0,0,Former,Low,0,2.7,6,2,0,17,2025-05-14,0
P103951,34,Female,18.8,116.0,79.0,82.0,96.0,36.9,17.0,154.0,4.0,166.0,1.18,12.3,8.4,0,0,0,0,Current,Moderate,1,1.3,3,1,1,8,2024-09-18,0
P103952,71,Male,26.9,131.0,85.0,76.0,97.3,36.5,20.0,79.0,6.4,244.0,1.17,15.5,5.3,0,0,0,0,Current,Moderate,2,4.6,3,0,1,25,2025-11-01,0
P103953,51,Female,21.5,163.0,79.0,77.0,98.8,37.4,11.0,95.0,5.0,210.0,1.3,14.9,5.1,0,1,0,0,Never,High,1,1.9,1,3,0,15,2025-07-18,0
P103954,61,Female,34.9,131.0,85.0,76.0,94.9,36.7,17.0,117.0,5.6,204.0,1.48,14.6,9.6,0,0,0,0,Never,Low,0,9.3,7,1,1,20,2025-11-01,0
P103955,86,Male,21.5,172.0,84.0,90.0,96.1,36.8,18.0,81.0,5.6,197.0,1.2,15.9,6.6,0,0,0,0,Former,High,0,1.0,12,1,0,26,2024-06-30,0
P103956,56,Female,18.9,126.0,69.0,66.0,95.4,36.7,15.0,145.0,6.7,161.0,0.82,11.4,8.1,0,0,0,0,Never,Low,1,2.0,5,0,2,16,2024-10-19,0
P103957,71,Female,28.2,160.0,87.0,74.0,97.3,37.0,19.0,117.0,5.4,174.0,1.27,14.2,4.7,0,1,0,0,Never,Moderate,0,3.1,5,1,0,14,2024-06-12,0
P103958,25,Male,25.3,101.0,88.0,73.0,93.1,37.5,21.0,77.0,4.3,104.0,0.72,15.3,6.4,0,0,0,0,Current,High,0,3.6,6,0,0,9,2025-07-29,0
P103959,33,Female,19.7,125.0,76.0,55.0,99.1,36.3,20.0,81.0,4.9,171.0,0.74,13.0,9.4,0,0,0,0,Former,High,1,1.0,4,2,0,12,2025-10-10,0
P103960,87,Male,30.2,127.0,103.0,86.0,97.5,36.9,24.0,164.0,6.1,171.0,1.03,13.7,7.3,0,0,1,0,Current,High,0,11.6,8,3,1,6,2025-07-03,1
P103961,80,Male,17.1,162.0,97.0,89.0,97.6,36.0,16.0,108.0,6.5,216.0,1.41,15.3,6.5,0,1,0,0,Former,Low,0,2.8,9,0,1,14,2024-06-02,0
P103962,65,Female,22.1,137.0,91.0,68.0,92.2,37.4,20.0,136.0,7.1,172.0,1.26,11.7,8.1,1,0,0,0,Never,Moderate,1,2.0,11,0,1,20,2025-07-07,1
P103963,45,Female,24.5,96.0,90.0,88.0,94.6,36.7,20.0,111.0,6.2,225.0,1.23,12.6,7.6,0,0,0,0,Never,Low,0,1.8,4,0,0,16,2024-01-10,0
P103964,32,Female,31.7,108.0,81.0,57.0,99.2,36.1,17.0,55.0,6.1,185.0,0.98,14.6,11.2,0,0,0,0,Never,Moderate,3,3.4,4,0,1,23,2024-10-05,0
P103965,80,Female,34.2,118.0,95.0,76.0,96.2,36.2,22.0,144.0,6.8,201.0,1.25,14.8,7.1,0,0,0,0,Never,Moderate,1,7.1,3,2,2,8,2025-08-22,0
P103966,75,Female,33.2,151.0,99.0,74.0,93.4,37.2,19.0,154.0,6.8,194.0,1.24,13.9,8.3,0,0,0,0,Never,High,2,1.3,11,0,2,7,2024-11-05,1
P103967,35,Male,26.7,144.0,89.0,77.0,96.9,36.0,14.0,174.0,6.6,222.0,0.76,13.9,6.7,0,0,0,0,Never,Low,0,3.8,4,2,2,12,2024-01-24,0
P103968,61,Male,16.0,128.0,77.0,77.0,97.7,36.9,21.0,55.0,8.2,241.0,1.2,12.9,5.0,1,0,0,0,Current,High,2,2.2,10,2,2,4,2025-12-10,1
P103969,63,Female,29.5,124.0,82.0,75.0,97.5,36.6,16.0,55.0,6.7,157.0,1.04,12.0,7.8,0,1,0,0,Former,Moderate,1,1.6,5,5,1,9,2024-09-23,0
P103970,52,Female,35.1,144.0,88.0,71.0,96.2,36.7,17.0,135.0,6.1,262.0,0.89,15.1,4.1,0,1,1,0,Never,High,0,3.0,5,2,1,9,2024-12-26,1
P103971,85,Male,33.9,117.0,92.0,75.0,98.5,36.5,17.0,97.0,5.8,162.0,1.01,,9.0,0,1,0,0,Never,Low,0,1.6,5,0,0,11,2025-02-24,0
P103972,27,Male,29.9,137.0,80.0,92.0,95.2,36.3,21.0,58.0,5.8,188.0,0.78,14.4,4.4,0,0,0,0,Current,Moderate,0,12.3,7,0,0,25,2024-07-01,0
P103973,36,Female,21.3,137.0,75.0,69.0,97.5,36.6,22.0,113.0,6.7,175.0,0.88,13.4,5.2,0,0,0,0,Never,Moderate,0,5.5,4,0,1,5,2025-05-18,0
P103974,24,Male,24.8,124.0,96.0,103.0,96.7,37.1,17.0,92.0,4.4,252.0,0.92,15.6,5.1,0,0,0,0,Former,High,0,2.3,2,1,1,19,2024-03-02,0
P103975,68,Male,37.6,141.0,72.0,68.0,96.3,36.7,17.0,71.0,7.1,155.0,1.24,13.1,8.2,0,1,1,0,Never,Moderate,2,7.2,4,4,1,14,2024-10-15,1
P103976,65,Female,20.1,136.0,73.0,79.0,95.8,37.0,11.0,112.0,5.6,222.0,1.47,12.5,4.8,0,0,0,0,Never,High,0,3.5,4,0,1,20,2024-01-05,0
P103977,90,Male,21.5,145.0,71.0,83.0,95.9,36.7,16.0,139.0,6.1,111.0,1.28,15.6,8.0,0,1,0,0,Never,Low,1,4.1,3,3,0,21,2025-04-29,1
P103978,57,Female,32.4,110.0,73.0,72.0,96.6,37.1,15.0,119.0,6.4,226.0,1.05,13.6,5.7,0,0,0,0,Former,High,0,5.6,6,1,0,17,2025-06-05,0
P103979,28,Female,25.3,140.0,93.0,93.0,96.0,37.0,19.0,114.0,5.1,188.0,0.4,14.9,6.8,0,0,0,0,Never,Low,0,1.3,3,1,0,29,2025-03-15,0
P103980,50,Female,21.4,149.0,95.0,83.0,97.8,36.5,18.0,128.0,6.2,181.0,1.68,14.3,5.9,1,0,0,0,Current,Moderate,0,5.7,8,1,1,14,2024-07-03,1
P103981,24,Female,35.4,134.0,80.0,74.0,95.5,36.3,15.0,55.0,4.5,169.0,0.72,12.0,11.7,0,0,0,0,Never,Low,0,5.3,4,0,1,8,2025-12-28,0
P103982,66,Female,29.9,144.0,88.0,92.0,99.3,37.3,19.0,113.0,6.8,192.0,0.86,8.2,3.7,0,1,0,0,Never,Moderate,0,8.1,6,0,2,12,2025-08-08,1
P103983,67,Female,25.5,132.0,83.0,64.0,95.5,36.4,18.0,123.0,6.2,182.0,1.4,13.5,8.0,0,0,0,1,Never,High,2,15.3,3,2,0,9,2025-09-05,0
P103984,80,Male,21.5,151.0,72.0,69.0,98.2,37.1,10.0,104.0,6.2,138.0,0.78,13.0,7.0,1,0,0,0,Never,Moderate,1,4.0,10,2,0,21,2024-12-31,1
P103985,42,Female,,132.0,104.0,83.0,98.2,36.8,22.0,82.0,6.0,165.0,1.08,14.0,5.4,0,0,0,0,Never,High,0,1.3,2,0,0,20,2025-03-01,0
P103986,40,Female,27.4,111.0,95.0,86.0,96.8,36.6,22.0,84.0,5.7,225.0,0.84,15.6,7.8,0,1,0,0,Former,Moderate,0,3.2,2,0,0,15,2025-10-29,0
P103987,23,Male,34.8,143.0,84.0,80.0,96.6,37.0,17.0,97.0,5.9,180.0,0.85,13.1,5.1,0,0,0,0,Never,Moderate,0,1.3,4,1,0,25,2025-02-10,0
P103988,48,Male,32.1,104.0,73.0,74.0,95.2,37.5,19.0,144.0,5.6,165.0,1.01,15.6,4.9,0,0,0,0,Never,High,1,1.0,5,1,1,15,2024-04-07,0
P103989,52,Male,24.8,137.0,80.0,73.0,95.6,37.1,17.0,166.0,5.6,197.0,0.67,15.9,4.7,0,1,1,1,Never,High,1,6.9,11,2,1,16,2024-06-27,1
P103990,73,Male,24.8,128.0,76.0,90.0,96.9,36.9,12.0,162.0,4.5,214.0,1.03,15.1,7.2,1,1,1,0,Former,High,1,5.2,6,2,1,7,2025-07-04,1
P103991,73,Male,35.0,127.0,84.0,79.0,96.4,37.6,26.0,62.0,7.3,220.0,1.36,15.1,5.8,0,0,0,0,Never,Moderate,1,5.0,7,1,1,24,2024-02-01,1
P103992,28,Female,35.1,132.0,84.0,66.0,98.6,36.0,21.0,75.0,4.5,208.0,0.91,10.1,5.3,1,0,0,0,Former,High,1,4.6,3,0,1,1,2024-01-15,0
P103993,38,Male,17.7,119.0,78.0,65.0,95.7,36.2,21.0,133.0,7.1,241.0,1.94,14.7,7.7,0,0,0,0,Never,Low,0,5.8,6,1,3,10,2025-12-23,1
P103994,55,Male,30.4,141.0,68.0,94.0,95.8,36.6,17.0,158.0,5.6,197.0,1.04,14.6,9.2,1,0,1,0,Former,High,0,2.7,6,1,1,21,2025-11-17,0
P103995,42,Male,26.9,132.0,103.0,67.0,93.5,37.5,22.0,77.0,6.8,186.0,0.64,16.2,4.2,0,1,0,0,Never,Moderate,1,7.5,8,0,1,15,2024-01-13,1
P103996,19,Male,22.1,118.0,83.0,79.0,97.7,37.3,13.0,113.0,6.4,228.0,0.76,16.0,7.7,0,0,0,0,Never,Low,0,1.1,6,2,0,13,2024-07-06,0
P103997,79,Female,28.9,158.0,88.0,92.0,97.5,35.9,17.0,78.0,7.0,168.0,0.55,12.4,8.0,1,1,1,0,Current,High,3,4.8,7,3,1,22,2024-10-12,1
P103998,71,Male,20.5,138.0,79.0,83.0,98.3,36.6,21.0,125.0,6.1,180.0,1.36,11.8,9.5,0,1,0,0,Former,High,1,3.6,4,2,0,21,2024-12-23,0
P103999,55,Female,25.1,143.0,67.0,67.0,98.4,36.1,16.0,90.0,4.8,134.0,1.46,10.8,6.4,0,0,0,0,Never,Moderate,0,8.7,7,1,2,9,2025-12-02,0
P104000,41,Male,23.3,155.0,81.0,64.0,97.9,36.8,21.0,117.0,5.5,264.0,1.21,16.7,10.1,0,0,0,0,Never,Moderate,0,1.0,2,0,1,9,2025-02-11,0
P104001,79,Male,24.9,159.0,81.0,98.0,98.0,37.3,19.0,75.0,5.9,274.0,0.85,14.5,8.2,0,1,1,0,Never,High,3,4.0,4,1,1,9,2024-02-13,1
P104002,20,Female,27.1,138.0,87.0,64.0,97.6,37.3,19.0,55.0,5.3,188.0,0.67,11.0,3.2,1,0,0,0,Never,Low,0,3.0,5,2,0,3,2025-11-29,0
P104003,50,Male,22.2,127.0,91.0,69.0,97.9,36.9,15.0,220.0,4.7,224.0,1.21,12.6,7.6,0,0,0,0,Never,High,1,3.6,7,1,1,18,2024-12-24,1
P104004,76,Female,35.7,111.0,91.0,80.0,93.2,36.6,19.0,119.0,5.9,,0.93,13.5,7.0,0,1,0,1,Never,Moderate,1,3.2,7,3,0,2,2025-11-04,1
P104005,87,Female,30.1,140.0,94.0,73.0,94.5,36.8,25.0,193.0,4.0,202.0,0.87,13.4,9.0,0,0,0,1,Never,Moderate,2,3.4,7,2,1,16,2025-06-09,0
P104006,36,Female,36.8,149.0,99.0,83.0,94.2,37.1,19.0,162.0,5.4,241.0,0.69,15.7,9.4,0,0,0,0,Never,Moderate,0,4.3,7,1,2,12,2024-06-26,0
P104007,65,Male,26.7,140.0,87.0,58.0,98.8,38.0,20.0,57.0,6.1,147.0,1.57,14.5,5.1,0,0,0,1,Current,Low,0,2.9,3,2,1,1,2025-05-30,0
P104008,31,Male,24.6,90.0,92.0,73.0,95.1,36.2,20.0,121.0,4.9,188.0,0.81,15.2,8.8,0,0,0,0,Former,Low,0,5.1,4,0,0,30,2025-01-04,0
P104009,26,Male,36.6,144.0,85.0,84.0,95.4,37.6,14.0,62.0,5.3,116.0,1.16,14.5,6.7,0,0,0,0,Never,Moderate,0,1.3,4,2,0,21,2024-01-21,0
P104010,43,Male,24.5,147.0,63.0,84.0,96.5,36.9,18.0,100.0,5.9,157.0,1.13,15.8,5.6,0,0,0,0,Never,Moderate,1,1.0,4,1,0,14,2025-01-09,0
P104011,82,Male,26.6,131.0,82.0,69.0,94.3,37.2,17.0,55.0,7.1,133.0,0.86,17.2,9.9,1,1,0,0,Never,Low,1,4.0,5,1,1,4,2024-03-17,0
P104012,68,Female,31.2,151.0,74.0,64.0,97.2,36.9,11.0,60.0,7.0,125.0,1.07,14.6,6.0,0,1,0,0,Never,Moderate,2,2.2,9,0,1,5,2024-02-19,0
P104013,53,Male,21.1,143.0,84.0,79.0,92.7,37.5,21.0,83.0,6.1,176.0,0.73,17.6,7.1,0,0,0,0,Former,Moderate,0,4.0,6,1,0,18,2025-04-01,0
P104014,38,Female,31.2,119.0,73.0,60.0,94.4,37.0,15.0,91.0,5.6,209.0,1.37,14.0,6.9,0,0,0,0,Current,Moderate,2,2.8,4,0,0,24,2025-09-11,0
P104015,28,Male,30.5,151.0,87.0,91.0,96.9,36.5,20.0,109.0,5.9,170.0,0.68,12.2,8.0,0,0,0,0,Current,Moderate,0,1.2,7,0,0,18,2024-02-22,0
P104016,37,Male,34.1,109.0,91.0,78.0,94.3,37.0,15.0,73.0,7.3,174.0,1.06,13.4,9.6,0,0,0,0,Former,Low,1,3.7,4,1,1,8,2024-11-18,0
P104017,29,Female,32.1,129.0,93.0,68.0,98.8,37.4,25.0,113.0,6.0,167.0,0.8,14.4,10.2,0,0,0,0,Former,High,0,2.6,7,2,0,5,2025-05-23,0
P104018,31,Male,34.3,127.0,97.0,63.0,96.6,36.8,17.0,148.0,5.8,200.0,0.68,14.2,8.8,0,0,0,0,Never,Low,0,1.0,4,0,1,25,2024-12-08,0
P104019,68,Male,,120.0,66.0,68.0,98.5,35.8,25.0,125.0,7.0,172.0,1.36,14.6,3.6,1,0,1,0,Never,High,1,5.8,7,2,1,14,2024-04-12,1
P104020,27,Female,23.0,134.0,69.0,57.0,97.1,36.7,17.0,106.0,5.6,157.0,0.79,12.0,9.9,0,0,0,0,Former,Moderate,0,3.5,2,3,0,6,2024-02-27,0
P104021,21,Female,38.5,151.0,110.0,82.0,96.5,36.8,18.0,119.0,4.7,230.0,0.4,15.4,8.2,0,0,0,0,Former,High,0,5.2,6,0,0,17,2024-05-09,1
P104022,57,Female,19.6,154.0,93.0,66.0,94.7,36.8,23.0,63.0,6.3,162.0,1.14,15.5,9.2,0,0,0,0,Never,Moderate,2,1.4,5,1,0,26,2024-08-18,0
P104023,38,Female,20.1,143.0,84.0,81.0,98.2,36.6,15.0,143.0,5.8,147.0,0.77,12.9,6.4,0,0,0,0,Current,Moderate,0,1.0,4,0,1,16,2024-11-14,0
P104024,51,Female,30.4,103.0,82.0,82.0,97.3,37.5,18.0,70.0,5.6,223.0,1.05,12.9,7.0,0,1,1,0,Never,High,3,4.2,7,1,0,20,2024-07-04,0
P104025,28,Female,35.9,107.0,80.0,88.0,100.0,35.6,20.0,162.0,6.0,,1.17,15.1,8.9,0,0,0,0,Former,Low,0,11.8,7,0,1,26,2024-06-12,0
P104026,33,Female,28.5,133.0,62.0,79.0,98.0,36.8,19.0,136.0,4.0,242.0,1.05,14.8,11.0,0,0,0,0,Never,High,1,3.9,6,1,1,22,2024-10-14,0
P104027,50,Male,32.7,131.0,74.0,90.0,95.8,36.9,18.0,131.0,5.3,156.0,1.25,12.2,7.4,0,0,0,0,Never,High,0,1.8,6,1,0,24,2024-01-23,0
P104028,68,Female,17.1,126.0,82.0,93.0,97.0,37.8,18.0,136.0,5.2,198.0,0.69,14.2,4.5,0,0,0,0,Former,High,1,1.8,6,0,0,20,2024-08-21,0
P104029,48,Male,24.9,164.0,75.0,79.0,97.3,36.8,21.0,112.0,5.1,157.0,1.33,15.3,8.2,0,0,1,0,Never,High,1,8.8,4,2,0,19,2025-08-22,0
P104030,57,Male,17.8,135.0,77.0,80.0,98.6,37.0,19.0,86.0,5.7,195.0,0.94,14.9,6.6,0,0,0,0,Former,Low,2,4.9,5,0,0,27,2025-12-24,1
P104031,56,Male,31.6,142.0,108.0,69.0,98.9,36.9,21.0,80.0,5.1,175.0,0.62,13.3,4.9,0,0,0,0,Never,High,1,4.2,3,0,0,22,2024-05-21,0
P104032,37,Female,19.5,147.0,79.0,64.0,96.2,36.8,19.0,171.0,7.2,158.0,0.4,11.9,6.7,0,1,0,0,Never,Moderate,2,4.3,6,0,2,13,2025-03-07,0
P104033,38,Male,20.9,131.0,84.0,91.0,94.3,37.7,20.0,113.0,6.1,134.0,0.88,10.0,8.0,0,0,0,0,Former,Moderate,0,1.0,3,0,1,11,2025-09-02,0
P104034,49,Female,30.2,176.0,84.0,83.0,93.2,36.2,22.0,73.0,5.1,174.0,0.78,12.2,9.1,0,1,1,0,Current,Moderate,1,3.7,5,4,0,15,2024-02-02,1
P104035,20,Male,33.0,112.0,86.0,84.0,94.4,36.5,17.0,125.0,4.0,213.0,0.69,11.6,6.0,0,0,0,0,Never,Low,3,4.0,3,1,0,4,2025-06-30,0
P104036,68,Female,26.7,124.0,78.0,69.0,95.4,37.2,22.0,127.0,5.5,221.0,1.15,12.4,6.1,1,0,0,0,Never,Low,1,8.0,6,2,0,6,2025-01-21,1
P104037,62,Female,30.5,117.0,95.0,95.0,99.2,36.9,17.0,103.0,5.6,,1.52,13.8,6.8,0,0,0,0,Never,Low,0,1.0,1,0,1,22,2025-04-24,0
P104038,40,Female,30.3,157.0,86.0,73.0,99.2,36.7,13.0,79.0,5.1,168.0,0.72,11.4,10.5,0,0,0,0,Never,Moderate,0,14.6,5,0,0,29,2024-12-12,0
P104039,45,Male,26.4,145.0,69.0,66.0,98.2,36.8,17.0,137.0,8.0,188.0,1.01,16.6,9.7,0,0,0,0,Former,High,2,4.4,6,0,1,17,2025-12-22,0
P104040,41,Female,21.8,122.0,80.0,69.0,98.7,37.3,15.0,143.0,4.2,195.0,0.81,16.1,8.1,0,1,0,0,Never,Moderate,0,1.0,2,0,1,21,2025-04-20,0
P104041,65,Male,30.4,119.0,81.0,95.0,95.2,37.0,19.0,126.0,6.0,195.0,0.77,15.0,8.1,0,1,0,0,Former,Low,1,6.1,4,0,0,29,2024-05-27,0
P104042,73,Female,30.7,158.0,81.0,63.0,93.8,36.4,17.0,119.0,6.0,179.0,0.78,14.1,6.4,0,1,0,0,Former,High,1,7.1,7,0,0,7,2024-06-26,1
P104043,25,Male,32.1,135.0,86.0,67.0,94.7,36.9,18.0,80.0,5.3,181.0,1.38,12.2,8.5,0,0,0,0,Never,Moderate,0,1.1,2,3,0,1,2025-02-02,0
P104044,48,Female,29.1,156.0,88.0,111.0,92.8,36.8,22.0,128.0,4.0,184.0,1.0,13.5,5.0,0,0,0,1,Current,Moderate,1,2.7,4,0,0,11,2025-12-07,1
P104045,19,Female,21.4,127.0,85.0,87.0,94.5,37.0,23.0,84.0,5.4,103.0,0.85,11.1,8.0,0,0,1,0,Never,Moderate,2,8.4,4,2,0,7,2024-02-22,0
P104046,51,Female,31.1,141.0,85.0,67.0,95.6,36.6,19.0,68.0,6.0,180.0,0.81,10.6,2.9,0,0,1,0,Former,Low,3,11.1,6,0,1,12,2024-04-07,0
P104047,36,Female,27.5,135.0,82.0,63.0,96.8,36.2,22.0,149.0,6.3,225.0,0.98,11.3,3.7,0,0,0,0,Current,Moderate,1,3.4,2,0,1,38,2024-01-19,0
P104048,42,Male,25.0,120.0,60.0,56.0,96.7,37.1,17.0,75.0,6.1,248.0,0.8,14.4,3.1,0,0,1,0,Former,Moderate,0,6.4,5,0,1,2,2025-10-01,0
P104049,51,Female,26.0,130.0,90.0,77.0,95.3,37.1,13.0,55.0,6.9,240.0,1.54,13.1,10.8,0,0,0,0,Never,Moderate,2,2.8,3,2,2,1,2025-10-12,0
P104050,41,Male,23.9,111.0,86.0,85.0,97.5,37.5,14.0,156.0,4.0,198.0,1.04,14.5,6.7,0,0,0,0,Never,High,0,2.3,3,0,1,25,2025-04-07,1
P104051,46,Female,32.1,140.0,72.0,94.0,95.3,36.1,17.0,55.0,5.5,150.0,1.03,11.5,4.3,1,0,0,0,Never,Moderate,0,1.6,8,1,0,28,2025-07-11,0
P104052,73,Male,20.1,148.0,86.0,53.0,96.5,36.8,21.0,102.0,8.3,174.0,1.1,14.8,11.9,0,1,0,0,Never,Moderate,1,1.8,3,0,2,15,2024-07-29,0
P104053,77,Female,22.3,152.0,90.0,60.0,94.5,36.7,17.0,79.0,7.1,166.0,1.45,12.2,5.4,1,1,0,0,Never,High,0,5.7,6,3,2,1,2025-05-20,1
P104054,18,Female,25.8,139.0,92.0,75.0,98.5,36.6,22.0,81.0,4.1,141.0,0.9,13.4,8.1,0,0,0,0,Former,Moderate,0,4.5,3,0,0,13,2024-12-27,0
P104055,45,Female,35.9,129.0,87.0,109.0,96.5,36.0,24.0,189.0,5.8,159.0,0.85,12.8,5.4,0,0,0,0,Never,Low,1,1.9,5,1,1,8,2024-09-06,1
P104056,79,Female,33.0,162.0,87.0,87.0,97.7,36.3,15.0,114.0,5.2,167.0,1.13,10.5,8.6,1,0,0,1,Never,High,3,6.3,6,4,1,6,2025-08-09,1
P104057,56,Male,19.0,148.0,92.0,80.0,94.3,36.9,25.0,126.0,5.5,142.0,1.24,13.6,7.0,0,0,0,0,Former,Low,1,3.1,5,0,0,16,2024-08-31,0
P104058,32,Female,34.5,153.0,78.0,61.0,96.8,36.6,12.0,136.0,7.4,230.0,1.28,14.0,5.5,0,0,0,0,Former,Moderate,1,2.9,1,1,1,29,2025-08-13,0
P104059,61,Female,34.5,158.0,87.0,51.0,97.5,36.4,24.0,91.0,6.8,218.0,1.09,14.5,4.3,0,0,1,0,Never,High,0,5.1,5,1,1,18,2025-11-05,0
P104060,28,Female,21.4,127.0,74.0,76.0,92.8,37.5,18.0,146.0,4.2,,1.0,11.4,5.6,1,0,0,0,Former,Moderate,0,1.4,2,0,1,14,2025-10-27,0
P104061,19,Female,16.0,135.0,91.0,75.0,98.6,38.0,17.0,120.0,4.7,210.0,1.18,12.1,5.0,0,0,0,0,Former,High,2,7.5,4,0,0,18,2024-05-09,0
P104062,64,Female,27.1,147.0,67.0,73.0,94.3,36.8,18.0,141.0,6.0,207.0,0.4,12.5,3.5,0,0,0,0,Never,Moderate,1,1.8,5,1,1,1,2024-02-25,0
P104063,55,Male,33.3,113.0,90.0,71.0,96.9,36.0,15.0,88.0,5.6,167.0,1.04,16.4,8.5,0,0,0,0,Never,High,1,4.1,5,1,0,4,2024-07-12,0
P104064,73,Female,35.8,116.0,84.0,67.0,99.7,37.0,23.0,132.0,6.4,263.0,0.91,13.9,9.2,0,0,0,0,Never,Moderate,4,1.9,6,1,1,28,2024-04-22,0
P104065,43,Female,23.0,109.0,91.0,64.0,98.2,35.8,16.0,110.0,5.0,166.0,1.0,11.3,5.6,0,0,0,0,Never,High,2,4.2,6,1,0,13,2024-02-10,0
P104066,80,Female,36.6,134.0,76.0,93.0,93.8,36.1,16.0,157.0,5.8,132.0,1.19,13.9,2.8,0,0,0,0,Never,Moderate,0,5.8,3,1,1,1,2024-08-08,0
P104067,48,Male,16.0,126.0,83.0,65.0,96.2,37.0,13.0,93.0,5.1,201.0,1.34,16.5,7.7,0,1,0,0,Never,Moderate,0,4.6,8,0,0,24,2024-01-05,0
P104068,71,Female,25.6,110.0,84.0,73.0,98.7,36.1,15.0,187.0,5.7,216.0,0.68,13.5,7.3,0,0,0,0,Former,Moderate,2,3.5,6,0,1,25,2024-06-25,0
P104069,25,Female,25.3,132.0,85.0,76.0,95.0,36.7,16.0,119.0,6.1,184.0,0.72,12.0,5.0,0,0,0,0,Never,Low,0,1.9,6,1,0,29,2025-07-31,0
P104070,25,Male,33.5,127.0,70.0,84.0,95.9,36.1,15.0,103.0,5.8,242.0,0.68,15.9,6.9,0,0,0,0,Never,Low,0,1.0,4,0,1,15,2024-12-24,0
P104071,75,Male,34.3,155.0,90.0,66.0,95.8,36.8,17.0,108.0,5.5,202.0,0.91,14.9,2.0,0,1,0,0,Current,Low,0,1.0,4,1,0,17,2025-08-14,1
P104072,78,Male,32.5,170.0,65.0,88.0,97.5,37.4,14.0,117.0,7.2,164.0,0.7,14.2,7.0,0,0,0,0,Current,High,3,2.9,8,2,1,12,2024-06-15,0
P104073,86,Female,20.5,144.0,77.0,69.0,93.7,36.5,24.0,96.0,7.2,172.0,1.71,14.5,6.7,0,0,1,1,Never,Low,3,4.3,5,0,2,12,2024-01-26,0
P104074,41,Male,32.0,119.0,66.0,74.0,97.6,36.8,17.0,134.0,5.7,201.0,1.22,14.6,9.7,0,0,0,0,Former,High,0,5.5,5,1,0,14,2024-06-25,0
P104075,19,Female,30.1,139.0,88.0,96.0,95.4,36.4,19.0,106.0,5.2,198.0,0.69,13.3,7.5,0,0,0,0,Former,High,0,10.5,3,1,0,3,2024-09-19,0
P104076,89,Female,18.8,137.0,88.0,64.0,96.5,36.4,21.0,187.0,7.9,241.0,1.12,14.5,7.2,1,0,0,0,Former,Low,2,1.0,2,0,3,3,2024-06-15,0
P104077,61,Male,16.8,129.0,87.0,85.0,96.1,36.4,25.0,99.0,7.4,227.0,0.91,13.8,10.9,0,0,0,0,Former,Low,0,5.5,1,0,1,13,2024-04-17,0
P104078,36,Male,32.9,116.0,96.0,88.0,97.6,37.2,21.0,105.0,4.3,135.0,1.0,12.9,5.4,0,0,0,0,Never,High,0,3.2,5,0,0,6,2024-04-20,0
P104079,73,Male,26.6,127.0,80.0,80.0,96.5,36.1,17.0,101.0,7.2,189.0,0.85,15.1,4.0,1,0,0,0,Former,High,0,1.6,5,2,1,1,2024-07-06,0
P104080,83,Female,20.8,133.0,90.0,75.0,99.1,36.6,14.0,183.0,7.7,148.0,0.67,15.5,8.8,0,1,0,0,Former,High,0,4.2,3,1,2,3,2024-08-10,0
P104081,38,Male,26.4,144.0,82.0,102.0,98.3,37.0,19.0,59.0,6.2,250.0,0.8,11.2,9.1,0,0,0,0,Former,Moderate,2,8.8,4,0,1,20,2024-04-02,0
P104082,74,Male,29.4,144.0,83.0,76.0,95.1,37.3,22.0,120.0,5.7,158.0,1.46,15.7,9.1,0,1,0,1,Former,Moderate,0,2.7,5,0,1,11,2024-08-19,1
P104083,75,Male,27.1,166.0,97.0,78.0,99.0,37.0,18.0,127.0,5.8,203.0,0.66,14.7,6.5,0,1,1,1,Never,Moderate,2,8.6,5,3,0,9,2025-09-20,1
P104084,54,Male,19.4,144.0,103.0,72.0,97.1,36.8,18.0,73.0,7.4,168.0,1.32,13.8,5.6,0,1,0,0,Never,Moderate,2,7.3,6,0,1,11,2024-05-07,1
P104085,64,Female,37.3,141.0,79.0,78.0,96.8,36.5,19.0,207.0,6.7,120.0,1.2,12.2,4.5,1,0,0,0,Never,Moderate,1,6.5,8,1,2,11,2024-01-20,1
P104086,37,Female,32.7,125.0,90.0,88.0,98.0,37.3,11.0,77.0,6.1,147.0,0.85,14.6,5.2,0,0,0,0,Former,High,1,6.2,3,0,0,16,2025-04-11,0
P104087,85,Male,25.8,119.0,87.0,73.0,94.6,36.4,19.0,119.0,8.3,186.0,1.32,15.6,4.0,0,1,0,0,Never,High,0,5.1,5,0,1,11,2024-10-06,0
P104088,89,Male,26.0,127.0,88.0,51.0,94.0,36.4,21.0,178.0,5.4,217.0,1.18,13.0,6.1,0,0,0,1,Former,Moderate,2,2.4,5,4,1,21,2024-08-18,0
P104089,89,Male,29.4,125.0,87.0,82.0,96.5,37.5,18.0,106.0,6.2,215.0,0.52,15.1,10.3,1,0,0,0,Never,High,1,4.6,8,1,0,9,2024-05-30,0
P104090,71,Female,21.6,91.0,80.0,63.0,95.4,37.0,22.0,121.0,6.2,144.0,0.95,15.3,5.9,1,1,1,0,Never,High,2,1.7,5,0,0,17,2024-10-17,0
P104091,21,Male,29.2,111.0,50.0,85.0,100.0,37.0,22.0,95.0,5.3,207.0,0.81,15.6,7.3,0,0,0,0,Former,High,1,1.1,4,0,0,15,2024-10-21,0
P104092,44,Female,20.6,159.0,97.0,76.0,95.1,37.1,16.0,109.0,4.1,231.0,1.39,10.7,8.1,0,0,1,0,Current,High,1,4.8,4,1,1,16,2025-12-28,1
P104093,50,Female,27.1,138.0,75.0,87.0,96.6,36.8,20.0,150.0,6.7,214.0,0.89,14.2,6.3,0,0,0,1,Current,Low,1,3.5,5,3,2,13,2025-04-23,1
P104094,88,Male,21.4,130.0,82.0,65.0,96.8,36.1,18.0,104.0,5.6,181.0,1.05,12.7,6.3,0,0,1,0,Never,Moderate,2,1.8,10,3,0,14,2025-08-15,0
P104095,57,Male,21.7,140.0,80.0,70.0,98.7,36.9,11.0,55.0,5.2,197.0,0.7,14.9,9.6,0,0,0,0,Current,High,2,3.4,6,0,0,17,2024-08-19,0
P104096,57,Male,36.1,100.0,75.0,72.0,94.7,36.8,17.0,112.0,5.6,201.0,1.0,13.5,7.4,0,1,0,0,Never,Moderate,0,3.8,3,0,0,15,2025-03-13,0
P104097,28,Female,27.8,134.0,83.0,58.0,93.6,36.4,14.0,110.0,5.3,248.0,0.6,13.8,9.3,0,0,0,0,Former,Low,0,3.2,4,0,1,15,2025-06-27,0
P104098,75,Male,28.6,157.0,83.0,89.0,99.0,36.3,18.0,123.0,6.0,260.0,1.38,13.6,11.8,0,0,1,0,Never,High,1,6.2,6,2,2,1,2025-02-04,0
P104099,42,Male,17.0,129.0,74.0,56.0,96.6,36.8,20.0,104.0,6.6,220.0,0.86,13.0,5.3,0,0,0,0,Never,High,2,5.4,4,2,1,16,2025-04-09,1
P104100,24,Male,24.4,99.0,82.0,89.0,98.0,36.1,17.0,77.0,6.5,197.0,0.59,15.1,6.7,0,0,0,0,Never,Moderate,1,1.2,4,2,0,26,2025-01-27,0
P104101,90,Male,29.9,130.0,84.0,81.0,98.0,36.7,15.0,111.0,,194.0,1.46,14.8,6.7,1,1,0,0,Never,High,1,1.0,5,1,1,39,2025-02-25,1
P104102,31,Male,28.5,151.0,90.0,74.0,98.4,36.7,19.0,170.0,5.0,198.0,0.58,15.8,6.0,0,0,0,0,Never,Moderate,0,2.9,4,2,1,16,2024-11-17,0
P104103,19,Female,16.3,133.0,67.0,80.0,95.8,36.7,27.0,105.0,5.3,203.0,0.98,12.4,6.1,0,0,0,0,Never,High,0,4.3,5,1,0,4,2025-08-30,0
P104104,23,Male,28.6,105.0,72.0,80.0,95.3,37.0,10.0,130.0,4.7,175.0,0.5,12.3,9.8,0,0,0,0,Never,Low,2,3.8,5,1,0,26,2024-11-09,0
P104105,51,Male,29.4,172.0,89.0,71.0,92.9,37.1,19.0,76.0,5.8,270.0,1.09,15.6,7.2,0,0,0,0,Never,Moderate,2,3.1,11,0,1,15,2024-08-21,0
P104106,25,Male,34.2,108.0,74.0,80.0,94.7,36.4,16.0,97.0,4.6,165.0,1.22,16.8,12.0,0,0,0,0,Never,Moderate,0,7.5,4,1,1,15,2025-10-15,0
P104107,79,Female,24.1,131.0,75.0,85.0,96.6,37.2,17.0,82.0,8.1,244.0,0.91,12.3,6.2,0,1,0,0,Former,Moderate,0,1.0,8,4,2,1,2024-03-06,0
P104108,55,Male,16.0,115.0,76.0,65.0,95.2,36.7,18.0,158.0,6.0,111.0,0.68,15.3,10.0,0,1,0,0,Former,Low,1,1.0,6,2,1,19,2024-05-14,1
P104109,41,Male,22.3,113.0,80.0,80.0,94.4,37.7,17.0,56.0,5.2,185.0,0.65,14.1,10.5,0,0,0,0,Former,Low,0,2.8,2,1,0,11,2025-01-08,0
P104110,18,Male,21.8,120.0,79.0,45.0,96.6,36.5,20.0,119.0,6.1,182.0,0.89,17.5,6.8,0,0,0,0,Former,High,1,1.0,4,2,0,12,2025-04-15,0
P104111,53,Female,31.3,143.0,80.0,53.0,98.9,36.0,17.0,124.0,4.7,204.0,1.55,12.4,7.9,0,0,0,0,Never,Low,2,2.1,7,1,1,4,2024-02-27,0
P104112,29,Female,16.0,151.0,70.0,83.0,96.4,37.2,10.0,118.0,4.9,181.0,1.24,13.1,8.8,0,0,0,0,Former,Moderate,1,5.3,6,1,0,14,2025-10-29,0
P104113,89,Female,25.2,130.0,92.0,71.0,94.5,37.0,22.0,55.0,6.6,248.0,1.44,10.2,5.9,0,1,0,0,Current,Moderate,0,7.0,6,2,4,5,2024-06-14,1
P104114,39,Female,34.9,114.0,95.0,66.0,98.8,37.4,22.0,55.0,5.8,,0.67,15.6,10.3,0,0,0,0,Former,High,0,3.2,5,0,0,23,2024-06-30,0
P104115,52,Female,27.5,140.0,63.0,75.0,95.1,37.0,16.0,116.0,6.8,156.0,1.31,12.4,5.4,0,0,0,0,Never,High,1,2.7,4,1,1,16,2024-09-12,0
P104116,19,Male,32.2,137.0,65.0,71.0,99.2,38.0,18.0,74.0,4.0,158.0,1.18,16.5,6.0,0,0,0,0,Never,Low,1,8.2,3,0,0,7,2024-01-15,0
P104117,27,Male,19.0,133.0,91.0,64.0,96.0,36.7,22.0,85.0,6.3,177.0,1.02,13.6,6.0,0,0,0,0,Never,Low,1,3.2,1,0,0,7,2025-05-18,0
P104118,33,Male,19.2,135.0,97.0,56.0,96.7,37.3,22.0,94.0,5.1,223.0,0.77,14.5,7.5,0,0,0,1,Never,Low,2,2.2,3,1,0,21,2024-01-14,0
P104119,21,Female,,127.0,59.0,52.0,99.3,36.5,23.0,70.0,4.4,229.0,1.19,12.0,7.7,0,0,0,0,Never,Moderate,0,2.3,4,0,0,35,2024-05-06,0
P104120,70,Female,28.0,136.0,91.0,85.0,94.1,37.0,19.0,73.0,4.5,149.0,0.87,11.8,5.7,0,1,0,1,Current,Moderate,2,2.1,6,0,0,14,2024-09-15,1
P104121,87,Female,28.0,133.0,101.0,71.0,94.6,37.1,21.0,119.0,5.7,165.0,1.3,12.8,6.8,0,0,0,1,Former,Low,1,2.9,3,3,0,18,2024-02-14,1
P104122,89,Female,21.7,155.0,76.0,88.0,95.9,37.2,23.0,55.0,7.7,155.0,1.01,13.0,4.8,0,0,0,0,Never,Moderate,3,4.4,2,1,1,12,2025-10-13,1
P104123,37,Male,28.0,168.0,97.0,71.0,96.2,37.2,17.0,92.0,6.5,184.0,0.69,14.1,9.3,0,0,0,0,Never,Moderate,0,1.0,6,0,0,23,2025-01-09,0
P104124,75,Male,21.5,138.0,82.0,80.0,100.0,35.2,20.0,93.0,7.6,232.0,0.96,12.3,8.4,0,0,0,1,Never,Moderate,2,8.9,7,1,1,14,2024-06-11,0
P104125,54,Male,33.7,132.0,85.0,74.0,94.9,36.8,10.0,112.0,5.7,202.0,1.56,15.0,6.3,0,1,0,0,Current,Moderate,0,4.9,7,1,1,14,2025-10-22,0
P104126,21,Female,41.7,133.0,73.0,77.0,94.2,36.5,12.0,190.0,5.5,216.0,0.59,10.3,6.6,0,0,0,0,Never,Low,1,2.4,5,0,2,8,2025-04-01,1
P104127,24,Female,30.0,118.0,90.0,77.0,94.8,36.6,20.0,73.0,4.1,223.0,1.2,12.7,5.7,0,0,0,0,Current,Moderate,0,4.2,5,2,0,14,2025-04-12,0
P104128,57,Male,24.2,146.0,91.0,71.0,96.9,36.7,20.0,127.0,4.5,173.0,1.26,12.2,5.1,0,0,0,0,Never,Moderate,0,2.8,3,1,0,18,2024-06-13,0
P104129,48,Male,16.0,139.0,99.0,61.0,97.4,37.3,17.0,119.0,5.6,146.0,0.94,16.0,4.8,0,0,0,0,Former,Moderate,2,5.8,6,1,0,10,2024-03-04,0
P104130,18,Female,18.7,121.0,94.0,85.0,95.2,36.9,16.0,126.0,4.2,173.0,0.75,15.0,5.1,0,0,0,0,Never,Low,1,3.3,4,1,0,21,2025-09-20,0
P104131,85,Female,35.6,152.0,84.0,95.0,96.5,36.5,17.0,111.0,5.4,226.0,0.76,14.1,8.9,0,0,0,0,Never,Low,2,1.0,4,0,0,15,2024-12-01,1
P104132,71,Female,22.1,135.0,114.0,96.0,100.0,36.1,19.0,166.0,6.1,218.0,1.42,12.5,9.1,1,0,1,0,Former,High,0,3.1,4,2,2,29,2024-04-02,1
P104133,54,Female,25.6,116.0,96.0,69.0,96.6,37.6,10.0,137.0,7.0,198.0,0.68,12.1,4.3,1,0,0,0,Never,Moderate,0,7.5,7,0,1,22,2024-02-28,0
P104134,90,Male,30.9,143.0,90.0,67.0,97.1,36.5,20.0,144.0,6.3,231.0,0.4,14.2,8.4,0,0,0,0,Never,Low,0,4.6,9,1,1,19,2024-09-02,1
P104135,88,Male,35.2,141.0,74.0,69.0,99.9,36.7,18.0,69.0,5.0,201.0,1.2,14.5,4.6,0,0,0,0,Never,Low,1,2.1,4,3,0,10,2024-03-14,0
P104136,89,Female,26.5,153.0,69.0,74.0,95.2,37.9,19.0,122.0,4.6,182.0,0.74,13.9,8.5,1,1,0,0,Never,Moderate,4,4.7,7,3,0,16,2025-10-28,1
P104137,36,Female,25.4,144.0,67.0,75.0,95.1,36.5,18.0,92.0,5.7,135.0,0.93,13.8,7.2,0,0,0,0,Current,High,0,1.2,3,0,0,22,2024-09-24,0
P104138,82,Female,27.9,134.0,75.0,64.0,95.7,36.7,13.0,88.0,5.6,243.0,0.72,10.1,6.0,0,0,1,0,Never,High,2,3.3,5,3,2,1,2024-12-02,0
P104139,54,Female,24.2,124.0,96.0,58.0,95.5,36.9,14.0,91.0,6.0,191.0,0.85,14.2,7.9,0,1,0,0,Former,Moderate,0,4.1,7,0,0,20,2025-03-01,0
P104140,71,Female,24.5,135.0,88.0,77.0,93.2,36.0,23.0,114.0,5.9,178.0,1.08,13.8,9.7,0,1,1,1,Former,Moderate,3,8.9,9,4,0,25,2024-03-16,1
P104141,80,Male,29.6,142.0,78.0,45.0,96.7,35.9,16.0,133.0,6.1,191.0,1.17,13.4,3.3,0,1,0,0,Never,Low,1,1.2,3,2,0,1,2025-09-26,0
P104142,29,Male,28.5,138.0,79.0,75.0,96.9,36.6,21.0,143.0,6.6,252.0,1.31,13.1,9.3,1,0,0,0,Never,Moderate,2,3.3,6,1,3,18,2025-05-31,1
P104143,50,Female,38.6,137.0,79.0,65.0,96.2,36.6,14.0,145.0,6.7,233.0,1.0,13.3,5.4,0,0,0,0,Former,Low,0,7.0,7,0,2,21,2025-12-15,1
P104144,27,Female,29.8,128.0,89.0,85.0,96.9,36.9,18.0,118.0,5.9,181.0,0.96,13.5,9.8,0,0,0,0,Former,Low,0,2.7,3,0,0,9,2024-05-22,0
P104145,38,Male,33.5,148.0,72.0,89.0,97.0,36.3,16.0,112.0,4.9,213.0,0.9,12.9,8.7,0,1,0,0,Former,Moderate,2,1.1,8,0,0,12,2025-02-17,0
P104146,48,Female,21.9,120.0,85.0,89.0,94.1,37.0,17.0,100.0,5.3,242.0,1.25,13.3,4.8,0,1,0,0,Former,High,0,7.3,7,1,1,18,2024-05-05,0
P104147,80,Male,30.2,178.0,87.0,72.0,97.0,35.7,17.0,109.0,6.8,208.0,0.77,14.9,5.8,1,0,0,1,Never,Moderate,2,5.9,7,3,1,1,2025-07-08,1
P104148,80,Male,23.7,149.0,75.0,62.0,97.5,36.8,23.0,90.0,7.3,200.0,0.97,15.9,8.0,1,1,1,0,Former,Low,0,1.2,11,4,1,10,2024-06-16,0
P104149,46,Female,29.6,112.0,98.0,66.0,93.6,37.0,25.0,96.0,4.6,116.0,0.99,13.0,8.9,0,0,0,0,Never,Moderate,0,4.8,9,1,0,23,2024-10-30,0
P104150,42,Female,31.1,134.0,79.0,79.0,99.1,37.0,19.0,123.0,7.1,242.0,0.72,10.2,8.0,0,0,0,0,Current,High,0,1.8,4,1,3,13,2025-07-05,0
P104151,56,Male,27.8,146.0,72.0,56.0,94.3,36.7,17.0,167.0,5.2,156.0,1.41,15.0,7.8,0,1,0,0,Never,Low,2,5.0,6,1,2,7,2024-12-01,1
P104152,84,Male,40.0,130.0,93.0,93.0,94.5,36.5,13.0,113.0,6.8,124.0,1.19,12.1,5.7,1,1,0,0,Never,Moderate,0,4.9,7,2,1,12,2024-07-22,0
P104153,89,Female,34.9,111.0,85.0,72.0,96.9,36.7,13.0,91.0,8.8,126.0,0.77,11.9,7.1,1,1,0,0,Never,High,1,1.6,12,1,1,15,2025-09-29,1
P104154,34,Female,33.6,112.0,85.0,82.0,97.5,37.4,23.0,143.0,4.2,163.0,1.07,11.2,6.9,0,0,0,0,Former,Low,2,4.5,6,0,1,16,2024-01-08,1
P104155,31,Male,31.5,139.0,69.0,55.0,97.9,36.5,13.0,55.0,6.0,213.0,1.31,15.3,4.0,0,0,0,0,Former,Moderate,0,2.2,7,0,0,19,2025-04-02,0
P104156,69,Female,36.7,104.0,91.0,65.0,97.5,37.3,16.0,152.0,5.7,239.0,0.86,11.6,7.7,0,0,0,0,Never,Low,1,1.0,7,0,1,26,2024-10-31,1
P104157,40,Male,20.0,106.0,103.0,53.0,95.6,37.4,19.0,60.0,6.1,208.0,1.35,16.1,6.3,0,0,0,0,Current,Moderate,0,2.3,4,2,0,10,2025-12-07,0
P104158,32,Female,34.6,139.0,68.0,88.0,96.7,35.9,10.0,132.0,5.0,261.0,1.02,11.5,9.8,0,0,0,0,Never,Moderate,0,4.7,4,0,1,27,2025-02-16,0
P104159,20,Male,22.3,125.0,84.0,74.0,95.9,36.7,14.0,90.0,4.0,180.0,0.97,11.6,9.3,0,0,0,0,Former,Moderate,2,5.9,1,1,0,30,2024-12-28,0
P104160,47,Female,24.6,120.0,74.0,83.0,96.8,36.3,13.0,123.0,5.1,186.0,1.33,12.7,7.4,1,0,0,0,Never,Moderate,0,2.7,4,0,0,11,2024-08-17,1
P104161,46,Female,30.4,123.0,109.0,77.0,96.6,36.0,16.0,184.0,6.1,124.0,1.05,11.2,9.2,0,1,0,0,Never,High,0,1.1,10,1,1,8,2024-09-26,0
P104162,59,Female,33.9,108.0,95.0,82.0,95.6,37.2,19.0,84.0,7.1,173.0,1.14,15.2,8.2,0,0,0,0,Never,Moderate,0,1.2,7,0,1,1,2025-05-19,0
P104163,32,Female,21.5,138.0,84.0,72.0,95.9,37.0,22.0,74.0,5.9,117.0,0.97,12.2,7.0,0,0,0,0,Never,Low,0,3.0,4,0,0,6,2024-05-05,0
P104164,70,Female,24.8,121.0,71.0,74.0,93.2,36.9,16.0,118.0,7.4,144.0,0.57,14.9,4.2,0,0,1,1,Current,Moderate,0,4.1,9,0,1,8,2025-11-09,1
P104165,67,Female,28.0,125.0,73.0,75.0,98.0,36.3,16.0,168.0,5.6,219.0,1.17,12.7,6.7,0,1,0,0,Former,High,0,1.0,4,4,1,3,2024-01-26,1
P104166,51,Female,,138.0,90.0,81.0,97.0,36.9,18.0,118.0,5.3,131.0,1.07,13.7,6.3,0,0,1,0,Current,High,2,5.8,4,1,0,19,2024-08-02,0
P104167,31,Female,31.9,125.0,67.0,81.0,92.3,36.1,15.0,110.0,5.9,135.0,0.84,12.4,6.8,0,0,0,0,Never,High,0,2.3,5,0,0,13,2024-06-07,0
P104168,55,Female,45.0,121.0,69.0,110.0,97.9,36.8,19.0,119.0,5.5,128.0,0.4,16.8,6.5,0,0,0,0,Never,Moderate,0,2.8,6,1,0,12,2025-05-02,0
P104169,67,Female,29.7,100.0,83.0,96.0,96.4,36.5,20.0,80.0,7.0,225.0,1.23,11.5,9.2,1,0,0,0,Never,High,1,1.0,4,2,1,23,2024-03-19,0
P104170,45,Female,23.7,138.0,83.0,55.0,94.8,37.3,10.0,117.0,4.5,257.0,0.74,8.6,9.4,1,0,0,0,Current,Moderate,0,5.0,5,1,2,20,2025-03-25,0
P104171,37,Female,20.8,132.0,85.0,74.0,94.7,36.6,20.0,96.0,6.4,192.0,0.65,13.6,6.0,1,0,0,0,Never,Moderate,0,6.8,2,0,0,20,2024-03-03,0
P104172,54,Male,25.8,124.0,78.0,71.0,95.3,36.9,18.0,159.0,6.9,231.0,0.67,13.1,4.4,0,0,1,0,Former,High,5,6.6,2,1,2,26,2024-10-16,0
P104173,43,Female,22.6,114.0,91.0,91.0,94.8,36.9,19.0,139.0,6.0,151.0,0.43,13.5,5.1,0,1,0,0,Never,Moderate,0,1.0,6,1,0,13,2024-09-13,0
P104174,47,Male,29.9,132.0,73.0,72.0,95.1,36.8,22.0,65.0,6.6,242.0,1.12,14.5,9.5,0,0,1,0,Never,Moderate,0,4.1,8,3,2,3,2024-09-01,0
P104175,43,Female,29.9,139.0,88.0,82.0,99.6,36.9,12.0,101.0,5.1,168.0,1.64,12.4,8.9,0,0,0,0,Former,Moderate,0,1.0,7,0,1,21,2025-07-19,0
P104176,40,Male,25.1,132.0,84.0,48.0,97.2,37.0,14.0,129.0,4.9,220.0,0.81,14.0,4.7,0,1,0,0,Never,Moderate,0,2.3,4,0,0,23,2025-01-04,0
P104177,70,Female,37.8,162.0,89.0,58.0,100.0,36.4,18.0,81.0,6.4,194.0,1.29,13.8,4.1,0,1,0,0,Current,Low,3,3.5,4,1,0,17,2024-12-04,1
P104178,51,Male,23.7,144.0,94.0,101.0,96.9,37.0,10.0,74.0,5.2,122.0,0.98,14.1,5.8,0,0,0,0,Never,Low,1,1.0,2,0,0,13,2025-05-05,0
P104179,52,Female,26.9,130.0,78.0,77.0,97.5,37.2,17.0,96.0,6.1,161.0,1.08,13.0,10.6,0,0,0,0,Never,Low,0,5.2,3,1,0,16,2024-09-17,0
P104180,65,Female,30.8,146.0,76.0,64.0,94.9,37.0,21.0,127.0,6.3,202.0,1.03,12.5,7.8,0,0,0,0,Former,Moderate,1,3.0,9,2,0,16,2024-11-30,0
P104181,44,Male,32.1,132.0,65.0,79.0,96.2,36.6,19.0,147.0,5.7,125.0,1.2,17.0,6.5,0,0,0,0,Current,Moderate,1,1.2,6,1,1,6,2024-04-07,1
P104182,25,Female,34.1,130.0,60.0,63.0,96.4,36.9,18.0,116.0,5.8,206.0,0.59,15.2,6.7,0,0,0,0,Never,Moderate,0,2.8,4,2,0,10,2024-01-31,0
P104183,80,Male,29.7,158.0,82.0,73.0,97.6,36.6,17.0,204.0,6.7,141.0,1.12,12.4,3.2,0,1,0,0,Never,Moderate,2,4.0,7,2,2,3,2024-11-25,1
P104184,22,Female,33.0,113.0,79.0,59.0,96.4,36.7,17.0,83.0,5.4,216.0,1.23,13.2,6.4,0,0,0,0,Never,Low,0,8.3,2,1,0,12,2024-10-23,0
P104185,59,Female,24.0,133.0,72.0,67.0,97.1,36.2,16.0,140.0,5.5,143.0,1.22,12.0,9.5,0,1,1,0,Never,Moderate,0,5.3,8,0,0,14,2025-03-22,0
P104186,37,Male,32.3,151.0,73.0,71.0,97.1,37.5,19.0,71.0,6.4,212.0,1.05,12.7,6.2,0,0,0,0,Never,Moderate,0,4.4,7,0,0,15,2024-04-30,0
P104187,33,Male,32.2,135.0,96.0,89.0,96.0,37.8,13.0,165.0,5.8,226.0,0.98,9.8,6.5,0,0,0,0,Current,Moderate,1,2.2,4,0,2,3,2024-01-26,0
P104188,21,Male,35.4,122.0,89.0,82.0,95.8,36.4,23.0,154.0,5.9,189.0,0.81,14.1,7.7,0,0,0,0,Current,Moderate,0,5.7,1,1,1,9,2024-08-12,1
P104189,83,Male,18.8,107.0,71.0,84.0,95.3,37.2,15.0,143.0,6.7,192.0,1.0,14.2,4.8,0,0,0,1,Former,Moderate,1,5.3,6,2,2,11,2024-12-05,0
P104190,49,Male,22.8,93.0,78.0,76.0,98.4,37.5,20.0,55.0,5.9,251.0,0.56,16.6,7.7,0,0,0,0,Current,High,2,4.9,3,0,1,19,2024-03-24,0
P104191,43,Female,31.8,166.0,86.0,86.0,96.0,36.3,18.0,135.0,5.4,165.0,1.12,14.8,5.3,0,0,0,0,Former,High,0,4.6,5,0,0,19,2025-04-08,0
P104192,72,Female,16.0,140.0,77.0,66.0,97.1,35.7,14.0,87.0,5.5,175.0,1.45,13.9,6.0,0,1,1,0,Never,High,0,3.6,2,0,1,11,2025-01-16,0
P104193,20,Male,30.1,118.0,72.0,67.0,96.2,37.6,23.0,122.0,5.4,219.0,0.99,15.7,6.2,0,0,0,0,Never,Low,0,1.0,4,0,0,14,2025-04-24,0
P104194,59,Male,33.0,139.0,79.0,81.0,98.4,36.8,22.0,63.0,6.3,211.0,1.03,15.9,6.2,0,0,0,0,Former,Low,1,1.0,4,1,0,9,2025-12-02,0
P104195,54,Male,24.5,116.0,93.0,73.0,92.9,36.5,13.0,122.0,6.3,186.0,1.18,15.3,7.2,1,0,0,0,Former,Moderate,0,1.9,4,1,0,17,2025-12-20,0
P104196,58,Female,25.3,127.0,94.0,76.0,97.0,36.8,18.0,101.0,6.0,149.0,0.43,15.3,6.9,0,0,0,0,Never,Moderate,0,6.0,8,0,0,22,2025-04-19,0
P104197,27,Male,21.9,113.0,73.0,74.0,94.2,36.6,19.0,81.0,5.8,232.0,0.79,12.7,6.6,0,0,0,0,Former,Moderate,0,1.0,4,1,0,26,2024-05-22,0
P104198,87,Male,24.8,112.0,89.0,91.0,97.2,38.3,11.0,139.0,5.2,148.0,1.09,13.9,7.2,1,1,1,0,Former,Low,2,5.2,8,4,0,16,2025-02-21,1
P104199,35,Male,24.9,94.0,81.0,92.0,96.2,36.5,11.0,108.0,5.2,282.0,0.48,13.7,5.2,0,0,0,0,Never,Low,0,1.0,5,1,1,19,2024-11-01,0
P104200,67,Male,23.9,107.0,73.0,68.0,93.8,37.0,15.0,108.0,6.6,150.0,1.1,13.8,2.7,0,0,0,0,Never,High,0,2.5,2,3,1,11,2024-09-13,0
P104201,72,Female,23.7,152.0,80.0,55.0,97.1,37.4,13.0,142.0,5.3,153.0,0.55,,7.0,0,0,0,0,Never,Moderate,0,2.8,3,2,1,14,2024-04-05,0
P104202,43,Male,26.1,114.0,69.0,67.0,96.9,37.4,14.0,177.0,5.8,208.0,1.17,17.0,5.6,0,0,0,0,Never,Moderate,0,2.7,4,0,1,13,2025-05-14,0
P104203,27,Female,26.0,138.0,92.0,65.0,96.1,37.3,13.0,118.0,5.6,216.0,0.99,14.5,7.9,0,0,0,0,Never,Moderate,0,3.6,4,0,0,11,2024-01-14,0
P104204,39,Female,37.2,147.0,97.0,86.0,96.3,36.6,18.0,55.0,5.6,158.0,0.91,15.0,5.9,0,0,0,0,Never,Low,0,2.0,7,2,0,19,2024-02-03,0
P104205,76,Female,25.5,135.0,79.0,87.0,96.8,36.7,15.0,62.0,6.7,259.0,1.29,13.1,3.2,0,0,0,0,Never,Moderate,0,5.8,7,2,2,21,2024-10-29,0
P104206,84,Male,29.3,131.0,78.0,64.0,98.6,35.7,22.0,121.0,6.4,208.0,1.14,,6.8,0,1,0,0,Never,Low,2,1.2,6,1,0,12,2024-05-06,1
P104207,86,Female,24.5,139.0,95.0,67.0,95.9,36.8,19.0,154.0,5.2,186.0,1.24,14.1,9.1,0,0,0,1,Never,High,2,2.8,7,3,1,7,2025-03-06,1
P104208,34,Male,24.4,123.0,93.0,58.0,98.3,36.8,21.0,114.0,6.1,210.0,1.03,15.2,7.6,0,0,0,0,Never,Moderate,0,1.0,3,0,0,18,2025-04-07,0
P104209,62,Female,18.6,154.0,72.0,78.0,96.4,37.2,12.0,132.0,5.5,241.0,0.8,13.8,4.2,0,1,0,0,Former,High,0,3.4,2,0,1,23,2024-05-12,1
P104210,29,Female,19.3,161.0,79.0,75.0,98.8,37.7,16.0,106.0,4.3,256.0,1.38,16.7,5.7,0,0,0,0,Never,Moderate,0,3.8,3,0,1,15,2025-10-09,0
P104211,69,Male,21.2,159.0,83.0,85.0,96.1,37.2,18.0,149.0,6.7,202.0,1.41,15.5,6.0,0,0,0,0,Never,High,2,2.9,8,0,3,13,2025-01-18,0
P104212,48,Female,28.5,95.0,74.0,82.0,95.3,37.3,20.0,133.0,4.7,147.0,1.11,12.0,6.6,0,0,0,0,Never,High,0,2.1,7,0,0,22,2025-09-01,0
P104213,70,Female,33.1,127.0,87.0,83.0,94.5,36.8,16.0,80.0,5.7,147.0,1.1,12.1,5.8,0,1,1,0,Never,High,1,6.1,7,1,0,14,2024-10-23,0
P104214,68,Female,18.2,134.0,76.0,57.0,96.4,37.4,16.0,131.0,6.3,141.0,1.26,14.5,3.5,1,0,0,0,Never,Moderate,2,2.3,8,0,0,20,2024-07-22,0
P104215,90,Male,24.6,145.0,79.0,68.0,95.1,36.8,17.0,65.0,6.2,171.0,1.47,15.7,6.7,0,1,0,0,Never,Low,1,8.1,9,2,1,3,2025-04-03,1
P104216,53,Female,20.4,103.0,81.0,87.0,99.0,37.4,17.0,128.0,5.3,196.0,1.54,14.7,9.9,0,0,0,0,Never,Moderate,1,1.3,1,1,1,26,2024-04-12,0
P104217,42,Male,26.1,101.0,67.0,70.0,94.9,37.2,26.0,101.0,4.8,203.0,0.82,15.4,5.7,0,0,0,0,Never,Moderate,0,2.3,6,0,0,24,2025-12-12,0
P104218,56,Male,33.1,155.0,62.0,56.0,95.3,37.0,19.0,119.0,5.2,238.0,1.31,13.0,4.5,1,1,1,0,Former,Moderate,1,8.9,4,3,0,23,2024-01-02,1
P104219,29,Female,25.2,120.0,90.0,86.0,97.5,36.0,18.0,120.0,4.6,116.0,0.91,15.5,9.8,0,0,0,0,Never,Low,0,3.5,5,1,0,18,2025-07-06,0
P104220,26,Male,27.3,104.0,73.0,69.0,98.6,37.3,14.0,118.0,5.4,195.0,0.48,16.6,10.8,0,1,0,0,Never,High,0,1.0,5,1,0,15,2025-03-15,0
P104221,55,Female,35.1,114.0,104.0,89.0,97.8,37.0,14.0,163.0,5.4,213.0,1.25,12.6,6.2,0,0,0,0,Never,High,2,7.0,8,2,1,1,2024-06-06,0
P104222,78,Male,29.9,142.0,103.0,76.0,98.4,37.2,17.0,118.0,4.9,90.0,1.49,15.1,7.5,1,1,0,1,Never,Low,1,1.5,13,1,1,11,2024-10-30,1
P104223,56,Male,23.5,119.0,77.0,73.0,96.4,37.0,22.0,120.0,5.6,212.0,1.29,14.9,7.4,0,0,0,0,Never,High,0,1.9,2,1,0,16,2024-04-09,0
P104224,75,Male,28.3,139.0,107.0,92.0,96.4,37.0,17.0,163.0,5.5,299.0,1.03,14.0,8.8,1,0,0,0,Current,Moderate,1,3.8,1,0,2,8,2024-08-29,1
P104225,30,Female,23.2,113.0,90.0,60.0,100.0,37.5,17.0,175.0,5.8,224.0,1.05,11.5,4.8,0,0,0,0,Never,Low,0,1.0,6,1,1,9,2024-02-29,0
P104226,50,Female,29.7,102.0,76.0,93.0,99.5,36.6,15.0,111.0,6.1,207.0,1.2,14.1,6.9,0,0,0,0,Current,Moderate,0,7.3,7,0,0,11,2025-12-26,0
P104227,62,Male,30.2,158.0,57.0,68.0,97.8,37.0,12.0,96.0,7.2,185.0,1.2,12.4,4.8,0,0,0,0,Never,Moderate,2,3.0,4,3,1,9,2025-08-11,1
P104228,43,Female,20.4,138.0,88.0,78.0,98.5,36.4,20.0,95.0,6.3,204.0,1.32,12.3,7.7,0,0,0,0,Never,High,0,8.1,5,2,0,7,2025-01-23,0
P104229,19,Male,28.4,123.0,80.0,78.0,98.0,37.1,17.0,122.0,4.4,253.0,1.17,17.2,10.0,0,0,0,0,Never,Moderate,1,2.0,1,2,1,14,2025-09-09,0
P104230,23,Female,26.9,120.0,85.0,71.0,94.3,36.9,20.0,100.0,4.0,182.0,0.76,13.8,7.7,0,0,0,0,Former,Moderate,1,1.3,4,0,0,17,2025-02-22,0
P104231,85,Male,30.3,161.0,82.0,67.0,96.4,36.5,19.0,57.0,4.9,240.0,1.11,15.2,5.3,0,0,0,0,Current,Low,1,4.8,3,2,0,7,2024-05-12,0
P104232,62,Female,31.8,143.0,71.0,72.0,99.2,36.8,15.0,153.0,5.5,213.0,0.89,12.8,9.0,0,1,0,1,Former,High,0,2.4,6,1,1,23,2024-08-02,1
P104233,37,Male,30.0,150.0,77.0,64.0,97.8,36.5,19.0,138.0,4.2,257.0,1.01,12.3,5.8,0,1,1,0,Never,High,1,4.0,7,0,1,20,2025-02-27,0
P104234,36,Male,25.9,120.0,88.0,100.0,96.4,36.6,13.0,150.0,5.1,236.0,0.43,15.2,7.9,0,0,0,0,Former,High,2,2.2,10,0,1,10,2025-10-18,0
P104235,20,Female,32.4,129.0,77.0,70.0,99.2,37.0,19.0,154.0,5.5,202.0,1.45,13.9,5.4,0,0,0,0,Never,Moderate,1,7.8,4,1,2,1,2024-05-05,0
P104236,86,Female,23.0,143.0,81.0,90.0,97.2,36.9,18.0,125.0,5.7,200.0,0.89,14.4,4.3,1,0,0,0,Former,High,1,3.4,12,1,0,19,2025-12-04,0
P104237,25,Male,20.6,120.0,65.0,88.0,97.9,35.8,23.0,117.0,5.8,183.0,0.78,14.0,5.5,0,1,0,0,Never,Moderate,1,2.5,4,1,0,22,2025-09-12,0
P104238,73,Female,16.0,133.0,84.0,80.0,97.2,37.0,15.0,151.0,5.5,232.0,1.09,12.6,2.0,1,1,0,1,Current,High,2,6.9,6,2,1,9,2024-02-10,1
P104239,35,Female,27.1,120.0,70.0,74.0,97.5,36.6,13.0,67.0,4.9,173.0,0.57,14.1,4.8,0,0,0,0,Current,Moderate,0,2.4,5,3,0,18,2024-11-23,0
P104240,42,Male,23.2,138.0,91.0,78.0,97.6,36.6,17.0,98.0,7.2,199.0,0.88,12.7,11.3,0,0,0,0,Never,Moderate,0,1.7,3,0,2,12,2025-10-11,1
P104241,37,Male,29.6,108.0,74.0,83.0,98.8,36.2,20.0,108.0,5.6,188.0,1.01,15.8,2.0,0,0,1,0,Never,Moderate,1,4.6,7,2,0,19,2025-08-02,0
P104242,78,Female,17.2,145.0,81.0,77.0,99.1,36.8,10.0,149.0,6.2,144.0,1.55,13.0,3.9,0,1,1,0,Never,Low,3,2.7,8,0,2,17,2025-04-21,1
P104243,20,Female,24.1,134.0,102.0,57.0,95.7,36.5,21.0,88.0,6.2,203.0,0.95,13.6,10.5,0,0,0,0,Former,Low,1,1.8,4,0,0,6,2025-12-05,0
P104244,43,Female,29.9,128.0,79.0,54.0,97.1,37.4,17.0,86.0,6.5,137.0,0.87,16.7,5.1,0,0,0,0,Never,Moderate,0,1.3,4,1,0,15,2024-12-31,0
P104245,38,Female,22.1,138.0,77.0,94.0,98.8,35.9,14.0,95.0,5.3,178.0,0.65,12.8,6.2,0,0,0,0,Never,Low,0,2.5,5,0,0,6,2024-09-06,0
P104246,37,Female,29.6,124.0,87.0,45.0,96.3,36.3,17.0,126.0,6.6,220.0,1.56,13.4,7.0,1,1,0,0,Former,Low,1,2.0,5,1,2,9,2025-06-04,0
P104247,32,Female,24.6,118.0,63.0,78.0,94.1,36.3,15.0,106.0,5.2,201.0,0.97,13.2,3.7,0,0,0,0,Never,Low,0,5.1,4,3,0,1,2025-02-26,0
P104248,84,Female,27.3,145.0,97.0,73.0,94.9,36.9,14.0,67.0,7.1,201.0,1.13,10.2,9.1,0,1,1,0,Former,Moderate,1,7.3,6,2,2,12,2024-07-23,0
P104249,45,Male,30.6,141.0,92.0,78.0,95.0,37.4,11.0,67.0,4.6,162.0,0.6,15.5,6.8,0,0,0,0,Never,Low,1,3.7,3,1,0,5,2025-11-24,0
P104250,48,Female,32.5,123.0,87.0,62.0,95.7,37.1,21.0,116.0,5.5,235.0,1.14,9.7,5.7,0,0,0,0,Current,High,1,1.0,9,2,1,9,2024-10-07,0
P104251,46,Female,28.0,121.0,50.0,80.0,95.2,36.3,16.0,117.0,6.0,161.0,0.82,14.3,8.9,0,0,0,0,Current,Moderate,1,2.4,5,0,0,19,2025-10-12,0
P104252,89,Male,23.3,134.0,82.0,78.0,98.4,36.6,17.0,120.0,6.6,222.0,1.53,13.6,4.3,0,0,0,1,Never,High,1,2.7,5,5,2,1,2024-11-14,1
P104253,42,Female,25.1,122.0,69.0,109.0,96.0,36.4,21.0,94.0,4.9,244.0,1.11,12.1,7.1,0,0,1,0,Never,Moderate,1,13.7,9,0,1,19,2025-12-16,0
P104254,42,Female,30.8,157.0,93.0,78.0,98.8,37.1,18.0,138.0,4.2,137.0,1.01,13.1,5.0,0,0,0,0,Never,Moderate,1,5.6,4,0,0,21,2025-07-01,0
P104255,41,Male,22.2,136.0,92.0,92.0,94.5,36.6,13.0,123.0,6.1,180.0,0.6,12.6,4.5,0,0,0,0,Never,Moderate,0,1.0,5,0,0,16,2025-01-26,0
P104256,41,Male,,131.0,85.0,58.0,95.9,36.1,20.0,122.0,5.5,176.0,0.95,14.4,11.0,0,0,0,0,Former,High,0,4.3,8,0,0,23,2025-10-18,0
P104257,24,Male,25.5,113.0,68.0,88.0,96.7,37.1,23.0,120.0,5.1,205.0,0.86,13.0,7.3,0,0,0,0,Former,Moderate,0,1.7,6,1,0,18,2025-02-12,1
P104258,62,Male,27.0,146.0,98.0,79.0,98.0,37.4,20.0,170.0,7.4,159.0,1.07,12.7,8.9,0,0,0,0,Never,Moderate,0,5.0,7,2,2,8,2024-06-12,1
P104259,19,Male,22.3,118.0,78.0,79.0,98.6,36.7,15.0,71.0,5.2,151.0,0.4,14.3,6.0,0,0,0,0,Current,High,0,4.1,7,0,0,19,2024-09-05,0
P104260,34,Male,17.9,119.0,99.0,79.0,95.5,36.9,13.0,94.0,5.1,193.0,0.7,16.4,4.9,0,0,0,0,Never,Low,1,3.1,9,0,0,6,2025-09-11,1
P104261,32,Male,30.2,143.0,84.0,96.0,98.3,36.0,15.0,97.0,4.0,174.0,0.81,15.7,2.0,0,0,0,0,Current,High,2,2.4,3,0,0,18,2024-05-11,0
P104262,39,Male,32.5,137.0,86.0,79.0,93.5,35.8,18.0,154.0,4.7,189.0,1.11,13.8,6.4,0,0,0,0,Never,High,0,2.3,3,0,1,16,2025-06-28,0
P104263,73,Male,18.2,92.0,79.0,67.0,98.1,35.9,23.0,103.0,6.9,,0.53,14.4,3.7,0,1,0,0,Never,Moderate,0,1.9,7,3,1,10,2024-05-25,0
P104264,61,Female,29.4,131.0,97.0,69.0,94.1,36.8,15.0,86.0,5.3,134.0,1.42,12.4,7.2,0,0,0,0,Former,Low,0,3.4,8,1,1,4,2024-03-13,0
P104265,90,Male,,139.0,90.0,86.0,97.3,36.6,16.0,115.0,6.8,191.0,1.47,12.8,4.4,0,1,0,0,Current,Moderate,1,4.7,7,2,2,11,2025-12-29,0
P104266,43,Female,30.6,125.0,96.0,81.0,98.5,37.1,22.0,114.0,4.6,173.0,0.7,11.6,7.9,0,1,0,0,Current,Moderate,0,1.0,3,1,0,12,2025-05-26,1
P104267,85,Male,25.3,139.0,86.0,58.0,98.1,36.7,16.0,160.0,5.4,196.0,1.8,15.0,11.1,0,0,0,0,Former,Moderate,1,4.5,2,1,3,12,2024-10-27,0
P104268,21,Female,22.6,98.0,80.0,82.0,93.5,37.3,24.0,93.0,4.6,173.0,0.98,12.1,12.7,0,0,0,0,Current,Low,1,3.4,8,0,1,8,2025-09-02,0
P104269,54,Female,27.9,90.0,88.0,63.0,95.7,37.2,17.0,89.0,6.3,150.0,0.98,13.1,7.6,0,1,1,0,Never,Low,1,2.6,12,1,0,27,2025-09-12,0
P104270,76,Female,28.8,119.0,98.0,81.0,97.8,36.6,22.0,85.0,5.9,210.0,1.24,11.7,7.0,1,1,0,0,Current,Low,0,7.2,4,1,0,15,2025-12-21,0
P104271,56,Male,28.0,138.0,93.0,66.0,97.7,36.3,19.0,101.0,4.9,300.0,1.14,15.8,5.6,1,1,0,0,Never,Moderate,4,2.4,7,0,1,3,2025-05-04,0
P104272,86,Female,26.6,90.0,86.0,73.0,97.0,35.8,20.0,208.0,6.9,191.0,1.14,14.2,5.4,0,0,0,0,Never,Low,3,3.3,6,2,2,8,2025-11-01,0
P104273,40,Male,21.9,116.0,63.0,69.0,92.5,37.5,17.0,124.0,6.1,167.0,0.67,16.9,5.2,0,0,0,0,Current,Moderate,0,3.4,5,0,0,23,2024-12-26,1
P104274,20,Male,29.7,96.0,88.0,94.0,98.7,36.3,18.0,128.0,5.7,167.0,0.79,16.6,10.0,0,0,0,0,Never,High,0,2.8,3,3,0,1,2024-05-10,0
P104275,74,Female,29.9,131.0,69.0,81.0,99.0,36.1,19.0,116.0,6.4,231.0,1.17,11.8,6.2,0,0,0,0,Never,Low,2,1.0,4,4,0,9,2025-05-10,0
P104276,22,Male,28.5,162.0,81.0,91.0,96.8,36.9,21.0,112.0,4.7,162.0,1.15,13.3,11.3,0,0,0,0,Never,Moderate,0,11.9,2,0,1,1,2025-10-10,0
P104277,73,Male,28.1,131.0,82.0,111.0,96.9,36.1,20.0,144.0,7.2,244.0,1.47,15.1,5.1,0,0,0,0,Never,Moderate,2,12.2,8,1,4,14,2024-09-22,1
P104278,71,Female,36.2,133.0,69.0,77.0,97.4,36.9,12.0,135.0,6.0,133.0,0.93,11.9,6.7,0,0,0,0,Never,Moderate,0,6.4,7,2,0,14,2024-03-06,0
P104279,79,Male,24.3,150.0,87.0,94.0,99.1,36.6,19.0,129.0,6.4,202.0,1.11,15.0,4.5,0,0,0,0,Former,Moderate,0,3.6,4,0,0,26,2024-12-15,0
P104280,52,Female,34.2,133.0,104.0,68.0,97.0,37.3,16.0,113.0,6.2,220.0,0.82,12.7,8.1,0,0,0,0,Former,High,0,1.2,6,1,0,20,2024-02-12,0
P104281,83,Male,23.7,132.0,81.0,91.0,96.2,37.2,16.0,106.0,5.3,224.0,1.41,16.0,6.6,1,0,0,0,Former,Moderate,0,6.1,5,1,1,1,2025-06-14,0
P104282,30,Male,33.3,145.0,88.0,66.0,97.2,37.4,20.0,123.0,7.3,221.0,0.85,16.0,6.9,0,0,0,0,Current,Moderate,0,3.6,3,1,1,6,2025-03-31,0
P104283,49,Male,33.9,140.0,105.0,76.0,96.5,36.9,24.0,115.0,5.8,205.0,0.83,14.1,6.4,0,0,0,0,Former,High,0,2.6,7,3,0,5,2024-06-13,0
P104284,26,Male,26.0,134.0,89.0,82.0,96.5,36.4,17.0,182.0,5.5,239.0,0.95,11.9,8.1,0,0,0,0,Never,Moderate,2,4.4,2,1,1,9,2025-04-23,0
P104285,73,Male,36.1,132.0,77.0,84.0,93.3,36.3,25.0,153.0,5.7,157.0,0.6,16.1,8.3,1,1,1,0,Never,Moderate,0,2.6,6,1,1,14,2024-08-01,1
P104286,70,Male,29.9,129.0,86.0,61.0,97.4,36.5,14.0,92.0,7.1,171.0,1.21,13.7,8.7,0,0,0,0,Former,Low,0,2.5,6,1,1,6,2024-11-14,0
P104287,76,Male,22.9,151.0,88.0,66.0,98.6,37.8,22.0,76.0,7.2,180.0,0.99,14.6,5.1,1,0,0,0,Never,Low,0,8.8,9,1,1,14,2025-02-25,1
P104288,73,Male,25.6,129.0,98.0,83.0,98.3,36.7,20.0,102.0,6.2,251.0,1.84,14.4,7.6,0,0,0,0,Never,Moderate,0,3.4,7,2,2,12,2025-05-16,1
P104289,40,Male,33.4,152.0,94.0,72.0,98.2,36.9,19.0,72.0,4.4,213.0,0.8,15.2,6.0,0,1,0,0,Never,Moderate,1,2.5,5,0,0,11,2025-01-26,0
P104290,22,Female,,111.0,53.0,59.0,96.4,37.6,23.0,91.0,5.3,221.0,0.84,12.3,9.7,0,0,0,0,Never,Moderate,1,5.8,11,1,0,11,2025-12-18,0
P104291,85,Female,22.0,161.0,76.0,75.0,96.8,36.9,16.0,84.0,6.2,188.0,1.39,11.5,7.5,0,1,0,1,Never,Moderate,0,2.4,4,1,0,26,2025-12-15,0
P104292,53,Female,26.8,140.0,81.0,75.0,98.6,36.4,22.0,101.0,5.4,226.0,1.23,13.4,7.6,1,0,0,0,Former,High,3,6.4,7,0,0,23,2024-08-11,0
P104293,24,Female,28.6,112.0,70.0,78.0,98.1,37.2,17.0,96.0,4.6,136.0,1.21,14.4,6.4,0,0,0,0,Former,Moderate,1,3.9,7,0,0,15,2024-10-17,0
P104294,85,Male,24.9,145.0,50.0,82.0,99.2,36.6,16.0,123.0,4.8,179.0,1.03,14.4,5.4,1,0,0,0,Never,Moderate,2,2.2,6,2,0,22,2024-10-17,0
P104295,90,Male,39.8,126.0,77.0,82.0,95.3,36.9,13.0,112.0,7.6,187.0,0.8,14.4,7.1,0,1,1,0,Never,Low,0,2.7,9,3,1,6,2024-01-24,1
P104296,50,Female,28.7,133.0,82.0,67.0,95.3,37.1,24.0,80.0,6.5,177.0,1.75,11.4,9.4,0,0,0,0,Never,High,0,1.6,2,0,1,17,2025-05-01,0
P104297,74,Male,27.2,127.0,78.0,71.0,95.9,36.6,22.0,159.0,6.1,183.0,1.22,15.4,5.5,0,0,0,0,Current,Low,0,4.0,8,1,1,2,2025-03-06,1
P104298,20,Female,33.7,126.0,70.0,87.0,94.8,36.9,16.0,121.0,4.9,216.0,0.97,14.1,9.6,0,0,0,0,Current,Moderate,1,2.8,2,1,0,21,2024-12-08,0
P104299,24,Male,25.6,145.0,81.0,69.0,94.1,37.6,20.0,88.0,5.8,204.0,1.15,14.4,8.1,0,0,0,0,Current,Low,1,1.3,5,1,0,16,2025-10-11,0
P104300,38,Male,32.7,139.0,85.0,71.0,97.3,36.5,18.0,79.0,5.8,240.0,0.6,13.1,2.9,0,0,0,0,Former,Moderate,0,1.0,3,0,0,19,2024-01-31,0
P104301,65,Female,18.8,115.0,78.0,58.0,97.2,37.5,17.0,63.0,5.6,116.0,0.92,,5.2,0,0,0,0,Former,Low,0,8.6,8,0,0,15,2024-11-15,0
P104302,27,Female,25.1,111.0,94.0,76.0,96.9,36.5,21.0,55.0,5.9,252.0,0.64,13.4,11.6,0,0,0,0,Never,Moderate,2,4.7,4,1,2,21,2024-04-20,0
P104303,20,Female,33.0,133.0,81.0,80.0,97.1,37.7,16.0,143.0,5.9,170.0,0.96,13.1,6.8,0,0,0,0,Never,Moderate,0,1.0,3,0,1,22,2024-09-08,0
P104304,66,Male,35.7,140.0,74.0,52.0,93.9,36.4,10.0,148.0,6.6,245.0,0.66,13.0,5.2,0,0,0,0,Former,High,0,7.5,4,0,3,4,2024-10-26,1
P104305,74,Male,23.5,123.0,72.0,63.0,95.6,36.6,19.0,96.0,5.3,179.0,1.26,15.0,5.3,0,0,0,0,Never,High,0,1.0,12,0,0,14,2024-10-30,1
P104306,71,Female,22.9,162.0,81.0,59.0,96.0,37.6,18.0,164.0,6.4,209.0,1.39,13.4,6.7,0,0,0,0,Former,Low,0,1.0,4,1,1,15,2024-10-22,0
P104307,76,Male,30.5,149.0,95.0,85.0,96.6,37.6,16.0,138.0,7.2,154.0,1.4,15.2,8.8,0,0,0,0,Never,Low,2,1.7,9,3,1,1,2024-10-05,1
P104308,76,Female,24.3,124.0,75.0,53.0,93.9,37.2,15.0,124.0,6.4,149.0,1.2,13.0,6.3,1,0,1,0,Former,High,2,2.5,6,0,0,17,2024-05-09,1
P104309,61,Male,26.1,121.0,89.0,75.0,94.8,36.3,13.0,144.0,7.9,217.0,1.09,16.5,5.4,0,0,0,0,Never,Moderate,0,8.2,3,1,2,9,2024-07-15,1
P104310,55,Female,32.1,129.0,83.0,85.0,95.7,36.8,17.0,135.0,,94.0,0.9,13.2,2.5,0,0,0,0,Never,Moderate,1,6.6,9,1,0,17,2024-02-11,0
P104311,80,Female,24.7,130.0,104.0,78.0,98.4,36.8,15.0,123.0,4.6,149.0,1.22,15.3,5.2,0,1,0,1,Former,Moderate,2,2.4,5,3,0,8,2025-12-13,1
P104312,43,Male,17.3,153.0,85.0,71.0,97.0,36.4,21.0,102.0,5.0,224.0,0.95,14.9,5.6,0,0,0,0,Never,Low,0,2.9,4,0,0,20,2025-09-22,0
P104313,25,Female,20.7,146.0,74.0,80.0,98.3,37.1,20.0,104.0,4.9,179.0,0.4,11.5,7.6,0,0,0,0,Former,High,0,1.8,2,0,0,16,2025-01-18,0
P104314,72,Male,27.6,135.0,91.0,88.0,96.3,36.4,16.0,60.0,6.6,161.0,0.89,15.9,7.8,0,0,0,0,Never,Low,1,1.0,6,2,1,13,2025-10-26,0
P104315,38,Male,17.8,142.0,89.0,75.0,96.5,36.2,20.0,82.0,6.4,253.0,1.19,14.1,9.9,0,0,0,0,Former,Low,2,1.9,1,0,1,15,2024-11-11,0
P104316,89,Female,26.0,151.0,80.0,49.0,97.4,36.0,18.0,182.0,6.4,266.0,0.8,12.5,4.6,0,0,0,0,Current,Moderate,1,1.7,6,2,2,7,2025-06-03,0
P104317,48,Female,20.3,133.0,70.0,90.0,96.2,37.7,17.0,83.0,6.0,195.0,0.67,14.8,7.3,0,0,0,0,Current,Moderate,0,2.4,1,1,0,16,2025-09-04,0
P104318,80,Male,36.0,142.0,89.0,81.0,95.4,36.5,18.0,55.0,,243.0,1.03,12.7,7.3,0,0,0,0,Never,Moderate,0,1.9,2,2,2,1,2025-12-01,0
P104319,21,Male,38.8,139.0,81.0,76.0,93.8,36.6,24.0,138.0,4.7,253.0,0.4,12.0,5.0,0,0,0,0,Never,Moderate,1,3.4,5,1,1,8,2025-02-07,0
P104320,66,Male,22.0,142.0,68.0,52.0,95.4,36.3,20.0,124.0,5.9,194.0,1.25,14.3,8.8,0,0,0,0,Never,Moderate,1,6.3,7,1,0,13,2024-06-04,0
P104321,50,Female,28.8,119.0,85.0,72.0,98.0,37.5,17.0,123.0,5.4,176.0,1.18,13.7,10.4,0,1,0,0,Never,Moderate,1,1.8,9,0,0,19,2024-05-10,1
P104322,51,Female,22.5,121.0,76.0,65.0,98.8,36.1,21.0,107.0,4.8,198.0,1.27,,7.0,0,0,0,0,Current,High,0,12.1,5,0,0,17,2024-12-08,1
P104323,37,Female,25.9,126.0,66.0,61.0,95.1,36.2,21.0,142.0,4.0,140.0,1.02,13.4,6.0,0,0,0,0,Never,Moderate,0,7.6,6,0,1,21,2024-07-07,0
P104324,88,Male,36.9,125.0,81.0,74.0,93.4,36.6,19.0,172.0,7.4,217.0,0.88,11.2,10.0,0,0,0,0,Never,Low,2,1.0,11,2,2,29,2024-10-14,1
P104325,46,Male,25.1,106.0,95.0,70.0,98.2,36.8,17.0,93.0,5.1,182.0,0.64,13.1,7.9,0,0,0,0,Former,Moderate,0,9.4,9,1,0,14,2024-09-18,0
P104326,80,Male,26.0,147.0,96.0,70.0,96.6,37.1,17.0,140.0,5.9,197.0,1.24,12.7,4.6,1,1,1,0,Never,Low,2,3.0,7,2,0,17,2025-10-05,1
P104327,49,Male,22.6,138.0,91.0,85.0,94.1,36.5,14.0,151.0,6.2,197.0,1.2,11.8,6.6,0,1,0,0,Former,High,1,1.0,6,1,1,16,2024-12-22,0
P104328,21,Male,33.5,106.0,83.0,79.0,90.9,37.6,19.0,87.0,4.4,163.0,0.6,14.3,6.3,1,0,0,0,Current,Moderate,0,6.1,5,0,0,40,2025-07-08,0
P104329,82,Female,16.0,132.0,90.0,70.0,94.8,36.5,16.0,171.0,5.4,194.0,0.75,14.0,5.3,1,1,0,1,Never,High,4,4.4,4,2,1,11,2024-12-23,1
P104330,31,Male,25.2,127.0,82.0,69.0,95.7,36.3,16.0,148.0,5.6,143.0,0.94,16.1,5.4,0,0,0,0,Never,High,0,2.3,5,1,1,1,2025-07-03,0
P104331,37,Male,27.3,134.0,70.0,71.0,94.4,36.2,20.0,66.0,5.2,177.0,1.0,15.3,5.7,0,0,0,0,Never,Moderate,1,1.8,7,1,0,15,2025-09-04,0
P104332,80,Female,24.1,117.0,75.0,73.0,97.7,36.4,24.0,173.0,5.0,153.0,1.35,12.4,8.6,0,0,0,0,Never,Low,1,8.1,7,2,1,1,2025-04-22,0
P104333,83,Female,32.0,113.0,78.0,83.0,95.0,36.2,19.0,76.0,6.7,162.0,1.28,14.8,6.4,0,1,0,0,Former,High,0,2.6,6,2,1,6,2025-12-04,0
P104334,84,Female,33.8,145.0,98.0,63.0,96.5,37.2,18.0,94.0,5.8,109.0,1.08,12.9,7.2,0,0,1,0,Current,Moderate,1,2.6,10,3,0,9,2025-07-16,0
P104335,49,Male,20.2,106.0,93.0,94.0,100.0,36.3,18.0,136.0,5.9,179.0,1.29,14.7,8.9,0,1,0,1,Never,Moderate,1,2.4,4,0,0,15,2025-06-27,0
P104336,73,Male,38.4,131.0,73.0,83.0,96.7,36.7,22.0,153.0,6.1,213.0,0.97,13.6,6.4,1,0,0,0,Never,Moderate,0,3.4,4,1,1,29,2024-08-10,0
P104337,41,Female,20.1,125.0,82.0,45.0,96.3,36.3,19.0,114.0,6.6,202.0,0.89,12.8,4.6,0,0,0,0,Former,Low,0,2.5,5,1,1,28,2025-08-08,0
P104338,72,Female,,133.0,79.0,77.0,96.3,36.2,19.0,94.0,6.4,236.0,1.3,12.6,8.9,1,0,0,0,Never,High,0,2.3,7,3,0,15,2024-04-29,1
P104339,54,Male,28.3,137.0,81.0,88.0,97.7,37.4,19.0,104.0,5.1,159.0,1.28,12.5,6.2,0,0,0,0,Never,High,0,3.7,7,1,0,30,2025-02-15,0
P104340,21,Female,24.9,156.0,75.0,81.0,97.5,37.6,13.0,94.0,6.5,177.0,1.19,14.2,10.6,0,0,0,0,Current,High,1,6.4,6,1,0,19,2025-02-11,0
P104341,48,Male,25.4,105.0,96.0,71.0,94.7,37.4,19.0,141.0,5.4,230.0,0.94,14.9,9.0,0,1,1,0,Current,High,1,2.1,7,0,1,26,2024-06-07,1
P104342,52,Male,27.3,147.0,82.0,75.0,95.8,36.1,15.0,98.0,5.1,192.0,1.03,15.8,8.1,0,1,0,0,Former,Moderate,1,1.4,7,1,0,9,2025-12-10,1
P104343,36,Male,28.6,90.0,83.0,78.0,95.3,36.1,19.0,87.0,4.8,202.0,0.72,13.5,7.5,0,0,0,0,Former,Low,0,1.2,3,1,0,17,2025-08-04,0
P104344,45,Female,22.7,155.0,84.0,85.0,96.0,37.8,15.0,59.0,4.0,275.0,1.24,14.3,9.2,0,0,0,0,Former,Moderate,0,5.1,4,0,1,19,2024-01-21,0
P104345,54,Male,26.3,98.0,72.0,59.0,99.8,36.7,20.0,92.0,5.3,185.0,0.85,12.2,7.5,0,1,0,0,Former,Moderate,1,1.4,6,0,0,31,2025-08-08,0
P104346,21,Female,23.5,170.0,81.0,69.0,97.6,36.1,17.0,103.0,5.8,177.0,0.4,14.0,2.7,0,1,1,0,Never,Moderate,1,8.8,5,1,0,25,2024-02-03,0
P104347,29,Male,21.2,123.0,91.0,96.0,96.4,37.3,14.0,69.0,4.3,157.0,0.81,15.6,6.8,0,0,0,1,Never,Moderate,0,3.1,5,0,0,13,2025-03-24,0
P104348,73,Male,23.2,157.0,98.0,76.0,98.7,36.8,17.0,55.0,7.6,184.0,0.83,13.0,8.1,0,0,0,0,Never,Moderate,0,1.6,8,0,1,20,2024-08-02,0
P104349,43,Female,21.5,150.0,70.0,94.0,96.8,37.1,26.0,145.0,4.0,234.0,0.4,14.9,5.0,0,0,0,0,Never,Moderate,1,4.4,4,2,1,8,2024-05-25,1
P104350,62,Female,25.3,126.0,68.0,112.0,93.6,35.7,10.0,79.0,5.2,217.0,0.88,15.5,12.2,0,0,0,0,Never,Low,0,2.8,7,1,1,16,2024-12-02,0
P104351,59,Male,29.7,127.0,83.0,70.0,99.5,36.6,19.0,68.0,4.6,249.0,1.25,13.7,6.7,0,0,0,0,Never,High,0,3.0,5,1,1,17,2025-09-16,0
P104352,58,Male,28.1,119.0,94.0,62.0,96.2,37.3,14.0,168.0,6.7,209.0,1.14,16.8,8.1,0,0,0,0,Never,Low,1,1.0,8,0,2,17,2025-06-16,1
P104353,48,Male,37.8,145.0,85.0,73.0,92.4,36.5,23.0,141.0,6.4,110.0,1.11,12.0,9.3,1,0,0,0,Former,High,0,1.1,8,1,1,18,2024-02-07,0
P104354,53,Male,16.0,125.0,89.0,89.0,93.6,37.4,21.0,148.0,5.6,219.0,1.41,14.4,8.2,0,1,0,0,Former,Low,0,2.7,4,0,2,11,2025-04-29,0
P104355,78,Male,29.9,121.0,70.0,91.0,98.5,36.1,19.0,135.0,4.9,199.0,0.92,10.7,6.8,0,0,0,0,Never,Moderate,3,22.8,7,1,1,13,2025-02-20,1
P104356,88,Female,27.5,146.0,79.0,103.0,93.6,36.7,21.0,165.0,5.2,195.0,0.79,14.6,7.8,0,0,0,1,Former,High,1,3.4,4,3,1,15,2024-05-14,0
P104357,36,Male,31.7,115.0,59.0,76.0,98.9,37.6,19.0,140.0,5.9,241.0,1.1,12.3,6.6,0,0,0,0,Never,Low,1,3.2,4,0,1,1,2024-06-24,0
P104358,66,Female,31.2,128.0,82.0,82.0,96.6,36.2,18.0,103.0,5.4,185.0,1.15,10.3,6.8,0,0,0,0,Current,Moderate,0,5.8,10,1,1,8,2025-07-29,1
P104359,88,Female,,138.0,63.0,67.0,97.8,36.9,16.0,82.0,5.8,217.0,0.76,13.6,4.7,1,0,0,0,Former,Low,0,4.3,4,3,0,6,2024-06-25,1
P104360,18,Female,28.4,117.0,93.0,46.0,96.0,37.1,17.0,61.0,5.3,154.0,0.85,14.8,6.5,0,0,0,0,Never,Low,0,2.8,4,1,0,24,2025-10-25,0
P104361,75,Female,23.6,127.0,99.0,76.0,97.4,36.8,16.0,112.0,5.7,137.0,1.23,12.6,4.6,1,1,0,0,Never,Low,2,2.7,10,2,0,15,2025-08-20,1
P104362,54,Female,30.7,159.0,84.0,62.0,97.1,36.7,18.0,74.0,4.3,172.0,1.09,13.4,7.0,1,1,0,0,Former,Moderate,0,1.0,5,0,0,21,2024-12-29,0
P104363,88,Male,17.7,133.0,69.0,84.0,96.4,36.4,11.0,91.0,5.1,183.0,1.32,17.2,6.2,0,0,1,0,Never,Low,0,8.5,13,6,0,3,2024-02-18,0
P104364,60,Male,31.5,127.0,86.0,53.0,94.6,36.9,22.0,108.0,4.7,216.0,0.84,13.2,8.0,0,0,0,0,Never,High,4,3.6,4,0,0,22,2024-06-04,0
P104365,79,Female,27.4,133.0,102.0,67.0,97.1,36.7,25.0,166.0,5.5,153.0,0.69,11.7,4.0,0,0,0,0,Former,High,1,4.8,4,2,1,1,2025-08-28,1
P104366,30,Male,25.0,137.0,86.0,79.0,93.2,36.1,16.0,56.0,5.6,252.0,0.68,16.2,5.1,0,0,0,0,Never,Low,0,2.0,6,2,1,20,2025-04-10,0
P104367,28,Female,26.3,112.0,93.0,80.0,98.2,37.3,22.0,109.0,5.6,158.0,1.18,13.5,5.2,0,0,0,0,Former,High,0,4.4,2,2,0,3,2024-09-29,0
P104368,85,Female,26.7,143.0,79.0,75.0,96.9,36.3,18.0,74.0,,192.0,1.39,15.3,7.0,0,0,0,0,Never,High,1,10.8,6,4,1,16,2024-05-23,0
P104369,56,Female,34.2,137.0,74.0,98.0,97.3,36.1,16.0,94.0,4.6,195.0,,11.3,6.5,0,0,0,0,Never,Moderate,0,3.8,6,2,0,1,2024-05-11,0
P104370,58,Male,,103.0,82.0,95.0,91.8,36.5,17.0,146.0,6.2,206.0,1.45,11.9,9.2,1,0,0,0,Never,Low,0,1.8,6,0,2,6,2025-04-05,0
P104371,30,Male,33.8,160.0,62.0,68.0,94.5,36.4,18.0,79.0,4.9,212.0,0.89,12.4,7.1,0,0,0,0,Current,High,2,4.1,3,1,0,10,2024-08-28,0
P104372,34,Male,24.6,155.0,104.0,95.0,95.6,36.7,15.0,100.0,7.4,281.0,0.81,15.7,7.0,0,0,0,0,Never,Moderate,0,1.5,3,0,2,21,2024-09-11,0
P104373,77,Male,30.8,122.0,85.0,97.0,97.7,36.2,20.0,122.0,6.0,172.0,0.69,16.4,4.9,0,1,0,0,Never,Low,0,5.8,8,0,0,26,2024-09-28,1
P104374,40,Male,31.0,112.0,90.0,75.0,94.8,37.0,16.0,135.0,5.2,207.0,0.95,16.2,6.4,0,0,0,0,Current,Moderate,2,5.5,5,1,0,9,2025-06-16,1
P104375,60,Male,22.7,137.0,78.0,77.0,100.0,37.5,14.0,95.0,6.2,192.0,1.33,15.4,4.3,0,0,0,0,Current,Moderate,0,3.5,8,1,0,30,2024-11-18,1
P104376,41,Male,20.9,107.0,66.0,75.0,96.0,36.9,18.0,155.0,5.9,232.0,1.33,16.5,8.0,0,0,0,0,Never,Moderate,1,3.6,4,0,1,11,2025-05-22,0
P104377,37,Female,27.2,154.0,95.0,68.0,94.7,36.1,16.0,94.0,5.3,212.0,1.26,12.3,8.7,1,0,0,0,Current,Moderate,2,1.8,3,0,0,24,2025-11-11,1
P104378,30,Female,31.7,122.0,70.0,69.0,96.2,36.3,17.0,125.0,6.1,203.0,1.08,10.2,4.0,0,0,0,0,Never,Low,0,2.4,0,0,1,11,2024-04-30,0
P104379,85,Female,19.1,164.0,88.0,92.0,94.8,36.9,18.0,112.0,7.6,138.0,1.55,10.8,7.1,0,0,0,0,Former,Low,1,1.5,11,0,3,18,2024-04-28,0
P104380,86,Male,23.8,122.0,89.0,81.0,94.4,35.8,13.0,144.0,7.1,178.0,0.84,12.4,6.8,0,1,0,0,Never,Moderate,1,6.8,6,0,2,9,2024-09-24,0
P104381,26,Male,30.5,127.0,81.0,69.0,98.3,36.2,23.0,179.0,5.4,158.0,1.26,11.7,9.4,0,0,0,0,Never,Moderate,0,3.2,5,0,1,14,2024-12-31,0
P104382,43,Female,27.7,153.0,74.0,65.0,97.4,36.0,21.0,101.0,7.3,178.0,1.06,11.2,5.0,0,0,1,0,Never,High,1,1.7,2,1,1,3,2025-02-14,0
P104383,59,Male,34.9,128.0,81.0,67.0,97.4,36.9,16.0,113.0,6.3,164.0,1.09,13.2,5.5,1,0,0,0,Never,Moderate,0,10.6,7,2,0,10,2025-05-05,0
P104384,45,Male,20.2,136.0,72.0,74.0,98.8,37.9,18.0,96.0,,175.0,0.59,15.5,7.5,0,0,0,0,Never,Moderate,0,2.2,7,1,0,18,2024-01-21,0
P104385,70,Female,39.7,153.0,91.0,87.0,97.4,36.2,20.0,95.0,6.1,179.0,1.16,13.6,6.0,0,0,0,0,Never,Moderate,3,4.7,12,1,0,1,2024-12-13,1
P104386,36,Female,19.5,121.0,87.0,66.0,94.6,37.2,19.0,85.0,5.4,180.0,1.28,15.5,6.1,0,1,0,0,Former,Moderate,0,3.2,4,2,0,12,2024-07-30,0
P104387,22,Female,16.9,107.0,80.0,87.0,97.8,36.5,25.0,106.0,5.0,184.0,0.4,11.3,6.1,0,1,0,0,Never,High,1,1.3,5,0,0,22,2025-04-09,0
P104388,42,Male,27.2,106.0,76.0,78.0,94.5,36.1,17.0,83.0,6.0,160.0,1.2,15.2,8.0,0,0,0,0,Never,Low,0,10.8,2,0,0,28,2024-01-27,0
P104389,61,Male,21.6,143.0,104.0,78.0,95.6,37.6,22.0,88.0,4.2,196.0,0.4,16.6,9.3,1,0,0,0,Never,Moderate,0,6.3,4,2,0,17,2024-11-01,1
P104390,31,Male,27.3,136.0,68.0,88.0,96.4,37.9,13.0,55.0,7.0,161.0,0.55,13.8,6.8,0,0,0,0,Never,Moderate,0,4.6,3,2,1,10,2025-12-10,0
P104391,77,Female,27.1,153.0,68.0,86.0,96.2,37.0,14.0,165.0,6.7,172.0,1.05,12.5,6.5,0,0,0,1,Never,High,1,3.4,5,1,2,18,2024-05-25,1
P104392,18,Male,26.5,124.0,79.0,59.0,93.3,37.0,24.0,164.0,,193.0,1.35,16.7,8.3,0,0,0,0,Former,Low,3,2.1,2,2,1,7,2024-02-22,0
P104393,22,Male,23.1,104.0,78.0,63.0,94.8,36.8,16.0,130.0,6.0,97.0,0.88,14.1,7.4,0,0,0,0,Never,Moderate,0,3.0,4,0,0,17,2025-11-04,0
P104394,55,Male,29.7,93.0,93.0,73.0,96.5,36.7,14.0,82.0,6.3,,1.15,16.7,7.3,1,0,0,0,Never,Moderate,0,9.8,4,3,1,9,2024-06-08,0
P104395,55,Male,25.8,181.0,89.0,80.0,95.4,37.0,18.0,69.0,7.2,215.0,0.76,12.4,9.3,0,1,0,0,Never,Low,0,1.0,7,1,1,6,2025-10-02,0
P104396,39,Male,33.2,140.0,82.0,92.0,98.5,37.1,22.0,55.0,7.2,207.0,0.91,17.0,4.9,0,1,0,0,Current,Moderate,0,3.4,4,0,1,15,2025-01-14,0
P104397,36,Female,26.6,133.0,86.0,77.0,98.8,37.6,15.0,132.0,7.3,175.0,0.94,15.1,6.5,1,0,0,0,Never,Moderate,1,2.5,9,2,1,9,2025-07-03,1
P104398,23,Female,22.5,133.0,85.0,96.0,94.5,36.5,18.0,151.0,5.2,199.0,1.38,11.8,5.0,0,0,0,0,Never,Moderate,1,3.1,3,0,1,11,2025-07-07,0
P104399,66,Female,18.7,110.0,104.0,68.0,96.6,36.9,12.0,121.0,6.5,149.0,0.84,12.7,5.9,0,0,0,0,Former,Moderate,0,1.0,9,3,0,9,2025-06-04,1
P104400,45,Male,26.6,118.0,84.0,70.0,99.3,36.8,16.0,141.0,5.3,214.0,0.8,12.7,4.5,0,0,0,0,Current,Moderate,2,2.8,2,0,1,26,2025-08-25,0
P104401,26,Female,20.9,159.0,74.0,72.0,96.3,37.3,21.0,123.0,6.4,131.0,1.23,12.5,6.2,0,0,0,0,Never,Moderate,1,1.0,1,1,0,19,2024-04-26,0
P104402,47,Female,20.5,143.0,84.0,66.0,95.8,38.0,15.0,84.0,4.0,147.0,0.92,10.9,7.7,0,0,1,0,Former,Moderate,0,4.4,3,0,1,12,2025-06-03,0
P104403,86,Male,30.2,123.0,58.0,90.0,98.0,37.3,14.0,154.0,5.1,168.0,1.14,11.9,2.0,0,1,0,0,Never,Moderate,0,1.0,5,0,1,15,2025-11-19,0
P104404,37,Female,18.3,110.0,81.0,45.0,96.0,37.2,15.0,143.0,5.3,252.0,1.08,11.3,6.3,0,0,0,0,Former,Moderate,1,2.1,5,1,2,5,2024-01-08,0
P104405,83,Male,34.8,127.0,95.0,70.0,98.8,37.3,16.0,83.0,6.1,153.0,0.92,16.2,6.8,1,0,0,0,Never,Moderate,0,9.3,9,2,0,18,2025-10-02,0
P104406,36,Female,28.3,125.0,87.0,90.0,95.4,37.4,21.0,138.0,5.8,208.0,0.4,10.4,6.4,0,0,0,0,Never,High,0,5.5,2,1,1,17,2025-09-26,0
P104407,31,Male,27.3,165.0,84.0,72.0,95.6,38.0,19.0,103.0,6.7,117.0,1.24,16.7,3.6,0,0,0,0,Never,Low,0,1.0,5,0,1,18,2024-01-06,0
P104408,37,Male,22.1,127.0,88.0,89.0,97.9,36.0,20.0,101.0,5.1,196.0,0.99,16.0,8.9,0,0,0,0,Never,High,0,6.0,1,2,0,11,2025-08-21,0
P104409,41,Male,31.5,111.0,92.0,102.0,96.7,37.1,18.0,124.0,4.5,261.0,0.62,,8.9,0,0,0,0,Never,High,1,4.0,3,0,1,32,2025-06-15,1
P104410,26,Female,27.5,128.0,95.0,77.0,96.7,35.5,16.0,120.0,5.2,214.0,1.15,13.7,9.3,0,0,0,0,Never,Moderate,1,1.6,7,0,0,15,2024-07-13,0
P104411,60,Male,23.9,138.0,87.0,90.0,93.1,37.3,15.0,145.0,5.4,116.0,1.59,17.1,5.9,0,0,0,0,Current,High,1,1.2,11,0,2,6,2025-06-24,1
P104412,42,Female,28.5,109.0,78.0,105.0,95.9,37.1,20.0,81.0,6.2,197.0,1.31,11.0,7.3,0,0,0,0,Never,Low,1,3.2,3,0,0,17,2025-03-05,0
P104413,70,Male,18.7,141.0,60.0,81.0,98.1,36.5,24.0,135.0,7.4,177.0,1.64,16.7,5.5,1,0,0,0,Former,Moderate,1,4.9,10,1,2,12,2024-09-07,0
P104414,53,Female,19.0,153.0,92.0,75.0,95.1,35.5,15.0,72.0,7.1,242.0,0.67,17.8,4.9,0,0,0,1,Former,Moderate,0,2.4,2,1,2,2,2024-11-09,1
P104415,50,Male,21.7,134.0,87.0,87.0,97.8,36.8,14.0,106.0,6.8,191.0,1.07,14.2,4.8,0,0,0,0,Never,Moderate,0,2.9,5,0,1,11,2024-12-20,0
P104416,52,Male,29.3,119.0,84.0,90.0,97.0,36.9,14.0,108.0,5.3,140.0,1.11,14.5,7.4,0,1,0,0,Never,Moderate,2,6.9,4,0,0,19,2024-05-30,0
P104417,29,Male,27.5,120.0,74.0,76.0,96.1,36.8,21.0,142.0,5.4,190.0,0.9,13.2,8.7,0,0,0,0,Never,Moderate,0,3.1,4,0,1,12,2024-07-30,0
P104418,70,Male,33.0,106.0,93.0,70.0,98.9,36.5,18.0,116.0,6.4,169.0,0.97,14.7,9.6,0,1,0,1,Former,Moderate,1,3.5,5,1,0,16,2025-10-31,0
P104419,25,Male,22.7,127.0,78.0,97.0,95.9,36.4,20.0,98.0,4.8,113.0,0.4,14.9,6.9,0,0,0,0,Current,Low,0,3.8,3,0,0,13,2024-09-02,0
P104420,70,Male,30.5,140.0,83.0,73.0,96.0,36.8,16.0,166.0,5.4,188.0,1.53,11.1,5.6,0,1,0,0,Never,Moderate,0,2.2,7,0,2,15,2025-03-31,0
P104421,90,Female,26.9,122.0,84.0,90.0,96.1,36.4,20.0,104.0,6.6,195.0,0.67,14.1,6.8,0,0,0,1,Never,Moderate,3,2.2,3,5,1,1,2025-06-04,1
P104422,73,Male,22.6,168.0,88.0,79.0,96.6,37.2,17.0,100.0,4.8,209.0,1.32,16.3,8.9,0,0,0,0,Current,Moderate,1,3.2,1,0,0,24,2024-03-30,0
P104423,51,Male,29.5,146.0,71.0,98.0,97.9,36.8,13.0,55.0,6.8,234.0,1.01,13.3,10.2,0,0,0,0,Never,Moderate,2,1.7,3,1,1,3,2025-05-11,0
P104424,40,Male,27.2,100.0,87.0,66.0,93.8,35.9,21.0,103.0,5.3,184.0,0.96,14.0,9.4,0,0,0,0,Never,High,1,1.4,6,0,0,23,2025-04-29,0
P104425,81,Female,24.2,106.0,77.0,66.0,98.1,36.9,18.0,85.0,6.7,138.0,1.04,14.5,9.2,0,1,0,0,Never,Moderate,1,2.2,9,3,1,1,2024-06-15,0
P104426,36,Male,27.7,114.0,74.0,86.0,96.6,37.0,17.0,101.0,5.8,163.0,1.01,13.2,9.7,0,0,0,0,Former,Low,0,1.8,2,1,0,23,2024-08-12,0
P104427,53,Female,26.8,159.0,91.0,62.0,97.5,37.6,19.0,121.0,7.0,194.0,1.19,14.3,7.1,1,0,0,0,Current,Low,0,2.5,3,2,1,18,2025-08-25,0
P104428,74,Male,26.7,150.0,73.0,77.0,100.0,37.3,13.0,78.0,4.2,241.0,1.34,15.0,7.6,0,0,1,0,Former,High,3,3.5,7,3,1,9,2025-02-14,1
P104429,85,Female,25.4,164.0,93.0,95.0,95.6,36.4,20.0,89.0,7.4,195.0,1.07,16.7,9.1,0,0,0,0,Current,Low,3,3.5,3,1,1,10,2024-07-09,1
P104430,85,Male,20.7,136.0,85.0,55.0,94.3,37.5,16.0,62.0,7.3,190.0,0.77,14.4,8.0,1,0,1,0,Never,Moderate,1,5.4,10,2,1,11,2024-06-27,1
P104431,24,Male,27.9,125.0,64.0,81.0,96.8,36.1,17.0,89.0,5.7,186.0,0.57,13.8,8.7,0,0,0,0,Never,Moderate,0,1.3,5,1,0,9,2025-08-17,0
P104432,83,Female,23.3,115.0,98.0,91.0,97.1,36.8,22.0,85.0,6.7,195.0,1.39,13.6,5.8,0,0,0,0,Former,Low,0,1.3,9,1,1,18,2024-11-15,0
P104433,26,Male,22.2,135.0,84.0,76.0,98.1,37.2,20.0,183.0,6.0,268.0,0.85,14.8,9.8,0,0,0,0,Current,Low,0,6.2,2,1,2,19,2024-07-25,0
P104434,60,Male,26.2,130.0,87.0,65.0,95.5,37.5,17.0,166.0,5.1,192.0,0.74,17.0,6.0,0,0,0,0,Current,Moderate,0,2.8,8,1,1,9,2025-03-20,1
P104435,85,Female,31.3,132.0,94.0,73.0,95.0,37.7,18.0,165.0,6.3,185.0,0.9,15.6,9.2,0,0,1,0,Never,Moderate,2,4.6,5,2,1,9,2024-02-02,1
P104436,65,Male,28.5,161.0,98.0,66.0,93.7,37.4,10.0,69.0,6.8,196.0,1.02,13.5,6.8,1,0,0,0,Current,Low,0,2.3,8,2,1,1,2024-04-12,0
P104437,87,Female,24.7,134.0,86.0,77.0,94.0,36.7,15.0,112.0,4.6,169.0,0.75,12.9,5.9,0,0,0,0,Never,Moderate,1,1.7,6,1,0,22,2025-04-25,1
P104438,43,Male,24.5,154.0,88.0,73.0,95.8,37.1,19.0,69.0,6.1,136.0,0.97,13.6,3.0,0,0,0,0,Never,Low,0,1.6,4,1,0,12,2025-01-04,0
P104439,40,Male,30.8,104.0,85.0,70.0,96.3,36.9,15.0,175.0,5.8,129.0,1.32,13.3,6.6,0,0,0,0,Never,Moderate,1,4.5,4,1,1,15,2024-04-16,0
P104440,41,Male,16.0,177.0,78.0,82.0,100.0,36.4,13.0,139.0,6.3,167.0,0.94,9.7,4.5,1,0,0,1,Current,Low,0,8.7,9,0,1,15,2025-03-11,1
P104441,43,Male,31.6,125.0,66.0,95.0,93.5,36.7,20.0,74.0,4.6,240.0,0.48,17.1,5.2,0,0,0,0,Current,Moderate,0,1.1,5,1,0,13,2025-05-26,0
P104442,67,Male,17.8,146.0,85.0,80.0,97.1,37.7,23.0,128.0,5.3,239.0,1.29,13.6,8.0,0,0,0,0,Former,Moderate,0,3.6,8,1,0,19,2025-01-21,0
P104443,51,Female,20.1,147.0,96.0,92.0,95.2,37.1,15.0,60.0,4.6,153.0,1.31,12.5,4.0,0,0,1,1,Former,Low,1,6.5,6,0,0,25,2024-03-12,1
P104444,71,Female,24.8,126.0,89.0,95.0,96.9,37.8,21.0,111.0,4.8,189.0,1.39,17.4,9.5,0,0,0,0,Former,Moderate,1,4.9,4,2,0,9,2024-09-20,0
P104445,48,Male,38.8,146.0,71.0,69.0,95.5,36.3,21.0,105.0,6.5,200.0,1.01,13.6,12.0,0,1,0,1,Former,Moderate,0,3.9,5,1,1,17,2025-12-18,0
P104446,40,Female,36.2,146.0,92.0,79.0,98.4,36.6,15.0,136.0,5.2,167.0,1.62,12.9,6.0,0,1,0,0,Never,High,0,3.3,5,3,1,4,2025-05-28,0
P104447,31,Female,31.2,118.0,78.0,71.0,98.4,37.0,15.0,143.0,5.0,245.0,1.15,13.6,9.4,0,0,0,0,Never,Moderate,1,8.3,11,0,2,27,2024-10-20,0
P104448,58,Female,29.4,121.0,62.0,58.0,96.3,37.2,24.0,114.0,6.9,224.0,1.86,13.7,4.2,0,0,0,0,Never,Moderate,2,1.5,7,1,2,1,2025-02-21,1
P104449,83,Male,17.8,137.0,94.0,80.0,99.1,36.7,14.0,110.0,5.9,209.0,1.48,13.7,7.8,0,1,0,0,Never,Moderate,0,1.8,6,3,1,15,2024-04-26,0
P104450,80,Female,28.3,134.0,74.0,63.0,97.9,37.2,16.0,55.0,7.0,198.0,1.43,14.9,7.7,0,0,0,1,Never,Moderate,1,9.7,5,1,2,3,2024-03-31,0
P104451,36,Male,24.6,154.0,99.0,82.0,99.0,37.2,25.0,164.0,4.7,136.0,0.78,14.8,13.2,0,0,0,0,Current,Moderate,0,1.8,5,2,2,5,2024-11-26,0
P104452,52,Female,23.3,144.0,94.0,57.0,96.4,36.1,16.0,89.0,5.5,247.0,0.74,13.4,6.3,0,0,0,0,Never,High,0,2.2,5,0,1,19,2025-10-18,0
P104453,69,Female,28.3,133.0,81.0,78.0,98.2,37.2,23.0,119.0,5.2,217.0,1.09,12.2,7.9,0,1,1,0,Former,Moderate,1,2.7,3,0,0,10,2025-10-13,1
P104454,62,Male,25.1,144.0,87.0,57.0,95.1,37.3,14.0,193.0,6.4,211.0,0.98,14.4,6.6,0,0,0,0,Current,Moderate,1,2.7,2,0,1,24,2025-05-22,1
P104455,22,Male,32.0,94.0,105.0,84.0,94.9,36.9,18.0,65.0,5.3,,0.77,16.1,6.3,0,0,0,0,Never,High,1,2.3,4,0,0,16,2025-06-18,0
P104456,61,Male,17.4,123.0,93.0,71.0,100.0,35.9,22.0,115.0,6.6,170.0,1.0,16.1,6.7,0,0,0,0,Never,High,1,1.6,5,2,1,5,2025-03-25,0
P104457,20,Female,27.9,133.0,83.0,70.0,94.5,36.7,16.0,124.0,5.6,214.0,0.85,12.6,6.6,0,0,0,0,Former,Low,0,1.6,6,0,0,9,2024-08-22,1
P104458,26,Female,22.9,148.0,109.0,90.0,95.7,37.0,18.0,146.0,4.0,237.0,0.75,12.0,5.7,0,1,0,0,Former,Moderate,1,8.4,0,0,1,20,2025-05-14,0
P104459,65,Male,25.4,137.0,84.0,72.0,93.1,36.4,21.0,115.0,5.7,261.0,1.23,15.9,7.5,0,0,0,0,Never,Low,0,7.3,3,1,1,16,2025-06-01,0
P104460,25,Male,29.1,154.0,86.0,77.0,95.0,37.3,15.0,149.0,4.1,167.0,0.71,15.1,5.2,0,0,0,0,Former,High,0,1.1,7,1,1,22,2025-01-16,1
P104461,42,Male,21.7,146.0,72.0,74.0,94.7,37.2,26.0,96.0,6.0,189.0,0.96,15.9,6.2,0,0,0,0,Former,High,2,1.5,7,2,0,18,2025-12-30,0
P104462,60,Male,28.4,125.0,66.0,82.0,95.3,36.9,22.0,133.0,6.4,115.0,0.69,13.1,10.8,0,0,0,0,Former,Low,0,1.0,3,2,0,5,2025-08-10,0
P104463,65,Female,26.4,131.0,80.0,89.0,97.0,36.8,17.0,129.0,6.6,101.0,1.07,13.2,6.8,1,0,0,0,Former,Low,1,2.5,8,0,1,13,2024-02-06,0
P104464,50,Male,24.1,139.0,82.0,86.0,97.5,36.9,17.0,109.0,5.7,215.0,1.06,15.9,8.8,0,0,0,0,Never,Low,0,3.8,6,1,0,28,2025-04-17,0
P104465,24,Male,25.1,121.0,84.0,70.0,94.7,36.8,25.0,119.0,4.0,163.0,0.65,13.5,6.8,0,0,0,0,Former,High,0,4.1,5,2,0,14,2024-10-08,0
P104466,76,Female,26.7,161.0,69.0,91.0,95.1,36.2,17.0,86.0,6.3,120.0,1.1,16.0,8.5,1,0,0,1,Never,Moderate,0,7.3,5,1,0,20,2025-07-08,0
P104467,87,Male,23.5,118.0,91.0,65.0,98.5,36.6,16.0,108.0,6.6,151.0,1.08,17.0,6.7,0,1,1,0,Former,Moderate,3,2.9,7,1,1,15,2024-08-07,1
P104468,82,Female,27.5,141.0,76.0,67.0,99.6,36.8,22.0,73.0,6.0,208.0,0.97,12.9,2.0,0,1,0,0,Never,Moderate,1,6.9,5,0,0,16,2025-11-03,0
P104469,72,Female,26.1,147.0,89.0,74.0,98.8,37.5,13.0,101.0,6.1,210.0,0.94,12.9,6.9,0,0,0,0,Never,Moderate,1,2.0,6,0,0,16,2024-04-02,0
P104470,47,Male,24.3,126.0,91.0,89.0,93.5,37.1,18.0,151.0,4.1,133.0,1.12,15.1,5.0,0,1,0,0,Never,High,1,1.0,2,1,1,14,2025-04-26,0
P104471,81,Female,35.8,127.0,80.0,62.0,98.6,37.5,18.0,132.0,6.2,242.0,1.1,13.5,6.4,0,0,0,0,Never,High,2,4.9,13,0,1,22,2024-06-12,1
P104472,53,Female,29.7,131.0,73.0,87.0,99.8,36.1,16.0,123.0,5.7,169.0,1.28,15.0,8.4,0,0,0,0,Current,Low,2,2.6,8,0,0,16,2024-12-16,0
P104473,27,Female,25.5,143.0,96.0,75.0,93.4,36.6,13.0,55.0,,205.0,0.64,11.9,10.6,0,0,0,0,Never,Moderate,1,5.0,3,0,0,24,2024-04-17,0
P104474,80,Male,28.3,127.0,93.0,71.0,98.4,37.8,18.0,129.0,,196.0,,13.3,4.2,1,0,0,0,Current,Moderate,1,1.0,7,0,1,13,2024-12-11,0
P104475,41,Male,22.2,113.0,83.0,89.0,96.9,36.4,20.0,108.0,5.2,195.0,0.8,,6.5,0,0,0,0,Current,Moderate,0,2.1,6,1,0,9,2024-09-02,0
P104476,86,Male,25.2,156.0,99.0,66.0,95.9,36.4,16.0,137.0,6.4,159.0,1.12,15.3,7.0,1,1,0,0,Current,Moderate,0,2.5,3,1,0,13,2025-12-06,0
P104477,44,Male,25.8,138.0,82.0,103.0,96.7,36.7,14.0,159.0,6.2,194.0,1.06,14.5,7.1,0,0,0,0,Never,Moderate,0,2.2,5,0,1,9,2025-04-18,0
P104478,81,Male,21.0,153.0,78.0,74.0,97.3,37.8,22.0,103.0,6.5,205.0,0.76,15.9,7.1,0,1,0,1,Never,High,2,1.7,6,1,0,10,2025-05-29,1
P104479,57,Female,29.5,146.0,72.0,78.0,98.6,36.5,20.0,102.0,4.7,187.0,1.19,15.3,8.1,0,0,1,0,Never,High,2,5.1,6,0,0,16,2025-02-07,1
P104480,52,Female,24.9,169.0,81.0,95.0,98.5,37.1,17.0,144.0,5.5,199.0,1.61,14.3,6.1,1,0,0,0,Current,High,0,1.0,9,0,2,18,2025-05-14,0
P104481,39,Male,25.7,150.0,89.0,78.0,93.8,37.0,21.0,89.0,7.6,237.0,1.01,15.2,6.6,1,0,0,0,Never,Low,0,3.9,6,1,1,10,2024-06-03,0
P104482,79,Male,24.5,123.0,98.0,90.0,95.3,35.8,19.0,120.0,7.4,177.0,0.84,14.3,7.8,1,1,0,0,Never,Moderate,0,1.0,9,1,1,6,2024-05-29,1
P104483,22,Male,42.9,137.0,81.0,53.0,96.7,36.8,24.0,55.0,6.2,220.0,0.83,14.7,5.6,0,0,0,0,Former,High,2,3.4,1,1,0,13,2025-06-04,0
P104484,52,Male,24.1,123.0,94.0,71.0,99.3,36.5,20.0,102.0,6.1,187.0,0.92,12.6,5.8,0,1,0,0,Never,Moderate,0,1.1,2,0,0,17,2025-06-30,0
P104485,44,Female,16.7,124.0,79.0,81.0,91.6,37.1,13.0,157.0,4.8,249.0,0.8,11.4,6.9,0,0,0,0,Never,Moderate,0,1.0,6,0,2,10,2024-01-10,0
P104486,57,Male,19.2,109.0,75.0,89.0,95.4,37.7,16.0,125.0,5.7,142.0,1.22,16.5,5.8,0,0,0,0,Never,Moderate,0,15.6,9,2,0,9,2024-05-04,0
P104487,36,Male,31.4,125.0,68.0,85.0,93.7,36.6,16.0,141.0,5.3,245.0,0.45,17.2,5.0,0,0,0,0,Former,Moderate,1,8.7,3,1,2,7,2024-09-05,1
P104488,66,Female,34.4,143.0,78.0,84.0,94.0,36.6,19.0,148.0,5.9,175.0,1.12,11.2,4.8,0,0,0,0,Never,Moderate,0,1.7,5,1,1,3,2025-10-12,0
P104489,46,Male,24.0,130.0,69.0,89.0,98.3,38.1,17.0,159.0,4.5,275.0,1.35,15.4,6.9,0,0,0,0,Never,High,0,1.9,5,0,2,3,2025-08-31,0
P104490,31,Male,34.2,111.0,101.0,82.0,95.5,36.4,14.0,96.0,6.4,212.0,1.29,12.3,9.7,0,0,1,0,Current,Low,1,4.0,7,2,0,5,2024-12-12,0
P104491,32,Male,31.4,104.0,85.0,50.0,92.3,36.1,20.0,142.0,4.0,227.0,1.23,17.1,7.8,0,0,0,0,Current,Moderate,1,1.8,5,1,1,23,2024-12-07,0
P104492,68,Female,,170.0,82.0,93.0,96.2,37.5,22.0,194.0,6.8,189.0,0.87,13.2,5.1,0,1,0,0,Former,Moderate,1,5.3,8,1,2,16,2025-05-15,1
P104493,37,Male,26.1,136.0,98.0,66.0,100.0,36.8,18.0,109.0,6.4,221.0,1.37,18.0,10.1,0,0,0,0,Former,High,0,1.7,8,0,0,16,2024-09-03,1
P104494,40,Female,28.4,117.0,68.0,80.0,93.2,36.9,19.0,64.0,7.8,221.0,1.07,12.2,6.0,0,0,0,0,Never,Low,1,2.2,11,0,1,22,2025-02-24,0
P104495,63,Female,32.1,141.0,81.0,78.0,97.5,37.9,15.0,94.0,5.7,190.0,1.44,12.4,10.2,1,0,0,0,Never,Moderate,1,2.3,4,1,1,8,2025-11-20,0
P104496,42,Male,29.6,168.0,102.0,77.0,99.3,36.1,16.0,127.0,5.2,224.0,1.28,15.2,6.9,0,0,0,0,Former,Low,0,1.2,6,0,0,2,2025-10-07,1
P104497,46,Female,24.0,142.0,80.0,63.0,96.4,36.7,16.0,55.0,5.9,90.0,1.08,14.6,7.5,0,0,1,0,Never,Moderate,1,2.7,4,3,0,19,2025-01-11,0
P104498,35,Female,26.6,90.0,106.0,53.0,100.0,36.2,20.0,83.0,6.1,171.0,0.89,14.4,6.3,0,0,0,0,Former,Low,0,1.8,2,0,0,14,2025-08-02,0
P104499,43,Male,37.8,176.0,89.0,64.0,95.3,37.0,19.0,99.0,5.6,196.0,1.64,16.1,6.4,0,0,1,0,Former,Low,3,2.3,6,1,1,8,2025-05-02,0
P104500,68,Female,28.8,103.0,96.0,86.0,99.1,36.5,17.0,119.0,5.0,214.0,0.56,12.9,9.8,0,1,0,1,Current,Low,2,2.9,1,1,0,14,2024-05-16,0
P104501,56,Male,32.0,129.0,96.0,59.0,98.7,36.2,17.0,176.0,6.4,232.0,0.97,16.1,6.6,0,0,0,0,Never,Moderate,0,2.9,3,0,1,26,2025-08-23,0
P104502,90,Male,30.3,118.0,84.0,65.0,96.4,37.2,11.0,143.0,6.3,185.0,0.73,,8.9,1,1,1,0,Never,Moderate,2,2.4,13,1,1,12,2024-03-06,1
P104503,74,Female,28.9,122.0,79.0,81.0,93.8,36.8,24.0,77.0,5.2,180.0,1.1,14.4,7.1,0,1,0,1,Never,High,1,3.9,8,1,0,31,2024-06-04,0
P104504,19,Male,28.1,133.0,79.0,64.0,94.7,36.2,11.0,242.0,4.0,228.0,1.01,13.4,6.8,0,0,0,0,Current,Low,0,4.4,2,1,1,12,2025-11-05,1
P104505,45,Male,32.2,96.0,72.0,69.0,92.3,36.2,19.0,111.0,8.0,239.0,0.8,15.2,8.2,0,0,0,0,Former,Low,0,3.6,4,0,1,5,2025-11-03,1
P104506,39,Male,31.2,129.0,81.0,77.0,97.6,36.9,18.0,55.0,6.4,223.0,0.81,11.7,6.8,0,0,0,0,Former,Moderate,0,1.2,3,0,0,29,2024-06-03,0
P104507,60,Male,28.9,153.0,83.0,79.0,97.4,36.0,17.0,77.0,6.4,189.0,0.66,15.7,5.4,0,1,1,0,Former,High,2,6.6,10,2,0,7,2025-01-28,1
P104508,37,Female,23.9,116.0,98.0,63.0,96.6,36.9,18.0,74.0,5.5,292.0,1.09,10.7,5.5,1,0,0,0,Never,Low,1,6.7,6,0,2,12,2024-05-27,0
P104509,88,Female,29.5,113.0,90.0,78.0,96.3,37.5,16.0,72.0,6.9,198.0,0.98,14.3,8.2,1,0,0,0,Former,Low,0,4.5,1,2,1,3,2025-01-02,0
P104510,39,Male,27.2,128.0,105.0,81.0,98.9,37.1,20.0,128.0,4.7,203.0,1.09,14.5,2.6,0,0,0,0,Former,Moderate,2,1.0,4,1,0,13,2024-12-11,0
P104511,56,Female,25.9,127.0,61.0,61.0,97.0,36.5,13.0,55.0,6.1,257.0,0.87,14.7,7.8,0,0,0,0,Current,Low,3,2.2,2,1,1,9,2024-05-24,0
P104512,26,Male,41.4,119.0,68.0,79.0,95.5,36.9,19.0,142.0,5.7,253.0,1.0,14.7,4.1,0,0,0,0,Never,Moderate,0,1.7,3,1,2,11,2024-01-03,0
P104513,84,Male,19.5,116.0,80.0,67.0,96.8,36.2,16.0,147.0,5.3,222.0,1.31,16.7,7.3,0,0,0,0,Former,Moderate,1,2.0,4,1,1,16,2024-06-11,1
P104514,84,Female,32.5,145.0,99.0,77.0,100.0,36.9,17.0,102.0,6.1,161.0,1.24,14.1,9.7,0,0,0,0,Never,Low,3,2.1,3,3,0,12,2025-06-27,0
P104515,75,Female,23.0,145.0,82.0,85.0,97.6,36.6,17.0,149.0,5.7,199.0,1.13,14.9,5.2,0,0,0,0,Never,High,2,2.9,2,1,1,12,2025-05-27,0
P104516,43,Male,28.2,113.0,67.0,74.0,95.8,36.3,17.0,72.0,5.0,215.0,0.95,14.0,8.0,0,0,0,0,Former,Moderate,0,1.0,4,2,0,13,2025-04-28,0
P104517,22,Male,40.9,113.0,78.0,87.0,96.4,37.1,20.0,77.0,5.0,269.0,1.05,13.9,9.2,0,0,0,0,Never,Low,1,3.2,2,0,1,17,2025-11-25,0
P104518,69,Female,22.5,137.0,71.0,85.0,97.3,35.8,18.0,135.0,4.5,307.0,0.89,11.1,5.8,0,0,0,0,Never,Moderate,0,4.0,9,2,1,18,2025-09-09,1
P104519,49,Female,23.7,115.0,68.0,87.0,95.7,36.2,21.0,104.0,6.7,172.0,0.94,11.5,5.7,1,0,0,0,Never,Moderate,2,8.3,6,0,1,24,2024-12-26,0
P104520,90,Male,27.4,140.0,104.0,81.0,95.6,36.3,22.0,97.0,7.7,227.0,1.22,14.7,7.8,1,1,1,0,Current,High,1,7.9,8,5,1,9,2025-05-01,1
P104521,68,Female,23.1,159.0,80.0,89.0,96.5,36.5,19.0,111.0,5.2,164.0,1.48,13.3,9.5,1,0,0,0,Former,Moderate,2,3.3,10,0,1,12,2024-09-09,1
P104522,57,Female,,132.0,84.0,81.0,99.2,37.4,20.0,159.0,6.9,190.0,0.85,13.8,11.6,0,0,0,0,Never,Moderate,1,4.7,8,2,3,1,2024-07-14,1
P104523,90,Female,24.7,116.0,83.0,56.0,97.9,37.2,25.0,164.0,6.3,162.0,0.87,12.2,5.5,0,0,1,1,Never,Moderate,1,5.2,8,2,1,2,2025-04-12,1
P104524,76,Male,30.9,142.0,81.0,66.0,95.8,36.9,13.0,132.0,6.1,258.0,1.16,14.9,8.3,1,0,0,0,Never,Low,1,1.5,5,0,1,22,2024-07-23,0
P104525,51,Female,20.6,129.0,74.0,73.0,98.1,36.8,22.0,100.0,4.6,204.0,1.34,15.2,6.0,0,0,0,0,Never,Low,1,2.1,6,0,0,33,2025-09-06,0
P104526,19,Female,18.1,126.0,77.0,75.0,96.5,36.8,23.0,125.0,4.9,206.0,1.13,13.9,4.7,0,0,0,0,Never,Moderate,0,1.5,4,1,0,2,2025-05-27,0
P104527,24,Female,26.3,137.0,84.0,80.0,97.1,37.5,20.0,77.0,6.0,197.0,0.93,13.3,6.5,0,0,0,0,Never,Moderate,2,5.0,5,1,0,21,2024-11-09,0
P104528,50,Male,19.3,144.0,96.0,66.0,97.0,35.9,25.0,153.0,4.9,209.0,1.34,15.0,6.5,0,0,0,0,Current,Low,2,2.6,5,0,1,20,2024-04-05,0
P104529,59,Male,35.4,134.0,92.0,100.0,92.7,37.2,24.0,147.0,5.2,211.0,0.52,16.5,7.2,1,1,0,0,Former,High,1,10.2,5,1,1,12,2024-05-04,1
P104530,20,Female,19.5,127.0,68.0,75.0,91.0,36.5,17.0,174.0,5.0,169.0,1.19,13.5,7.8,0,0,0,0,Never,Moderate,0,2.2,3,0,1,20,2025-11-23,1
P104531,27,Male,22.1,164.0,91.0,76.0,96.9,37.1,17.0,80.0,4.0,131.0,0.84,13.8,7.5,0,0,0,0,Never,High,0,1.0,5,0,0,13,2025-06-08,0
P104532,69,Female,29.7,155.0,88.0,68.0,95.0,37.1,20.0,83.0,6.3,145.0,1.23,12.4,9.4,0,0,1,0,Current,Moderate,2,1.8,6,3,0,17,2024-09-08,1
P104533,72,Female,24.5,149.0,77.0,64.0,93.5,37.2,16.0,135.0,6.6,134.0,1.35,12.4,10.8,0,0,0,0,Never,Moderate,0,3.9,5,0,1,13,2025-09-20,0
P104534,20,Male,19.6,131.0,82.0,74.0,95.0,37.6,27.0,97.0,5.8,202.0,,13.7,7.0,0,0,0,0,Former,Moderate,0,1.9,3,1,0,17,2025-12-10,0
P104535,55,Female,38.1,116.0,88.0,76.0,98.2,36.1,21.0,148.0,,164.0,1.03,14.4,6.0,0,0,0,0,Former,Moderate,2,5.3,10,1,2,16,2024-11-15,1
P104536,23,Female,22.3,148.0,81.0,75.0,97.1,37.3,18.0,153.0,5.1,232.0,0.81,15.8,6.6,0,0,0,0,Current,Moderate,1,4.2,8,1,1,28,2024-06-04,0
P104537,70,Male,26.5,137.0,88.0,96.0,97.9,36.8,13.0,175.0,7.7,204.0,1.53,14.0,6.5,0,1,1,1,Current,Moderate,0,6.0,7,3,3,12,2024-05-31,1
P104538,78,Female,26.4,126.0,75.0,74.0,97.3,36.6,19.0,119.0,5.4,125.0,,11.8,5.8,0,0,0,1,Former,Low,0,4.3,5,2,0,2,2024-03-23,0
P104539,81,Female,31.2,132.0,104.0,75.0,94.8,37.8,14.0,148.0,6.0,179.0,1.16,11.3,4.0,1,0,0,0,Former,Low,2,2.9,15,1,1,9,2025-07-11,1
P104540,61,Male,29.9,117.0,63.0,86.0,97.9,37.2,21.0,96.0,5.6,114.0,1.46,17.2,4.3,0,0,0,0,Never,Moderate,0,9.5,4,1,1,9,2024-06-01,0
P104541,63,Female,23.2,152.0,89.0,74.0,97.6,36.6,10.0,122.0,6.1,152.0,0.9,14.6,8.4,0,0,0,0,Never,High,4,1.8,6,0,0,11,2025-08-21,0
P104542,85,Male,25.8,148.0,88.0,82.0,96.3,37.3,23.0,116.0,6.0,176.0,1.04,13.6,8.5,1,0,1,0,Former,Low,4,3.6,4,2,0,8,2024-06-01,0
P104543,62,Male,26.3,137.0,89.0,61.0,96.6,36.8,17.0,110.0,5.9,159.0,1.3,14.8,7.7,0,0,1,0,Never,Moderate,2,2.2,4,3,0,23,2025-10-28,1
P104544,50,Female,,131.0,75.0,61.0,97.9,36.6,12.0,176.0,5.2,267.0,1.5,15.3,6.5,0,0,0,0,Never,Moderate,0,2.5,5,0,3,10,2025-10-20,0
P104545,73,Male,,123.0,95.0,77.0,95.2,36.5,18.0,69.0,5.7,223.0,1.08,14.5,6.0,0,0,0,0,Former,Moderate,0,8.0,5,1,0,22,2024-08-25,0
P104546,61,Male,38.0,97.0,82.0,73.0,98.5,37.0,18.0,114.0,4.0,183.0,1.14,15.9,4.3,0,0,1,0,Former,Low,3,3.6,9,1,0,24,2025-09-26,1
P104547,79,Male,23.6,111.0,72.0,66.0,97.5,36.5,18.0,119.0,6.9,249.0,0.64,14.4,5.7,1,1,0,0,Former,Moderate,2,14.2,8,3,2,10,2025-12-16,1
P104548,56,Female,27.5,120.0,71.0,77.0,96.5,36.9,23.0,136.0,5.0,158.0,1.38,12.8,5.5,1,1,0,1,Former,High,2,6.9,4,1,0,8,2025-07-05,0
P104549,81,Male,21.5,121.0,85.0,79.0,99.3,37.2,19.0,79.0,5.7,182.0,0.79,10.6,4.2,0,0,0,1,Current,High,1,1.9,8,1,1,12,2025-09-05,1
P104550,21,Female,20.7,133.0,64.0,67.0,94.2,36.9,21.0,96.0,4.5,227.0,0.76,12.6,7.4,0,0,0,0,Current,High,0,2.2,7,0,0,15,2025-02-06,0
P104551,20,Male,23.0,142.0,98.0,70.0,95.7,37.8,17.0,86.0,6.0,153.0,0.96,13.8,5.5,0,0,0,0,Never,High,0,5.2,5,0,0,12,2025-08-29,0
P104552,25,Male,22.5,127.0,91.0,79.0,95.3,36.8,19.0,55.0,5.0,221.0,0.74,15.4,7.1,0,1,0,0,Never,High,0,2.0,7,0,0,27,2025-02-17,0
P104553,58,Male,25.3,157.0,101.0,64.0,97.1,37.5,13.0,154.0,4.0,206.0,0.48,15.0,4.0,0,0,0,0,Never,Low,2,1.8,0,0,1,18,2024-09-19,0
P104554,69,Male,22.4,121.0,100.0,69.0,98.6,37.3,19.0,64.0,6.3,217.0,0.71,14.9,8.2,1,0,1,0,Never,High,2,7.0,4,2,0,1,2025-01-11,0
P104555,33,Male,31.1,128.0,77.0,82.0,94.7,37.6,15.0,55.0,4.9,263.0,0.98,16.0,7.9,0,0,0,0,Never,High,0,1.0,2,1,1,7,2025-11-26,0
P104556,29,Female,23.4,129.0,72.0,76.0,100.0,37.8,23.0,141.0,5.5,212.0,1.36,9.7,6.0,0,0,0,0,Never,Moderate,0,10.2,3,0,2,11,2024-03-07,0
P104557,80,Male,22.9,154.0,57.0,70.0,95.3,35.9,18.0,106.0,6.9,200.0,1.49,14.5,9.7,0,0,0,0,Never,High,2,6.5,3,0,2,4,2025-03-19,1
P104558,72,Female,25.5,136.0,79.0,65.0,97.1,36.9,20.0,105.0,5.2,138.0,1.17,11.4,6.8,1,0,0,0,Never,Low,0,5.2,7,2,0,23,2025-09-17,1
P104559,65,Female,32.7,136.0,101.0,64.0,96.5,36.7,19.0,105.0,5.9,203.0,1.09,11.3,7.3,1,0,0,0,Former,Moderate,0,4.5,4,0,0,16,2024-01-08,0
P104560,53,Female,28.6,104.0,74.0,74.0,96.6,36.9,24.0,150.0,5.1,177.0,1.23,12.8,3.9,0,1,0,0,Never,High,1,2.9,3,1,1,1,2024-12-25,0
P104561,48,Male,27.0,116.0,80.0,100.0,95.1,36.6,13.0,92.0,6.7,190.0,1.37,14.6,5.4,0,1,0,0,Former,Moderate,0,4.2,4,1,1,35,2025-07-05,0
P104562,19,Female,20.0,147.0,75.0,83.0,98.4,36.5,18.0,127.0,5.5,177.0,0.94,14.0,5.7,0,1,0,0,Never,Low,0,1.8,4,3,0,10,2024-10-18,0
P104563,31,Female,21.6,94.0,85.0,60.0,95.0,36.3,15.0,69.0,5.6,214.0,0.99,13.9,8.6,0,0,0,0,Never,Low,0,1.0,7,0,0,25,2024-11-11,0
P104564,83,Female,20.9,159.0,97.0,84.0,93.3,36.8,11.0,129.0,5.1,157.0,1.16,12.0,8.9,0,0,0,0,Former,Moderate,0,1.0,8,1,0,16,2025-01-25,0
P104565,42,Female,34.3,140.0,66.0,67.0,94.5,37.3,14.0,142.0,6.4,203.0,1.26,12.9,5.9,1,0,0,0,Current,Moderate,0,1.6,3,2,1,7,2024-08-02,0
P104566,69,Male,30.3,122.0,70.0,76.0,99.1,36.6,22.0,165.0,6.8,155.0,0.67,16.8,7.3,0,1,0,0,Former,Moderate,1,3.4,6,2,2,6,2025-01-22,1
P104567,69,Female,23.0,120.0,98.0,69.0,98.8,36.6,18.0,61.0,5.3,,1.06,15.6,8.7,0,0,0,0,Former,High,1,4.3,5,2,0,21,2025-10-22,0
P104568,40,Male,24.6,163.0,89.0,100.0,92.9,36.5,17.0,100.0,5.8,182.0,1.08,14.1,6.3,0,0,0,0,Never,Moderate,0,4.5,2,0,0,20,2024-03-29,0
P104569,32,Female,23.2,154.0,78.0,62.0,98.0,36.3,21.0,165.0,6.1,213.0,0.42,13.3,4.1,0,0,0,0,Current,Moderate,0,2.4,1,2,1,2,2024-11-02,0
P104570,68,Female,22.9,132.0,100.0,80.0,92.9,36.7,18.0,148.0,8.0,165.0,1.31,11.9,8.4,0,0,0,0,Never,High,0,1.6,12,0,2,20,2024-02-29,1
P104571,24,Female,29.9,131.0,67.0,68.0,96.5,37.0,20.0,100.0,5.8,200.0,1.22,14.7,7.8,0,0,0,0,Former,Moderate,1,4.4,2,0,0,17,2025-11-03,0
P104572,54,Male,26.0,121.0,92.0,85.0,94.3,37.4,19.0,113.0,5.8,181.0,0.47,,7.6,0,0,0,0,Current,Moderate,2,3.1,5,1,0,15,2024-07-15,0
P104573,82,Male,38.3,138.0,83.0,80.0,98.1,36.2,20.0,128.0,6.0,156.0,0.98,13.8,8.9,1,0,1,0,Former,High,3,5.6,4,5,0,10,2025-08-07,0
P104574,69,Female,34.0,123.0,89.0,91.0,97.5,36.8,16.0,102.0,5.9,216.0,0.95,15.0,9.1,0,0,0,0,Never,High,0,3.6,6,0,0,36,2025-12-19,0
P104575,73,Female,34.3,133.0,60.0,85.0,98.3,37.4,22.0,135.0,6.8,170.0,0.82,14.3,8.2,0,1,0,0,Never,Moderate,1,6.6,8,2,1,11,2024-08-25,1
P104576,24,Male,31.0,160.0,78.0,68.0,96.0,36.2,14.0,124.0,4.7,209.0,0.71,14.3,4.7,0,0,0,0,Current,Moderate,3,1.8,7,0,0,18,2025-06-23,0
P104577,32,Male,,128.0,88.0,111.0,96.2,37.4,18.0,70.0,6.4,140.0,0.8,13.6,4.0,0,1,0,0,Never,High,3,5.1,4,0,0,16,2025-09-25,0
P104578,38,Male,30.6,113.0,81.0,83.0,93.8,36.6,22.0,93.0,4.3,200.0,1.13,18.0,7.7,0,0,0,0,Never,Moderate,1,1.1,7,4,0,10,2024-12-25,1
P104579,39,Female,25.7,107.0,94.0,69.0,94.6,37.2,17.0,94.0,6.3,219.0,1.32,14.3,7.1,0,0,0,0,Never,Moderate,0,7.0,6,1,0,20,2024-05-27,0
P104580,32,Male,36.0,132.0,93.0,78.0,98.2,36.7,16.0,100.0,6.4,208.0,1.1,16.0,7.3,0,0,0,0,Former,Moderate,0,4.4,6,0,0,22,2025-10-07,0
P104581,88,Male,29.6,124.0,75.0,84.0,97.2,37.0,26.0,128.0,7.0,229.0,0.86,14.3,10.4,0,0,1,0,Never,High,2,4.1,8,3,1,9,2025-07-31,0
P104582,30,Female,28.9,134.0,89.0,83.0,96.7,37.6,23.0,115.0,5.8,220.0,1.16,13.3,8.8,0,0,0,0,Never,High,0,2.2,4,0,0,22,2024-06-13,1
P104583,69,Male,28.2,107.0,73.0,82.0,98.8,36.7,18.0,90.0,6.4,206.0,1.23,12.8,6.6,0,0,0,1,Current,Low,0,1.1,4,2,0,12,2025-04-09,0
P104584,60,Female,36.5,145.0,83.0,88.0,94.2,37.3,15.0,161.0,5.6,227.0,0.4,14.3,5.5,1,0,0,0,Former,High,0,1.0,5,0,1,10,2024-10-27,0
P104585,62,Male,20.0,115.0,89.0,86.0,97.8,36.9,11.0,114.0,4.9,181.0,1.38,14.0,8.3,1,0,0,0,Never,Moderate,0,2.1,5,2,0,20,2024-09-20,0
P104586,33,Female,37.1,131.0,73.0,66.0,94.4,36.4,20.0,160.0,5.8,215.0,0.99,11.7,7.9,0,0,0,0,Never,Moderate,0,2.3,4,2,1,11,2025-03-20,0
P104587,40,Female,26.5,125.0,89.0,101.0,99.2,36.7,22.0,161.0,5.7,196.0,1.02,11.9,6.6,0,1,0,0,Never,Moderate,0,1.0,4,0,1,12,2025-10-12,0
P104588,62,Female,20.2,163.0,78.0,100.0,97.5,36.7,19.0,77.0,6.8,265.0,0.55,16.8,2.0,1,0,0,1,Never,Moderate,0,3.7,4,1,2,2,2025-11-08,0
P104589,39,Male,23.6,134.0,76.0,86.0,98.2,36.1,12.0,93.0,5.5,205.0,1.42,14.2,5.1,0,1,0,0,Never,High,0,1.0,3,1,1,15,2024-10-04,0
P104590,68,Male,18.9,167.0,90.0,76.0,95.2,37.0,19.0,101.0,6.2,146.0,1.15,15.2,8.7,0,0,0,0,Never,Moderate,2,4.5,7,1,0,16,2024-03-03,1
P104591,20,Male,30.9,138.0,72.0,77.0,100.0,37.1,16.0,118.0,5.7,205.0,1.13,12.8,4.4,0,0,0,0,Never,Moderate,0,4.6,6,2,0,3,2024-03-02,0
P104592,23,Female,22.1,153.0,72.0,72.0,100.0,37.2,19.0,133.0,6.0,159.0,0.55,12.9,8.2,0,0,0,0,Never,Moderate,0,6.7,3,0,0,5,2024-06-11,0
P104593,71,Male,28.4,131.0,94.0,74.0,97.3,37.5,25.0,121.0,6.9,223.0,1.21,12.5,7.9,0,0,0,0,Never,Moderate,1,2.4,3,2,1,16,2024-01-31,0
P104594,63,Male,33.4,139.0,84.0,50.0,98.6,37.3,21.0,95.0,5.1,223.0,1.19,15.2,5.0,0,0,0,0,Former,Moderate,1,2.1,9,0,0,16,2025-04-24,0
P104595,21,Male,24.0,149.0,66.0,94.0,96.0,36.5,20.0,165.0,6.1,172.0,0.87,13.2,8.8,0,0,0,0,Former,High,0,1.8,8,1,1,18,2024-02-22,0
P104596,83,Female,26.1,151.0,93.0,90.0,94.2,36.6,18.0,103.0,6.0,156.0,0.74,14.4,6.8,0,1,0,0,Never,Moderate,2,3.8,12,3,0,16,2025-01-18,1
P104597,18,Female,20.7,137.0,76.0,56.0,97.9,37.2,19.0,132.0,6.0,200.0,0.89,10.5,6.7,0,0,0,0,Current,Moderate,0,3.3,7,2,1,1,2025-05-04,0
P104598,87,Female,25.5,131.0,70.0,87.0,94.8,37.0,15.0,117.0,7.6,161.0,0.84,12.3,4.7,0,1,1,0,Current,Moderate,2,3.8,5,3,1,1,2024-03-14,1
P104599,71,Female,40.9,132.0,58.0,76.0,98.9,36.8,20.0,113.0,4.2,163.0,0.87,15.0,9.6,0,0,0,0,Never,Moderate,1,9.5,6,3,0,13,2024-07-09,0
P104600,90,Female,31.5,156.0,93.0,74.0,98.4,36.4,17.0,143.0,7.4,176.0,1.44,15.5,4.6,0,0,0,0,Former,Moderate,0,2.7,11,2,3,1,2024-05-22,1
P104601,87,Male,26.1,159.0,76.0,82.0,96.9,36.5,15.0,173.0,6.1,219.0,1.14,14.6,4.6,0,0,0,0,Current,Moderate,1,3.6,7,0,1,18,2025-09-14,0
P104602,40,Male,24.3,121.0,69.0,55.0,96.8,37.1,21.0,121.0,4.9,139.0,0.95,14.0,7.3,0,0,1,0,Former,High,0,6.3,5,0,0,28,2025-07-21,0
P104603,73,Male,27.3,122.0,90.0,76.0,98.3,35.8,10.0,99.0,5.7,166.0,0.74,14.8,5.0,0,0,0,0,Never,Low,1,11.6,4,1,0,13,2024-01-04,0
P104604,33,Male,28.2,115.0,89.0,77.0,97.0,35.6,16.0,161.0,4.7,286.0,0.94,17.7,11.1,0,0,0,0,Never,Moderate,0,5.0,3,0,3,1,2024-10-22,0
P104605,52,Male,25.3,146.0,74.0,77.0,95.8,37.1,20.0,130.0,6.3,269.0,0.96,14.2,5.0,0,0,0,0,Never,Moderate,0,3.5,6,1,1,8,2024-12-07,0
P104606,35,Male,30.3,114.0,90.0,60.0,93.8,36.5,22.0,115.0,4.7,241.0,0.68,14.6,8.6,1,0,0,1,Never,Moderate,1,10.1,2,1,1,16,2024-01-08,0
P104607,53,Male,22.5,146.0,103.0,81.0,98.2,37.0,20.0,149.0,6.9,197.0,1.31,13.0,10.3,0,0,0,0,Former,Low,0,2.0,8,0,2,25,2024-03-12,0
P104608,81,Male,22.5,145.0,97.0,89.0,97.2,37.6,16.0,129.0,6.8,224.0,1.38,13.6,8.4,1,1,0,0,Never,Moderate,1,1.0,8,2,1,4,2025-02-08,1
P104609,49,Female,29.4,123.0,94.0,81.0,100.0,36.3,18.0,198.0,6.0,180.0,0.78,13.9,5.5,0,1,0,0,Never,Low,0,2.7,2,1,1,11,2025-02-01,1
P104610,24,Female,21.4,155.0,84.0,73.0,96.3,36.0,19.0,107.0,4.0,92.0,1.03,14.5,7.7,0,0,0,0,Never,High,0,1.9,5,1,0,11,2024-01-10,0
P104611,41,Female,31.3,106.0,77.0,108.0,97.0,36.7,23.0,151.0,4.5,173.0,0.45,13.7,9.7,0,0,1,0,Current,High,1,5.5,4,3,1,6,2025-07-17,0
P104612,75,Male,27.4,163.0,83.0,65.0,97.1,36.5,21.0,132.0,6.0,177.0,1.16,15.8,4.0,1,0,0,0,Never,Moderate,1,1.4,5,6,0,14,2024-03-21,0
P104613,56,Male,18.0,138.0,87.0,85.0,97.7,36.8,21.0,128.0,5.8,196.0,1.24,13.1,9.2,0,1,0,0,Current,Low,0,3.3,6,1,0,8,2024-02-27,0
P104614,58,Female,28.1,98.0,70.0,79.0,94.8,37.1,18.0,101.0,6.7,213.0,0.71,11.6,8.0,0,0,0,0,Current,High,2,2.5,7,1,1,18,2025-07-25,0
P104615,49,Female,18.7,159.0,74.0,100.0,96.4,37.0,14.0,99.0,4.0,258.0,1.0,14.4,10.8,0,0,0,0,Never,Low,0,1.1,1,1,1,12,2025-12-21,0
P104616,39,Male,31.1,147.0,67.0,81.0,98.0,36.8,13.0,127.0,,196.0,1.0,13.9,7.9,0,0,0,0,Never,Moderate,2,6.5,11,1,0,10,2025-10-19,1
P104617,61,Male,26.2,126.0,85.0,83.0,95.9,37.3,17.0,84.0,6.7,157.0,1.84,12.8,7.3,0,0,1,1,Former,Moderate,0,5.6,14,3,2,16,2025-01-25,1
P104618,64,Male,37.1,117.0,84.0,82.0,97.9,37.1,20.0,94.0,5.7,188.0,1.76,14.9,8.4,0,0,0,0,Former,High,1,4.5,2,2,1,6,2024-12-03,0
P104619,83,Female,33.1,109.0,77.0,63.0,96.7,36.7,16.0,118.0,5.8,219.0,1.19,13.3,4.5,0,0,0,0,Former,Moderate,3,4.7,5,0,0,25,2025-12-21,0
P104620,63,Male,22.0,175.0,91.0,66.0,97.2,37.1,20.0,158.0,4.5,,0.85,14.3,5.4,0,1,0,0,Never,Moderate,0,5.8,3,5,1,1,2025-04-26,1
P104621,90,Female,17.0,121.0,74.0,73.0,98.6,36.0,15.0,122.0,7.2,164.0,1.19,15.6,7.1,1,1,1,1,Never,Moderate,4,4.8,8,5,1,12,2025-07-23,1
P104622,78,Male,23.6,114.0,77.0,87.0,96.1,37.3,16.0,119.0,5.7,215.0,1.4,17.4,6.0,0,0,0,0,Current,Low,0,4.3,6,1,0,15,2024-08-14,0
P104623,23,Female,21.1,133.0,88.0,79.0,93.9,36.8,23.0,70.0,6.5,152.0,0.45,14.6,5.8,0,0,0,0,Former,Moderate,1,1.9,12,2,0,20,2024-12-07,0
P104624,46,Female,37.0,104.0,91.0,74.0,96.0,36.2,21.0,171.0,7.1,162.0,0.4,13.8,11.1,0,0,0,0,Former,Low,1,2.5,5,1,3,1,2024-01-04,1
P104625,46,Female,27.4,115.0,74.0,92.0,95.0,36.6,17.0,150.0,6.9,211.0,0.67,15.3,10.6,0,0,0,0,Never,Low,0,1.0,7,1,2,1,2024-06-07,0
P104626,18,Male,32.4,145.0,82.0,52.0,92.7,37.3,15.0,149.0,5.4,165.0,1.12,14.8,2.0,0,0,0,0,Never,High,2,8.2,5,1,1,22,2024-09-15,1
P104627,31,Female,26.0,138.0,73.0,60.0,96.3,36.4,21.0,58.0,5.1,182.0,1.17,12.9,7.1,0,0,0,0,Former,Moderate,1,6.8,11,0,0,15,2024-08-04,0
P104628,73,Female,26.6,128.0,81.0,46.0,96.9,37.0,21.0,128.0,5.6,196.0,1.19,12.3,4.6,0,0,0,1,Never,Low,3,12.5,8,2,0,7,2024-09-21,1
P104629,43,Male,27.3,131.0,83.0,90.0,98.3,37.2,20.0,78.0,7.5,193.0,1.29,13.4,9.3,0,0,0,0,Never,Moderate,1,1.5,5,0,1,31,2024-03-21,0
P104630,28,Male,33.3,122.0,86.0,75.0,94.4,36.8,17.0,135.0,5.3,158.0,0.88,16.0,7.4,0,0,0,0,Never,High,0,4.6,3,1,0,8,2025-08-19,0
P104631,38,Male,29.1,130.0,84.0,88.0,96.7,36.4,14.0,121.0,6.6,207.0,0.89,12.3,9.9,0,1,0,0,Current,Low,0,2.4,4,2,1,1,2025-09-27,0
P104632,38,Male,22.0,118.0,84.0,75.0,98.5,36.8,18.0,128.0,6.1,160.0,1.07,13.7,5.3,0,1,0,0,Current,High,1,1.7,6,0,0,19,2024-08-17,0
P104633,30,Male,35.9,120.0,70.0,88.0,95.5,36.1,23.0,83.0,5.2,258.0,1.42,14.1,5.1,0,0,0,0,Current,Low,0,9.5,3,2,2,9,2024-03-21,0
P104634,25,Female,26.0,119.0,84.0,74.0,97.5,36.6,15.0,71.0,5.3,180.0,1.04,11.1,6.6,0,0,0,0,Never,Low,1,1.5,4,0,0,25,2024-06-20,1
P104635,73,Female,25.1,122.0,89.0,81.0,99.4,36.2,18.0,94.0,7.1,218.0,1.04,12.6,5.8,0,1,0,0,Former,Moderate,0,3.1,6,1,1,21,2025-03-08,0
P104636,78,Female,16.0,153.0,91.0,79.0,93.1,36.8,24.0,128.0,6.2,223.0,1.2,13.3,6.8,1,1,0,0,Never,Moderate,1,1.9,10,3,0,10,2024-03-11,1
P104637,54,Female,30.8,146.0,75.0,80.0,97.0,36.2,17.0,104.0,5.4,182.0,1.41,14.7,9.4,0,0,0,0,Never,High,1,2.6,4,0,1,18,2025-02-19,0
P104638,62,Female,28.0,118.0,92.0,96.0,98.6,36.8,18.0,123.0,5.2,158.0,0.94,12.4,7.9,1,1,0,0,Former,High,1,2.1,5,2,0,16,2024-12-10,0
P104639,85,Female,28.0,116.0,71.0,57.0,95.9,37.4,13.0,82.0,6.5,223.0,0.98,13.4,6.4,0,0,0,0,Current,Low,1,3.9,11,0,0,10,2024-03-05,1
P104640,79,Male,25.4,133.0,79.0,75.0,99.0,37.4,20.0,117.0,5.7,141.0,0.95,12.4,7.1,0,0,0,0,Former,Moderate,1,1.2,4,1,0,18,2024-06-18,0
P104641,20,Female,24.5,165.0,77.0,78.0,97.6,36.2,15.0,155.0,,147.0,1.14,11.4,3.8,0,0,0,0,Current,High,0,8.8,3,3,1,19,2024-03-13,0
P104642,87,Male,25.6,119.0,72.0,77.0,99.7,36.5,13.0,130.0,8.5,218.0,0.89,11.7,3.1,0,0,0,0,Never,Moderate,0,4.5,5,1,1,19,2024-02-09,0
P104643,22,Male,29.9,126.0,77.0,71.0,97.5,37.2,15.0,121.0,5.9,187.0,1.1,16.1,9.4,0,0,0,0,Never,Moderate,0,2.2,4,0,0,14,2025-10-04,0
P104644,19,Male,30.8,130.0,82.0,70.0,99.8,37.2,19.0,121.0,7.1,168.0,0.5,14.1,5.5,0,0,0,0,Current,Moderate,1,2.5,5,1,1,16,2024-07-09,0
P104645,47,Female,26.3,130.0,64.0,94.0,97.0,36.5,12.0,94.0,5.1,176.0,0.92,13.5,9.9,0,1,1,0,Never,Low,0,6.6,6,3,0,18,2024-04-07,1
P104646,72,Male,32.4,127.0,79.0,75.0,94.0,36.6,13.0,173.0,6.7,165.0,1.05,15.4,6.4,0,0,1,1,Never,High,0,4.6,7,0,2,4,2024-10-26,1
P104647,23,Female,27.1,148.0,63.0,105.0,95.4,36.8,20.0,120.0,6.6,278.0,1.42,14.4,7.3,0,0,0,0,Never,High,1,4.5,2,1,3,8,2024-10-24,0
P104648,39,Female,24.9,138.0,102.0,82.0,98.3,35.9,18.0,116.0,6.9,234.0,1.24,16.2,8.7,0,0,0,0,Never,Moderate,0,1.9,2,0,1,5,2024-04-15,0
P104649,37,Male,28.5,145.0,83.0,73.0,98.3,37.1,15.0,134.0,6.8,164.0,0.86,14.5,8.9,0,0,0,0,Never,Moderate,1,5.6,6,3,1,1,2024-10-06,0
P104650,47,Male,20.4,142.0,83.0,83.0,95.9,37.3,17.0,144.0,5.8,183.0,0.85,13.5,6.0,0,0,0,0,Current,High,0,3.5,8,0,1,10,2025-12-12,1
P104651,89,Male,28.7,152.0,87.0,77.0,99.7,36.6,24.0,75.0,7.1,218.0,0.93,15.6,7.1,1,0,0,0,Never,Moderate,2,1.9,7,2,1,1,2025-05-17,1
P104652,42,Female,19.5,158.0,88.0,92.0,95.9,36.1,22.0,113.0,4.8,158.0,0.66,16.7,7.0,0,0,0,0,Never,Moderate,0,3.6,4,1,0,14,2024-09-12,0
P104653,33,Male,22.2,153.0,91.0,62.0,97.3,37.5,18.0,187.0,7.0,174.0,1.4,13.8,7.8,0,0,0,0,Former,Low,1,6.8,5,1,2,9,2025-11-12,0
P104654,26,Female,17.0,169.0,65.0,54.0,97.3,36.9,21.0,166.0,4.7,184.0,0.72,12.0,7.4,0,0,0,0,Current,Moderate,0,2.3,0,1,1,9,2025-10-18,0
P104655,32,Male,26.6,151.0,94.0,80.0,94.1,37.2,18.0,105.0,6.7,162.0,1.43,10.8,5.5,1,0,0,0,Never,High,0,4.0,6,0,3,15,2024-04-16,0
P104656,27,Female,35.9,118.0,93.0,86.0,96.3,36.1,12.0,133.0,6.5,237.0,0.96,10.1,7.3,0,0,0,0,Never,Moderate,0,3.2,2,2,1,14,2025-02-19,0
P104657,59,Female,26.9,147.0,82.0,79.0,100.0,36.1,11.0,102.0,6.8,168.0,1.0,15.3,4.1,0,0,0,0,Never,Moderate,2,3.7,3,2,1,12,2025-05-11,0
P104658,48,Female,30.8,144.0,81.0,84.0,94.8,37.0,15.0,124.0,7.6,191.0,1.02,12.9,7.0,0,0,0,0,Never,Low,1,2.8,3,0,1,15,2024-11-13,0
P104659,54,Female,39.7,165.0,51.0,82.0,97.6,37.3,12.0,97.0,6.8,199.0,1.35,11.5,7.2,0,0,0,0,Never,High,0,1.7,4,0,1,6,2024-11-02,0
P104660,78,Male,29.6,119.0,71.0,58.0,94.4,36.2,19.0,100.0,4.9,255.0,0.84,14.6,5.0,0,0,0,1,Never,Moderate,0,2.0,8,1,1,14,2025-03-04,0
P104661,60,Female,23.5,143.0,88.0,79.0,94.8,36.7,16.0,93.0,6.5,192.0,1.17,17.1,6.4,1,0,0,0,Never,Low,1,2.5,2,2,0,7,2025-12-12,0
P104662,29,Male,24.2,118.0,93.0,92.0,94.0,36.0,19.0,167.0,4.0,276.0,,14.6,6.0,0,0,0,0,Current,High,1,3.3,5,0,2,2,2025-11-01,0
P104663,45,Male,27.5,140.0,89.0,78.0,98.2,36.4,20.0,94.0,5.7,181.0,1.1,17.5,6.0,0,1,0,0,Former,High,1,1.3,8,2,0,11,2025-02-13,0
P104664,40,Male,24.2,127.0,81.0,60.0,94.9,36.7,20.0,150.0,5.3,187.0,0.91,13.2,8.5,0,1,0,0,Current,Moderate,1,7.2,2,0,1,2,2025-11-30,0
P104665,78,Female,24.6,144.0,103.0,72.0,98.8,37.0,15.0,102.0,6.7,231.0,0.98,15.4,7.9,1,0,0,0,Former,Moderate,1,1.7,5,4,1,1,2024-03-07,0
P104666,40,Female,32.6,107.0,91.0,83.0,95.5,35.7,20.0,91.0,4.9,268.0,1.12,12.4,8.9,0,0,0,0,Current,Moderate,1,1.0,3,0,1,19,2025-12-02,0
P104667,28,Female,32.8,143.0,77.0,98.0,96.7,37.5,15.0,122.0,4.8,185.0,0.55,12.0,11.2,0,0,0,0,Never,Low,0,1.8,4,0,1,15,2024-09-26,0
P104668,71,Male,18.9,138.0,105.0,53.0,97.2,36.7,20.0,70.0,6.5,242.0,1.45,13.2,9.2,1,0,0,0,Former,Moderate,1,6.9,3,2,2,1,2024-12-16,0
P104669,49,Male,23.2,134.0,71.0,80.0,93.6,37.4,22.0,135.0,6.8,227.0,1.03,14.1,3.9,0,1,0,0,Current,High,1,3.6,6,1,1,17,2024-08-02,1
P104670,24,Female,25.1,162.0,66.0,65.0,96.9,37.1,21.0,103.0,5.5,166.0,0.77,14.7,5.7,0,0,0,0,Never,Moderate,1,1.6,0,1,0,17,2025-03-30,0
P104671,68,Female,30.6,128.0,79.0,82.0,97.1,37.2,17.0,96.0,8.1,194.0,1.16,12.5,9.7,1,0,0,0,Former,High,1,3.1,5,0,1,4,2024-02-26,0
P104672,33,Female,33.4,136.0,73.0,83.0,98.6,37.8,20.0,82.0,5.3,193.0,0.75,14.8,6.2,0,1,0,0,Current,High,1,1.0,4,1,0,11,2025-05-09,0
P104673,81,Male,41.6,137.0,80.0,73.0,94.8,36.4,13.0,187.0,6.8,156.0,1.12,13.5,6.1,0,0,0,1,Former,Low,1,2.5,4,0,2,15,2024-03-20,0
P104674,78,Male,25.1,139.0,92.0,84.0,95.0,36.9,12.0,116.0,6.4,201.0,1.11,14.5,7.7,1,0,0,0,Never,Moderate,1,2.8,9,2,0,19,2024-01-02,1
P104675,44,Male,25.3,169.0,81.0,90.0,97.7,36.3,20.0,108.0,,198.0,1.33,13.8,6.4,0,0,0,0,Former,Moderate,1,9.2,4,1,0,20,2025-11-24,0
P104676,58,Female,30.6,134.0,82.0,74.0,99.0,36.7,23.0,144.0,7.1,209.0,1.1,15.9,10.4,0,0,0,0,Never,High,0,9.5,5,2,2,7,2025-02-24,0
P104677,59,Male,24.0,123.0,83.0,60.0,95.4,37.2,14.0,84.0,5.1,198.0,0.71,15.4,6.7,0,0,0,0,Current,Moderate,0,3.5,7,1,0,22,2025-06-09,1
P104678,65,Female,26.8,166.0,60.0,93.0,94.3,37.4,18.0,154.0,4.1,,1.21,13.6,11.8,1,0,0,0,Current,Low,2,2.4,11,1,2,9,2024-01-15,1
P104679,23,Male,25.3,124.0,65.0,86.0,95.9,36.6,20.0,106.0,5.4,288.0,1.12,14.2,5.9,0,0,0,0,Never,Low,0,2.2,6,1,1,21,2025-02-06,0
P104680,41,Male,16.0,104.0,78.0,83.0,94.7,36.2,16.0,62.0,5.5,203.0,0.52,13.7,5.7,0,0,0,0,Former,Moderate,2,4.2,10,1,0,27,2024-04-18,0
P104681,30,Female,28.1,117.0,72.0,68.0,97.2,36.8,17.0,90.0,6.5,244.0,0.61,11.7,5.3,0,0,0,0,Current,High,0,1.9,5,2,1,12,2024-03-03,0
P104682,68,Male,26.6,113.0,81.0,88.0,94.6,36.4,20.0,77.0,4.9,212.0,1.62,16.6,5.4,0,1,0,0,Never,Moderate,0,1.9,5,0,1,27,2025-04-28,0
P104683,23,Male,34.1,98.0,94.0,101.0,98.3,36.5,18.0,110.0,5.9,252.0,0.83,12.2,8.4,0,0,0,0,Former,High,2,1.9,6,1,1,13,2025-10-09,0
P104684,55,Female,27.5,126.0,82.0,75.0,96.9,37.1,18.0,85.0,6.2,166.0,0.93,12.7,4.3,0,0,0,0,Never,High,1,2.1,5,1,0,9,2025-08-07,0
P104685,71,Male,21.0,133.0,70.0,77.0,98.3,37.0,15.0,84.0,6.3,192.0,1.05,15.9,5.0,0,1,1,0,Never,High,4,3.9,5,0,0,32,2024-01-25,0
P104686,87,Female,26.2,157.0,76.0,63.0,92.1,37.2,18.0,129.0,7.2,178.0,0.93,10.7,8.0,1,1,0,0,Current,Low,2,2.0,12,2,2,11,2024-04-26,1
P104687,39,Male,16.6,141.0,98.0,67.0,93.3,36.6,17.0,112.0,5.6,173.0,0.47,14.9,2.7,0,1,1,0,Never,Low,0,4.4,7,0,0,19,2025-12-06,0
P104688,18,Male,21.2,138.0,95.0,63.0,98.8,37.3,17.0,149.0,5.5,205.0,0.59,13.3,4.1,0,0,0,0,Never,High,1,1.5,2,2,1,20,2025-10-04,0
P104689,70,Male,30.8,119.0,89.0,78.0,95.2,36.8,16.0,156.0,6.4,186.0,0.88,14.6,6.9,0,0,0,0,Never,Moderate,0,6.1,7,1,1,23,2025-03-16,1
P104690,18,Male,26.2,143.0,64.0,72.0,93.9,36.7,18.0,108.0,5.3,141.0,0.76,14.3,7.8,0,0,0,0,Never,Low,0,3.6,6,0,0,17,2024-10-11,1
P104691,22,Male,32.3,152.0,83.0,80.0,96.1,36.3,15.0,124.0,4.2,183.0,0.7,11.2,6.3,0,0,0,0,Current,Moderate,0,4.7,2,0,0,16,2024-06-17,0
P104692,90,Female,17.3,144.0,88.0,65.0,96.9,35.8,18.0,70.0,5.9,180.0,0.7,14.2,7.9,0,0,0,0,Former,Low,0,5.5,6,3,0,1,2025-06-16,1
P104693,80,Male,26.2,143.0,84.0,74.0,96.2,36.0,17.0,142.0,5.9,228.0,0.94,13.1,5.3,0,0,0,0,Former,High,0,2.4,4,2,1,18,2024-05-18,0
P104694,69,Male,25.0,113.0,77.0,65.0,97.3,36.9,15.0,130.0,5.5,140.0,1.37,13.8,10.0,0,1,0,0,Former,High,0,4.5,5,0,0,22,2024-07-18,0
P104695,78,Female,32.5,153.0,80.0,78.0,97.1,36.3,11.0,150.0,5.9,176.0,0.9,13.3,8.8,0,1,1,0,Current,High,1,5.2,7,3,1,10,2024-12-27,1
P104696,23,Male,31.0,159.0,74.0,56.0,97.0,36.0,21.0,96.0,5.6,166.0,0.87,15.2,5.4,0,0,0,0,Never,Low,0,2.8,6,0,0,10,2025-10-26,0
P104697,24,Male,30.8,134.0,69.0,78.0,98.9,36.6,21.0,97.0,5.2,223.0,1.33,15.3,6.6,0,0,0,0,Never,Moderate,0,1.0,3,2,0,28,2024-07-04,0
P104698,39,Female,35.5,121.0,95.0,73.0,96.5,36.9,15.0,100.0,6.4,174.0,0.77,14.4,3.1,0,0,0,0,Former,Low,0,2.2,5,0,0,25,2024-12-18,0
P104699,19,Female,25.6,126.0,89.0,78.0,96.4,37.0,20.0,157.0,6.2,235.0,1.76,9.5,8.9,0,0,0,0,Former,Moderate,1,1.0,6,0,3,11,2024-07-09,1
P104700,82,Male,34.4,129.0,81.0,56.0,97.9,36.8,14.0,128.0,4.0,193.0,1.35,15.3,4.4,0,1,0,0,Never,Low,1,3.4,6,2,0,7,2024-07-01,0
P104701,22,Male,22.1,123.0,84.0,84.0,97.5,36.8,17.0,55.0,4.2,214.0,0.94,14.6,5.9,0,0,1,0,Never,High,1,4.6,5,0,0,26,2024-01-13,0
P104702,57,Male,21.9,144.0,86.0,72.0,94.9,36.5,16.0,136.0,4.0,237.0,0.95,13.8,6.4,0,1,0,0,Never,Moderate,2,3.0,6,2,0,14,2025-04-30,0
P104703,80,Female,31.4,140.0,107.0,79.0,96.3,37.1,17.0,101.0,5.9,149.0,1.47,13.6,4.2,0,0,1,0,Never,High,0,2.3,8,3,1,1,2024-06-06,1
P104704,71,Male,19.7,152.0,92.0,54.0,97.3,36.7,20.0,154.0,5.7,186.0,0.87,16.0,5.3,0,0,0,0,Never,Low,1,1.8,3,4,1,7,2025-01-15,1
P104705,35,Female,30.5,137.0,89.0,61.0,95.4,36.8,17.0,128.0,5.8,211.0,0.83,11.9,7.7,1,0,0,0,Current,Moderate,1,1.0,5,0,0,15,2024-04-05,0
P104706,52,Male,28.0,118.0,82.0,71.0,95.5,37.3,17.0,156.0,6.6,203.0,1.46,16.7,6.0,0,0,0,0,Never,High,1,5.2,5,1,3,5,2024-03-05,1
P104707,58,Male,33.1,124.0,78.0,93.0,94.0,37.2,21.0,150.0,5.9,146.0,0.92,16.3,8.7,0,0,0,0,Never,Low,0,2.5,8,3,1,14,2024-07-22,0
P104708,74,Female,27.2,125.0,97.0,82.0,91.3,36.7,18.0,149.0,5.5,221.0,0.94,13.8,8.5,0,1,0,0,Never,Moderate,3,10.9,7,0,1,32,2024-05-08,1
P104709,49,Male,27.8,129.0,88.0,78.0,95.8,36.6,16.0,152.0,5.8,197.0,0.81,12.8,5.3,0,0,0,0,Current,Low,0,3.7,11,0,1,10,2024-09-08,0
P104710,38,Male,30.1,161.0,73.0,65.0,96.7,36.6,19.0,138.0,5.2,200.0,0.42,17.8,6.1,0,0,0,0,Never,Low,1,5.8,2,1,0,14,2024-07-19,1
P104711,76,Female,24.1,168.0,88.0,63.0,94.5,35.8,21.0,92.0,4.8,187.0,1.36,13.6,6.1,0,1,0,0,Former,High,2,1.8,4,1,0,22,2024-02-09,0
P104712,82,Female,23.8,150.0,92.0,79.0,99.0,37.3,22.0,78.0,7.0,90.0,1.08,13.4,6.2,0,0,0,1,Never,Low,1,7.8,8,3,1,15,2025-09-06,1
P104713,53,Male,30.0,134.0,61.0,84.0,94.6,36.5,13.0,83.0,6.2,216.0,1.31,14.8,9.9,0,1,0,0,Never,Moderate,3,1.4,8,2,0,20,2024-08-01,0
P104714,20,Female,27.3,105.0,71.0,79.0,98.1,37.2,14.0,132.0,6.7,217.0,0.86,14.0,7.4,0,0,0,0,Never,Moderate,0,2.1,4,0,1,26,2025-03-11,0
P104715,54,Female,25.4,136.0,86.0,97.0,97.3,36.8,21.0,55.0,4.7,179.0,0.89,14.6,3.7,0,0,0,0,Never,Low,1,4.9,5,1,0,7,2024-12-29,0
P104716,82,Female,27.1,122.0,65.0,68.0,100.0,37.5,17.0,117.0,4.7,139.0,0.91,13.2,5.7,1,0,0,0,Current,High,1,3.3,4,1,0,18,2024-03-20,0
P104717,90,Male,35.8,165.0,67.0,78.0,97.5,37.1,10.0,110.0,5.4,175.0,1.31,12.7,6.1,0,1,0,1,Never,Low,2,1.9,4,2,0,10,2025-12-29,1
P104718,47,Female,,104.0,79.0,56.0,93.9,37.3,15.0,154.0,6.1,233.0,0.77,14.8,7.8,0,0,0,0,Never,Moderate,1,1.7,7,0,1,8,2024-05-03,0
P104719,28,Male,25.0,136.0,86.0,79.0,98.4,36.5,16.0,104.0,6.3,180.0,1.04,13.4,10.6,0,0,0,0,Never,Low,0,2.3,5,0,0,23,2025-03-30,0
P104720,59,Female,18.6,118.0,88.0,94.0,99.6,36.2,17.0,101.0,6.2,196.0,1.04,11.7,8.6,0,0,0,1,Never,Low,0,1.8,6,2,0,10,2024-05-11,0
P104721,78,Female,27.3,135.0,100.0,64.0,93.3,36.9,21.0,163.0,6.3,182.0,0.79,13.1,6.8,0,0,1,0,Never,Moderate,3,6.0,9,4,1,4,2025-06-19,1
P104722,86,Male,30.9,148.0,85.0,86.0,97.7,35.8,15.0,115.0,7.0,207.0,0.98,13.9,5.3,0,1,0,0,Current,High,0,4.0,8,0,1,17,2025-02-25,1
P104723,21,Female,31.8,146.0,77.0,93.0,98.0,36.6,21.0,98.0,5.0,145.0,0.92,13.8,9.8,0,0,0,0,Never,High,0,1.0,1,1,0,9,2025-01-30,0
P104724,39,Male,28.1,130.0,68.0,68.0,96.1,36.2,19.0,93.0,6.6,187.0,0.88,15.5,6.4,0,0,0,0,Former,Low,1,4.4,3,0,1,29,2025-12-30,0
P104725,52,Male,32.5,145.0,78.0,82.0,92.1,36.4,13.0,122.0,7.6,237.0,1.54,13.9,4.2,0,0,0,0,Current,High,0,1.0,7,2,2,12,2024-11-03,0
P104726,25,Female,31.3,118.0,88.0,95.0,96.0,37.1,17.0,96.0,4.5,160.0,0.99,13.4,7.7,0,0,0,0,Never,Moderate,1,2.2,2,2,0,12,2024-02-06,0
P104727,82,Female,33.3,140.0,91.0,79.0,95.5,37.1,20.0,106.0,6.0,185.0,1.04,12.5,4.5,0,0,0,0,Never,Moderate,5,5.3,9,0,0,17,2024-11-03,1
P104728,26,Female,32.6,146.0,83.0,85.0,99.3,36.7,18.0,158.0,4.3,235.0,0.83,14.4,8.3,0,0,0,0,Never,Moderate,0,6.1,4,0,1,22,2024-02-22,0
P104729,66,Female,35.7,140.0,88.0,55.0,96.3,37.0,19.0,117.0,5.1,,0.98,13.9,6.2,0,0,0,0,Never,Moderate,1,1.7,7,1,0,9,2024-01-18,0
P104730,85,Female,26.6,127.0,97.0,83.0,95.8,36.5,16.0,103.0,6.6,212.0,0.93,14.3,6.4,0,1,0,0,Never,Low,2,1.1,7,1,1,3,2024-11-24,1
P104731,68,Male,20.6,129.0,84.0,82.0,95.4,38.0,20.0,80.0,4.5,210.0,0.82,14.2,2.0,0,0,0,0,Former,High,3,2.9,5,1,0,18,2024-06-04,1
P104732,73,Female,31.0,152.0,97.0,60.0,97.1,37.0,17.0,123.0,5.4,209.0,1.24,13.6,9.2,0,0,0,0,Never,Low,1,1.0,5,2,0,20,2025-10-03,0
P104733,37,Male,31.6,112.0,74.0,64.0,96.6,36.5,27.0,90.0,6.6,186.0,1.39,15.4,4.6,0,0,0,0,Never,Moderate,1,5.4,1,2,1,12,2025-11-18,0
P104734,78,Male,35.7,119.0,83.0,83.0,95.1,37.2,13.0,104.0,6.3,237.0,0.96,15.7,5.6,0,0,0,0,Never,High,1,3.8,8,1,0,9,2025-06-11,0
P104735,48,Male,34.2,142.0,77.0,72.0,97.0,37.4,27.0,82.0,6.5,177.0,1.11,15.6,7.4,1,0,0,0,Never,Moderate,1,1.8,7,0,0,35,2024-04-27,0
P104736,22,Male,37.6,121.0,88.0,89.0,95.5,36.4,15.0,114.0,4.3,157.0,0.73,14.4,6.7,0,0,0,0,Never,Low,1,4.6,2,0,0,11,2024-09-23,1
P104737,44,Male,30.7,107.0,71.0,80.0,91.8,36.1,22.0,65.0,5.8,142.0,1.01,12.9,11.6,0,0,0,0,Never,Moderate,1,1.2,2,0,1,12,2024-01-19,0
P104738,43,Female,28.7,154.0,78.0,77.0,97.7,36.2,21.0,125.0,7.4,172.0,0.61,14.0,3.6,0,0,0,0,Never,High,0,1.7,3,1,1,15,2024-02-16,0
P104739,56,Female,20.3,114.0,64.0,74.0,97.5,36.5,15.0,94.0,,171.0,0.78,13.9,6.2,0,0,0,0,Never,Moderate,0,3.1,4,1,0,13,2024-03-28,0
P104740,37,Male,29.1,127.0,87.0,80.0,96.9,36.8,20.0,135.0,5.2,168.0,0.71,13.0,8.6,0,0,0,0,Never,Low,0,2.7,4,1,0,22,2024-01-28,1
P104741,51,Male,24.6,122.0,95.0,86.0,95.7,36.0,16.0,129.0,6.3,150.0,0.96,15.9,6.1,1,0,0,0,Never,High,1,7.8,4,0,0,26,2024-03-19,0
P104742,49,Female,28.6,127.0,91.0,82.0,96.4,36.6,19.0,115.0,5.0,209.0,0.67,13.4,7.0,1,1,1,0,Never,Low,2,1.9,6,1,0,14,2025-03-12,1
P104743,41,Male,27.8,116.0,90.0,71.0,98.0,36.7,19.0,140.0,6.3,159.0,0.4,14.4,12.2,1,0,0,0,Current,Low,0,1.0,6,1,1,1,2025-11-21,0
P104744,68,Female,30.0,146.0,91.0,91.0,95.4,37.0,17.0,170.0,4.4,216.0,0.67,13.5,7.1,0,1,0,0,Former,Moderate,0,6.9,5,0,1,15,2025-03-31,0
P104745,40,Female,27.0,133.0,88.0,84.0,98.0,37.1,16.0,155.0,4.0,222.0,0.92,,9.8,0,0,0,0,Never,Low,0,10.7,4,0,1,23,2025-02-03,0
P104746,73,Male,32.4,151.0,90.0,81.0,93.8,37.0,19.0,70.0,6.4,293.0,0.85,16.9,8.3,0,0,0,1,Former,Low,1,6.2,7,2,1,15,2025-07-23,1
P104747,36,Female,16.0,120.0,88.0,77.0,96.8,37.7,15.0,88.0,4.8,178.0,0.8,13.1,8.5,0,0,0,0,Former,Moderate,0,1.1,3,0,0,22,2024-06-17,0
P104748,81,Female,28.5,172.0,77.0,82.0,96.5,37.3,15.0,101.0,5.7,189.0,1.17,12.9,6.6,0,1,0,1,Former,High,3,3.9,11,0,0,14,2024-09-09,1
P104749,44,Female,33.8,99.0,80.0,54.0,98.3,36.9,21.0,133.0,6.5,167.0,0.75,14.1,3.7,0,0,0,0,Never,Low,2,3.3,7,0,0,26,2024-12-07,0
P104750,20,Male,37.2,101.0,81.0,79.0,94.8,36.3,19.0,88.0,6.0,150.0,0.89,12.6,9.2,0,0,0,0,Never,High,1,4.9,6,0,0,19,2024-09-17,0
P104751,28,Female,31.3,159.0,77.0,96.0,95.0,36.5,13.0,88.0,4.4,179.0,1.53,14.5,8.1,0,0,0,1,Former,Moderate,1,2.4,5,2,1,14,2024-02-20,0
P104752,76,Female,36.3,143.0,68.0,79.0,94.0,36.1,14.0,91.0,6.6,166.0,0.97,11.2,8.1,1,1,0,1,Never,High,0,2.3,15,2,1,18,2025-09-12,1
P104753,81,Male,28.4,142.0,72.0,77.0,95.5,36.9,11.0,128.0,5.9,150.0,1.04,12.5,6.7,0,1,0,0,Never,Moderate,2,1.6,4,4,0,13,2024-03-22,1
P104754,33,Female,,137.0,83.0,69.0,97.0,37.0,21.0,131.0,6.0,204.0,1.06,15.5,5.7,0,0,0,0,Current,Moderate,1,6.9,3,1,0,21,2024-08-13,0
P104755,61,Female,30.3,143.0,92.0,82.0,93.3,37.2,20.0,72.0,5.9,154.0,0.8,10.1,9.6,0,0,0,0,Former,Low,1,1.0,5,0,1,12,2024-06-20,0
P104756,59,Male,27.5,138.0,83.0,74.0,95.7,36.9,14.0,96.0,4.6,217.0,0.86,16.6,7.7,1,0,0,0,Never,Moderate,1,1.0,7,0,0,14,2025-10-04,1
P104757,27,Male,23.4,113.0,108.0,92.0,97.6,37.3,20.0,55.0,4.9,228.0,0.9,16.9,3.3,0,0,0,0,Former,High,0,2.6,3,0,0,17,2025-04-02,0
P104758,50,Female,24.8,146.0,73.0,66.0,96.3,37.3,25.0,55.0,4.0,162.0,1.05,13.7,6.9,0,0,0,0,Never,Moderate,0,8.4,11,2,0,20,2024-10-28,0
P104759,68,Male,21.7,145.0,88.0,71.0,96.6,36.3,13.0,132.0,6.2,248.0,0.79,15.5,6.4,1,0,1,1,Current,Moderate,2,4.8,3,2,1,1,2025-12-24,0
P104760,88,Female,30.2,161.0,97.0,69.0,93.8,36.5,16.0,130.0,6.6,210.0,1.27,10.8,2.0,0,0,0,0,Never,Moderate,0,3.2,10,2,2,4,2024-10-04,0
P104761,79,Male,27.6,165.0,94.0,98.0,96.3,36.8,13.0,123.0,5.5,192.0,1.52,13.9,5.5,0,0,0,1,Former,Low,0,4.1,5,3,1,1,2024-01-26,1
P104762,25,Female,25.6,135.0,87.0,74.0,96.6,36.4,21.0,163.0,5.4,127.0,0.4,13.7,12.2,0,0,0,0,Never,Low,0,3.7,4,0,2,15,2025-01-29,0
P104763,35,Female,24.6,109.0,92.0,69.0,96.2,36.7,18.0,55.0,4.7,130.0,1.06,13.7,2.3,0,0,0,0,Former,High,0,4.8,4,0,0,9,2024-11-08,0
P104764,49,Female,30.1,162.0,82.0,51.0,96.8,37.0,17.0,55.0,6.9,255.0,0.97,13.9,4.7,0,1,0,0,Never,Moderate,2,2.3,2,1,2,2,2024-07-14,0
P104765,28,Female,31.6,112.0,97.0,65.0,95.9,36.7,19.0,69.0,4.4,245.0,0.85,13.7,2.1,1,0,0,0,Never,High,1,8.8,4,0,1,9,2025-01-05,0
P104766,59,Male,21.6,139.0,95.0,82.0,95.7,36.8,16.0,55.0,5.6,256.0,1.12,14.6,3.8,1,0,0,0,Never,High,1,3.8,7,0,1,16,2025-01-08,0
P104767,18,Male,20.8,124.0,72.0,82.0,94.6,36.3,17.0,85.0,4.2,266.0,1.29,12.8,3.3,0,0,0,0,Current,High,1,4.2,2,0,1,19,2024-07-31,0
P104768,26,Female,32.5,122.0,84.0,68.0,98.3,37.1,19.0,128.0,5.7,247.0,1.0,13.7,4.6,0,0,0,0,Never,Low,0,3.0,7,0,1,11,2025-04-06,0
P104769,21,Female,20.3,142.0,65.0,69.0,94.3,37.0,16.0,117.0,6.4,204.0,1.18,11.5,10.4,0,0,0,0,Never,Moderate,0,1.0,5,0,0,17,2024-05-11,0
P104770,39,Male,30.3,135.0,97.0,98.0,96.8,36.4,16.0,146.0,4.0,216.0,0.96,14.1,8.8,0,0,0,0,Never,Moderate,0,3.5,4,1,1,22,2024-12-06,0
P104771,73,Female,35.9,143.0,86.0,108.0,99.8,36.2,17.0,129.0,6.7,169.0,1.17,15.3,6.5,0,0,0,0,Former,Moderate,0,3.0,9,1,1,10,2025-10-22,1
P104772,30,Female,35.9,116.0,94.0,90.0,98.5,37.4,18.0,94.0,7.0,204.0,0.79,10.9,10.3,0,0,0,0,Never,High,0,3.8,1,2,2,12,2024-10-12,0
P104773,90,Male,31.3,134.0,83.0,95.0,97.4,37.7,20.0,101.0,6.4,223.0,1.13,14.4,6.0,1,1,0,0,Current,High,0,1.5,2,2,0,27,2025-08-20,0
P104774,37,Male,31.2,117.0,63.0,97.0,96.9,36.9,20.0,125.0,5.0,224.0,0.88,15.9,5.1,0,0,0,0,Never,Low,2,4.1,5,1,0,18,2025-04-06,0
P104775,21,Female,39.2,125.0,107.0,103.0,96.3,36.6,13.0,55.0,5.4,190.0,0.94,14.2,6.1,0,0,0,0,Never,Moderate,0,2.0,1,0,0,23,2025-08-29,0
P104776,42,Female,16.0,129.0,83.0,72.0,94.9,37.3,23.0,55.0,5.2,118.0,0.51,13.7,3.8,0,0,0,0,Current,High,1,8.7,4,1,0,25,2025-08-23,0
P104777,72,Male,25.1,166.0,73.0,65.0,96.0,37.0,18.0,130.0,7.8,137.0,0.75,13.6,3.2,0,0,0,0,Never,High,0,1.0,6,2,1,31,2024-09-14,0
P104778,25,Female,31.9,125.0,92.0,98.0,97.5,36.7,17.0,116.0,6.3,213.0,1.26,15.2,8.3,0,0,0,0,Never,Low,1,3.3,5,2,0,24,2024-05-15,0
P104779,23,Female,25.7,93.0,101.0,64.0,97.2,37.3,15.0,162.0,6.3,176.0,1.31,11.4,7.7,0,0,0,0,Former,Low,0,3.7,2,5,1,21,2024-06-04,0
P104780,80,Male,33.9,159.0,82.0,64.0,97.9,36.4,25.0,142.0,8.1,220.0,0.61,15.6,4.4,0,0,0,0,Never,Moderate,0,3.4,9,0,2,5,2025-05-22,1
P104781,61,Male,27.3,141.0,82.0,64.0,98.7,36.5,26.0,125.0,7.1,149.0,0.87,14.8,7.9,0,0,0,0,Never,Moderate,2,1.7,9,0,1,24,2024-07-26,0
P104782,43,Female,28.2,129.0,84.0,74.0,96.2,37.0,25.0,100.0,5.6,247.0,0.77,12.0,8.0,0,0,1,0,Never,High,2,6.5,7,0,1,19,2025-06-25,0
P104783,73,Male,26.1,127.0,72.0,52.0,96.8,36.9,18.0,88.0,,159.0,1.14,14.0,5.8,1,0,0,0,Never,High,0,1.0,10,1,0,25,2025-08-01,0
P104784,79,Male,24.8,119.0,77.0,59.0,93.1,37.1,19.0,107.0,8.3,251.0,1.06,17.3,5.1,0,0,0,0,Never,High,3,2.3,3,1,2,19,2024-08-07,0
P104785,44,Male,24.7,164.0,99.0,69.0,100.0,37.4,23.0,144.0,5.1,136.0,1.17,12.9,8.6,0,0,0,0,Current,Low,0,3.8,1,2,1,13,2025-11-29,0
P104786,58,Female,28.9,134.0,81.0,62.0,95.8,36.0,17.0,130.0,5.7,218.0,0.65,10.6,7.9,0,0,1,0,Never,Moderate,1,3.8,3,2,1,8,2024-04-25,1
P104787,18,Male,23.5,99.0,72.0,89.0,97.7,36.8,20.0,139.0,4.5,160.0,1.0,13.6,10.5,0,0,0,0,Current,High,0,1.0,6,0,0,11,2024-05-27,0
P104788,40,Female,32.5,136.0,77.0,76.0,95.8,37.8,19.0,114.0,4.0,195.0,0.88,13.8,7.9,0,0,0,0,Former,Moderate,1,8.6,4,0,0,19,2024-12-01,0
P104789,61,Female,30.9,154.0,93.0,83.0,95.7,36.5,25.0,82.0,5.1,236.0,0.83,15.3,3.5,1,0,1,0,Current,Low,1,1.5,8,2,0,6,2024-10-26,1
P104790,32,Male,33.2,132.0,61.0,82.0,96.1,36.4,23.0,149.0,4.8,229.0,1.07,14.6,3.9,1,0,0,0,Former,Moderate,0,1.0,5,1,1,14,2024-04-18,0
P104791,90,Male,21.6,121.0,87.0,74.0,94.3,35.7,18.0,157.0,5.7,164.0,1.05,12.2,6.6,0,0,0,0,Current,Moderate,0,6.3,3,2,1,19,2025-05-20,1
P104792,88,Male,18.7,120.0,109.0,88.0,92.0,36.9,23.0,125.0,6.8,172.0,1.09,14.7,8.6,1,0,0,1,Former,High,4,5.3,4,3,1,6,2024-07-27,1
P104793,36,Male,27.5,115.0,101.0,81.0,98.6,37.1,18.0,129.0,5.6,135.0,1.33,15.9,7.6,0,0,0,0,Never,High,1,2.6,5,2,0,6,2024-08-20,0
P104794,46,Female,42.6,157.0,87.0,72.0,97.5,37.1,16.0,129.0,6.7,,1.01,13.7,5.8,0,0,0,0,Former,Low,0,3.1,2,1,1,22,2024-08-15,1
P104795,31,Female,34.1,129.0,94.0,56.0,94.9,36.3,17.0,92.0,5.7,163.0,1.49,13.9,3.6,1,0,0,0,Current,Moderate,1,4.2,4,1,1,5,2025-01-14,0
P104796,54,Female,24.6,104.0,95.0,82.0,97.3,36.8,19.0,104.0,6.0,163.0,0.4,10.4,9.9,0,0,1,0,Current,Low,0,3.8,5,2,1,8,2024-01-22,1
P104797,27,Female,29.7,136.0,79.0,61.0,98.0,36.9,15.0,76.0,5.3,138.0,0.93,,9.8,0,0,0,0,Former,Low,0,2.5,2,0,0,15,2024-05-28,0
P104798,46,Female,31.3,134.0,91.0,81.0,95.3,36.8,16.0,102.0,7.5,187.0,0.68,13.0,4.2,0,0,0,0,Current,High,0,4.2,8,1,1,14,2024-01-22,0
P104799,58,Female,20.4,125.0,100.0,77.0,97.2,36.3,13.0,150.0,5.5,194.0,0.76,14.9,8.3,0,0,0,0,Never,Low,0,1.8,6,2,1,11,2025-08-12,0
P104800,62,Female,34.6,116.0,70.0,60.0,98.3,36.8,15.0,144.0,6.8,194.0,0.85,12.0,7.5,1,0,0,0,Never,Moderate,1,10.2,6,0,2,15,2025-09-28,1
P104801,61,Male,26.6,115.0,88.0,79.0,93.9,36.4,19.0,134.0,4.9,165.0,1.29,14.9,8.4,0,0,1,0,Never,Moderate,0,6.6,8,1,0,15,2024-04-03,0
P104802,34,Female,27.0,149.0,85.0,78.0,97.5,35.9,22.0,143.0,5.4,173.0,0.84,13.4,10.0,0,0,0,0,Former,Low,0,1.2,3,4,1,1,2024-01-07,0
P104803,75,Male,27.6,139.0,85.0,78.0,97.2,37.1,21.0,104.0,7.9,183.0,0.76,13.0,9.9,0,1,0,0,Never,Low,2,3.6,4,0,1,19,2025-05-02,0
P104804,68,Female,33.5,142.0,83.0,78.0,99.9,36.9,20.0,74.0,6.6,226.0,1.24,12.1,8.0,0,1,0,0,Never,Moderate,1,2.8,3,1,1,1,2025-01-28,0
P104805,72,Male,23.6,139.0,86.0,68.0,97.5,37.1,13.0,110.0,4.8,169.0,0.73,14.6,6.5,0,0,0,0,Never,Moderate,2,7.0,3,0,0,31,2024-08-06,0
P104806,52,Female,18.6,138.0,85.0,83.0,95.8,36.5,15.0,110.0,4.9,131.0,1.47,12.7,6.4,0,0,0,0,Never,Moderate,0,5.7,6,3,1,11,2024-01-29,0
P104807,83,Female,29.2,128.0,95.0,68.0,96.0,37.1,17.0,142.0,7.6,183.0,0.74,14.4,6.6,0,0,1,0,Former,Moderate,2,6.6,4,2,2,13,2024-08-26,1
P104808,46,Male,16.9,128.0,87.0,63.0,100.0,37.3,21.0,129.0,5.8,178.0,0.91,14.0,12.5,0,0,0,0,Never,Low,0,2.2,10,0,1,35,2025-11-20,0
P104809,76,Female,25.9,155.0,82.0,84.0,95.9,37.7,16.0,152.0,5.9,134.0,1.62,14.5,7.1,0,0,1,0,Former,Moderate,2,4.2,7,0,2,13,2025-12-06,1
P104810,32,Female,33.7,154.0,73.0,87.0,97.6,37.2,14.0,55.0,4.9,180.0,0.86,12.7,8.6,0,0,0,0,Never,Moderate,1,4.0,2,0,0,15,2024-06-13,0
P104811,36,Female,30.5,110.0,76.0,83.0,96.1,37.0,23.0,82.0,5.3,161.0,1.08,13.2,7.8,0,0,0,0,Never,High,1,4.5,5,2,0,16,2024-06-14,1
P104812,56,Male,32.9,129.0,85.0,74.0,98.4,36.1,15.0,110.0,7.1,192.0,0.99,15.8,5.0,0,0,0,1,Current,Low,0,3.5,1,1,1,20,2024-10-13,0
P104813,58,Female,30.7,147.0,75.0,53.0,98.5,36.7,14.0,130.0,5.3,211.0,1.02,13.0,8.0,0,0,0,0,Former,Moderate,0,1.7,7,2,0,14,2025-05-08,1
P104814,72,Female,40.0,167.0,93.0,94.0,96.5,36.1,19.0,189.0,5.5,175.0,0.84,12.6,5.7,0,1,0,0,Former,Moderate,0,1.0,2,3,1,4,2025-08-21,0
P104815,39,Male,24.4,161.0,86.0,53.0,95.8,36.4,18.0,76.0,6.2,214.0,1.09,14.5,5.1,0,0,0,0,Never,Moderate,3,4.2,3,0,0,16,2024-02-02,0
P104816,81,Male,29.6,122.0,95.0,83.0,95.7,37.8,16.0,93.0,5.2,183.0,1.46,15.9,8.2,0,0,0,0,Never,Low,2,3.8,2,0,1,15,2024-09-17,0
P104817,42,Female,25.2,153.0,75.0,101.0,93.4,36.3,18.0,96.0,4.9,185.0,0.43,13.7,4.5,0,0,0,0,Never,Low,0,1.6,4,1,0,15,2025-11-27,0
P104818,56,Male,,134.0,74.0,78.0,96.7,35.6,15.0,87.0,5.9,183.0,0.76,11.4,8.8,0,0,0,0,Former,Low,0,1.0,7,1,0,11,2025-08-06,0
P104819,86,Male,27.2,154.0,96.0,79.0,96.6,37.2,16.0,87.0,6.3,188.0,0.95,13.5,8.1,0,0,1,1,Never,Low,3,4.3,5,1,0,16,2025-09-14,1
P104820,57,Female,36.4,146.0,84.0,81.0,95.0,36.5,18.0,115.0,5.2,143.0,0.77,12.1,9.5,0,1,0,0,Former,Moderate,0,2.1,8,0,0,12,2025-02-10,0
P104821,67,Male,24.7,113.0,81.0,78.0,93.2,37.2,11.0,149.0,6.4,125.0,1.23,15.5,8.0,0,1,1,0,Former,Moderate,1,5.9,10,0,1,23,2024-05-22,1
P104822,84,Male,34.8,145.0,91.0,104.0,96.9,36.2,21.0,122.0,6.4,237.0,0.93,11.7,5.1,0,1,0,0,Current,Moderate,0,5.8,2,2,0,19,2024-05-20,1
P104823,89,Male,30.6,154.0,91.0,66.0,97.1,36.6,13.0,89.0,4.5,203.0,1.14,15.0,9.2,1,0,0,0,Former,Moderate,1,5.5,8,1,0,36,2025-01-23,1
P104824,54,Male,27.3,132.0,70.0,64.0,97.2,37.4,15.0,106.0,6.6,174.0,1.43,15.6,9.3,0,0,0,0,Never,Moderate,1,3.0,5,0,2,9,2025-04-18,0
P104825,48,Male,30.3,128.0,96.0,72.0,94.7,36.1,22.0,75.0,5.3,235.0,0.49,15.6,8.8,0,0,0,0,Never,Moderate,0,1.0,4,2,0,8,2024-01-13,0
P104826,32,Female,28.9,103.0,77.0,97.0,97.2,36.7,20.0,143.0,6.3,304.0,1.03,13.1,8.5,0,0,0,0,Never,Moderate,0,1.1,1,0,2,13,2025-07-08,0
P104827,57,Female,29.4,144.0,99.0,69.0,96.2,36.9,18.0,165.0,7.8,138.0,0.99,10.8,4.0,0,1,1,0,Never,Moderate,2,2.5,5,0,3,13,2024-09-09,1
P104828,85,Female,26.4,140.0,71.0,81.0,98.1,36.4,12.0,62.0,6.2,194.0,1.07,12.8,8.7,0,0,0,1,Never,Low,0,4.9,9,2,0,7,2025-10-07,1
P104829,53,Male,23.9,117.0,85.0,89.0,94.7,36.9,16.0,121.0,5.3,220.0,0.76,16.8,4.5,0,0,0,0,Former,Moderate,1,1.5,9,1,0,21,2025-07-02,0
P104830,43,Male,25.8,126.0,80.0,85.0,98.6,36.8,17.0,84.0,7.0,133.0,0.87,13.7,5.8,0,0,0,0,Never,Moderate,0,4.2,4,0,1,8,2025-02-15,0
P104831,25,Female,18.7,132.0,61.0,88.0,99.2,37.1,17.0,110.0,4.7,137.0,0.92,16.5,5.3,0,0,0,0,Never,Low,2,4.7,4,0,0,20,2024-12-01,0
P104832,46,Male,31.9,122.0,88.0,93.0,96.7,37.7,22.0,108.0,7.5,231.0,0.94,,3.9,0,0,0,0,Current,Low,3,3.5,4,0,1,14,2025-03-24,0
P104833,35,Female,21.1,130.0,62.0,80.0,97.2,38.1,25.0,62.0,5.2,193.0,1.15,13.0,7.4,0,0,0,0,Never,High,1,3.6,4,2,0,27,2024-08-10,0
P104834,89,Male,26.4,107.0,81.0,71.0,97.9,37.0,20.0,161.0,5.7,169.0,0.81,14.9,6.9,0,1,1,0,Former,High,1,2.6,4,3,1,7,2025-04-23,0
P104835,56,Female,30.9,156.0,93.0,78.0,94.7,36.7,16.0,108.0,8.0,133.0,0.63,13.8,9.7,0,0,0,0,Never,Moderate,0,1.3,7,2,1,13,2024-01-25,0
P104836,28,Female,31.9,130.0,75.0,72.0,95.6,37.0,22.0,92.0,5.9,207.0,0.4,12.3,9.4,0,0,0,0,Current,High,0,4.1,5,1,0,5,2025-05-23,0
P104837,22,Female,18.3,110.0,71.0,106.0,96.8,36.7,16.0,111.0,6.9,142.0,0.96,12.6,7.4,0,0,0,0,Current,High,1,3.6,4,0,1,11,2024-09-29,0
P104838,80,Male,27.0,94.0,92.0,70.0,100.0,36.0,10.0,87.0,6.1,156.0,1.3,17.6,8.6,1,0,0,1,Current,Low,1,2.0,9,1,0,16,2024-06-22,1
P104839,85,Male,29.9,154.0,82.0,82.0,94.3,36.8,14.0,112.0,6.1,159.0,0.78,16.8,6.8,0,0,0,0,Never,Low,0,5.6,5,1,0,22,2025-09-18,0
P104840,73,Female,27.8,144.0,79.0,58.0,99.4,37.3,10.0,55.0,4.0,182.0,0.72,12.6,6.8,1,0,0,1,Current,Moderate,0,1.8,7,1,0,15,2025-05-23,1
P104841,27,Male,34.5,133.0,93.0,78.0,96.2,36.1,17.0,55.0,6.4,153.0,1.46,13.4,7.3,0,0,0,0,Current,High,1,4.3,4,1,1,20,2024-07-22,0
P104842,25,Female,23.2,144.0,69.0,73.0,96.4,36.3,17.0,74.0,5.8,159.0,1.28,10.8,6.7,1,0,0,0,Never,Moderate,0,3.4,4,0,1,7,2025-07-23,0
P104843,32,Male,16.8,144.0,76.0,84.0,98.7,36.5,12.0,90.0,5.5,231.0,1.32,17.8,7.4,0,0,0,0,Former,High,0,9.1,6,0,0,19,2024-08-10,0
P104844,72,Female,31.7,138.0,92.0,84.0,100.0,37.0,15.0,55.0,6.6,201.0,1.16,14.7,8.3,1,0,0,0,Never,High,1,2.3,7,0,1,13,2024-07-27,0
P104845,73,Male,,130.0,71.0,93.0,97.3,38.0,13.0,99.0,6.1,196.0,1.27,16.5,4.6,0,0,0,0,Current,High,1,6.3,5,0,0,20,2024-04-17,0
P104846,79,Female,18.4,128.0,101.0,92.0,98.6,36.4,18.0,99.0,5.3,212.0,1.01,12.4,6.2,0,0,0,0,Never,Moderate,0,4.2,5,0,0,18,2024-09-12,0
P104847,25,Female,26.7,136.0,78.0,75.0,94.8,36.8,15.0,105.0,5.8,155.0,0.53,12.3,8.6,0,0,0,0,Never,Moderate,0,2.7,3,1,0,23,2024-03-11,0
P104848,29,Female,33.9,153.0,89.0,65.0,95.5,36.8,22.0,130.0,5.4,209.0,0.55,11.8,5.9,0,0,0,0,Former,Moderate,0,1.0,5,0,0,12,2025-07-05,0
P104849,83,Male,20.9,134.0,93.0,66.0,94.1,36.6,19.0,178.0,6.9,211.0,1.1,9.9,5.9,0,1,0,0,Former,Moderate,2,1.8,10,1,3,1,2024-04-01,1
P104850,85,Male,39.6,161.0,83.0,80.0,95.6,36.8,24.0,133.0,6.0,156.0,1.36,13.3,9.0,0,1,1,1,Former,Low,1,3.0,12,3,0,8,2024-07-24,1
P104851,70,Male,,141.0,78.0,78.0,97.5,36.6,16.0,81.0,5.6,218.0,1.01,15.1,5.5,1,0,0,0,Former,Low,1,3.5,7,2,0,11,2024-03-01,0
P104852,25,Female,,135.0,80.0,79.0,96.9,38.2,26.0,131.0,5.0,204.0,1.1,13.6,7.9,0,0,0,0,Never,Low,1,3.5,4,0,0,15,2025-10-07,0
P104853,23,Male,21.2,170.0,88.0,70.0,99.6,37.2,18.0,156.0,4.7,205.0,0.89,13.7,7.3,0,0,0,0,Current,Moderate,0,1.1,5,0,1,27,2024-12-11,1
P104854,22,Female,27.7,157.0,70.0,93.0,100.0,36.6,16.0,68.0,5.0,258.0,1.0,14.2,8.8,0,0,0,0,Never,Moderate,0,1.7,2,0,1,12,2024-05-13,0
P104855,68,Male,26.8,163.0,71.0,58.0,96.3,37.4,26.0,78.0,6.4,200.0,1.27,13.6,6.9,1,1,1,0,Current,Low,0,4.0,9,4,0,26,2025-11-10,1
P104856,79,Male,19.8,122.0,99.0,69.0,95.3,36.9,12.0,67.0,5.5,160.0,1.46,15.8,5.4,1,0,0,1,Never,Moderate,1,4.0,10,0,1,13,2025-12-14,1
P104857,64,Female,42.2,171.0,75.0,63.0,98.6,36.8,16.0,95.0,4.9,200.0,1.12,14.3,5.7,1,0,0,0,Never,Moderate,1,2.7,7,0,0,23,2025-10-11,1
P104858,37,Male,24.9,129.0,85.0,73.0,98.8,36.7,12.0,123.0,6.4,196.0,1.5,15.8,10.3,0,1,0,0,Never,Moderate,0,1.0,6,0,1,16,2024-03-29,0
P104859,73,Male,24.9,131.0,81.0,91.0,97.3,36.7,12.0,168.0,6.0,153.0,1.0,14.7,5.9,0,1,0,0,Former,High,3,2.9,7,1,1,8,2024-04-03,0
P104860,22,Female,32.5,92.0,79.0,73.0,97.8,36.2,11.0,138.0,6.2,118.0,1.29,12.0,5.8,0,0,0,0,Former,Moderate,0,7.6,6,0,0,15,2024-02-08,0
P104861,78,Female,36.9,141.0,98.0,77.0,97.5,36.0,20.0,131.0,5.9,193.0,1.25,11.4,6.1,0,0,0,0,Never,Moderate,3,1.4,3,1,0,22,2025-08-25,0
P104862,83,Female,33.4,118.0,83.0,84.0,94.7,37.0,13.0,120.0,5.7,231.0,0.59,9.9,6.5,1,1,1,0,Never,High,2,4.9,10,2,1,1,2025-12-07,1
P104863,70,Female,21.3,141.0,80.0,72.0,94.3,36.7,17.0,129.0,4.5,231.0,1.46,14.3,6.2,0,0,0,0,Former,High,0,1.5,7,1,1,12,2024-07-29,1
P104864,82,Female,28.6,116.0,81.0,81.0,96.4,37.2,21.0,134.0,5.2,206.0,0.84,,8.1,0,1,1,1,Never,Moderate,0,2.5,10,0,1,5,2025-12-29,1
P104865,60,Female,17.7,164.0,78.0,79.0,96.1,36.4,20.0,159.0,5.1,255.0,0.96,13.0,7.2,0,1,0,0,Current,Moderate,2,8.1,6,0,2,18,2024-04-22,0
P104866,52,Male,32.2,142.0,75.0,62.0,97.0,36.3,19.0,112.0,6.1,202.0,1.25,14.9,5.8,0,0,0,0,Current,Low,1,1.5,7,1,0,4,2024-04-19,0
P104867,41,Male,19.0,170.0,76.0,70.0,96.3,37.2,22.0,120.0,5.6,188.0,0.76,13.0,8.4,1,0,0,0,Never,Low,2,4.7,8,1,0,5,2025-02-17,1
P104868,85,Male,23.3,119.0,101.0,80.0,93.4,36.7,24.0,104.0,5.3,203.0,1.09,14.4,7.6,1,1,0,0,Former,High,0,2.4,6,1,0,15,2025-01-31,1
P104869,68,Female,27.5,160.0,90.0,91.0,92.7,37.2,14.0,119.0,4.0,167.0,1.24,13.7,9.7,0,0,0,0,Never,Moderate,1,4.6,9,5,0,5,2025-09-12,0
P104870,31,Female,29.8,99.0,77.0,91.0,97.8,36.8,20.0,100.0,6.0,147.0,0.71,12.8,7.6,0,0,0,0,Never,High,0,2.8,4,1,0,19,2025-10-27,0
P104871,87,Male,26.1,140.0,94.0,101.0,95.3,37.7,17.0,77.0,7.0,158.0,1.04,15.3,6.7,0,1,1,0,Never,Moderate,2,3.0,9,4,1,4,2025-10-09,1
P104872,22,Female,35.4,118.0,64.0,82.0,96.1,37.2,17.0,138.0,6.3,177.0,0.82,12.5,6.6,0,0,0,0,Former,Low,2,2.8,1,1,0,2,2024-02-24,0
P104873,60,Male,31.3,126.0,96.0,71.0,95.5,37.0,13.0,166.0,5.1,228.0,1.3,14.2,7.3,0,1,0,0,Never,Low,1,1.0,6,1,1,1,2025-04-24,1
P104874,31,Female,30.9,121.0,94.0,75.0,94.9,37.2,16.0,107.0,6.5,140.0,1.38,11.9,7.7,0,0,0,0,Never,Moderate,0,1.0,8,3,0,10,2025-09-12,0
P104875,66,Female,21.1,118.0,105.0,75.0,94.8,36.7,17.0,127.0,6.5,158.0,,13.0,7.0,0,0,0,1,Former,High,0,1.8,3,2,0,31,2025-07-25,0
P104876,48,Female,36.3,110.0,92.0,71.0,98.3,36.0,23.0,142.0,6.3,226.0,1.02,13.2,6.1,0,0,0,0,Never,Moderate,0,1.0,1,1,1,2,2024-04-27,0
P104877,49,Female,23.3,124.0,86.0,81.0,96.1,37.0,14.0,107.0,5.2,181.0,0.85,11.8,8.3,0,1,1,0,Never,Moderate,0,5.8,3,0,0,34,2025-02-12,1
P104878,67,Female,36.5,136.0,96.0,81.0,97.6,37.8,10.0,122.0,5.9,187.0,1.06,13.8,7.9,0,0,0,0,Current,Low,0,1.6,5,0,0,15,2025-03-19,0
P104879,73,Male,38.0,155.0,77.0,62.0,97.9,35.7,18.0,109.0,7.7,181.0,1.56,10.9,7.0,0,0,0,1,Current,Moderate,1,10.5,7,2,3,1,2025-03-30,1
P104880,45,Male,30.2,136.0,78.0,89.0,97.1,37.0,14.0,92.0,7.2,268.0,1.09,16.2,8.3,0,0,0,0,Former,Low,0,6.0,4,0,2,14,2024-04-25,0
P104881,90,Female,32.9,157.0,84.0,54.0,97.9,36.0,18.0,137.0,6.2,216.0,0.96,11.1,6.8,1,0,0,0,Never,Moderate,2,2.6,7,1,0,19,2025-04-19,0
P104882,54,Male,16.0,107.0,96.0,73.0,96.5,36.8,20.0,131.0,6.0,205.0,0.63,16.2,7.0,0,0,0,0,Former,Low,0,2.7,8,1,0,13,2025-01-18,1
P104883,29,Male,,122.0,72.0,90.0,99.0,36.8,18.0,141.0,4.0,203.0,1.22,15.5,8.3,0,0,0,0,Never,Low,1,5.3,3,0,1,9,2024-05-11,0
P104884,18,Male,,140.0,70.0,83.0,98.0,37.2,16.0,106.0,6.5,211.0,0.78,16.1,8.6,0,1,0,0,Never,High,1,3.3,9,1,0,15,2025-09-23,0
P104885,32,Female,32.3,136.0,83.0,72.0,98.2,36.9,17.0,67.0,6.3,265.0,0.73,11.5,8.3,0,0,0,0,Never,Moderate,0,8.8,9,1,1,9,2025-09-25,0
P104886,68,Female,21.2,120.0,90.0,100.0,94.8,37.5,21.0,154.0,6.3,181.0,1.14,12.9,5.5,0,0,0,0,Former,High,1,1.9,5,2,1,12,2024-04-21,0
P104887,57,Female,26.0,149.0,75.0,71.0,97.0,37.4,14.0,88.0,5.3,201.0,1.18,13.6,7.8,0,0,0,0,Never,Low,0,1.9,5,2,0,9,2025-05-30,0
P104888,42,Female,16.0,122.0,88.0,52.0,93.2,36.7,21.0,84.0,5.8,196.0,0.87,13.8,7.1,0,0,0,0,Never,Moderate,1,2.5,1,1,0,24,2024-09-25,0
P104889,53,Female,29.6,119.0,96.0,81.0,99.0,37.3,14.0,94.0,7.2,229.0,0.74,14.5,7.8,0,1,0,0,Current,Moderate,2,1.8,4,1,1,6,2025-06-07,0
P104890,79,Female,17.7,144.0,96.0,55.0,95.4,36.6,20.0,56.0,6.5,260.0,1.47,14.2,10.6,0,1,1,1,Never,Moderate,4,3.0,11,1,2,1,2024-08-28,1
P104891,59,Female,33.4,133.0,86.0,66.0,95.6,36.6,13.0,106.0,8.3,173.0,1.22,13.9,6.6,1,1,0,0,Never,Moderate,1,3.2,9,1,1,18,2024-11-07,0
P104892,22,Male,33.7,120.0,79.0,83.0,94.0,36.2,20.0,129.0,6.2,212.0,1.19,15.3,7.0,0,0,0,0,Never,High,2,3.7,7,0,0,27,2024-08-10,0
P104893,21,Female,25.0,119.0,98.0,70.0,96.4,37.5,18.0,92.0,4.6,202.0,0.81,14.2,5.9,0,0,0,0,Never,Moderate,1,3.1,4,0,0,17,2024-04-18,0
P104894,53,Male,30.2,114.0,82.0,83.0,96.0,36.6,18.0,159.0,5.5,142.0,0.78,14.6,6.6,0,1,1,0,Never,Moderate,2,4.7,6,1,1,8,2024-01-12,1
P104895,47,Female,26.4,125.0,91.0,62.0,99.8,35.6,21.0,156.0,5.1,232.0,0.84,14.9,5.6,0,0,0,0,Never,Low,0,1.9,4,0,1,9,2024-04-14,0
P104896,80,Female,28.8,154.0,103.0,86.0,98.0,37.1,15.0,149.0,6.9,254.0,,13.1,4.9,1,0,1,0,Never,Low,1,5.0,8,3,3,1,2025-02-27,1
P104897,60,Female,21.5,137.0,91.0,56.0,95.6,36.6,18.0,55.0,7.0,,0.94,10.7,3.1,0,0,0,0,Former,Moderate,2,2.3,11,0,2,17,2025-01-09,1
P104898,73,Female,30.7,151.0,73.0,92.0,93.5,36.7,19.0,166.0,7.6,171.0,0.88,15.1,5.6,0,0,0,0,Never,Moderate,0,2.8,4,2,2,17,2025-06-19,0
P104899,60,Female,19.0,142.0,70.0,70.0,92.4,36.7,17.0,105.0,5.6,143.0,1.01,13.9,5.7,0,0,0,0,Current,High,1,3.3,8,0,0,19,2025-07-18,0
P104900,43,Female,18.0,121.0,79.0,94.0,94.7,36.6,21.0,169.0,6.1,219.0,0.99,13.0,6.9,0,0,0,0,Current,Moderate,1,2.9,10,0,1,9,2025-01-06,0
P104901,65,Male,26.9,106.0,90.0,66.0,94.1,38.2,19.0,94.0,7.1,154.0,1.07,14.8,5.9,0,0,1,0,Current,Moderate,1,8.3,3,0,1,9,2025-08-08,1
P104902,63,Male,26.4,118.0,87.0,99.0,97.1,37.6,16.0,109.0,7.4,158.0,0.88,16.9,9.1,0,0,0,0,Former,Low,3,3.2,2,4,1,2,2024-04-11,0
P104903,70,Female,28.9,123.0,105.0,65.0,96.2,37.1,22.0,119.0,4.9,203.0,0.73,13.4,7.5,0,0,0,0,Never,Low,0,1.0,8,2,0,14,2025-08-31,0
P104904,31,Female,24.1,117.0,85.0,54.0,96.5,36.9,20.0,76.0,6.1,223.0,0.54,15.5,8.5,1,0,0,0,Former,High,1,7.0,4,0,0,15,2024-05-10,0
P104905,64,Male,37.3,150.0,80.0,77.0,94.8,37.4,15.0,58.0,4.9,182.0,1.1,15.3,9.0,0,1,0,0,Never,Low,2,4.0,10,0,0,14,2025-03-31,1
P104906,38,Female,28.3,147.0,70.0,91.0,96.8,36.9,15.0,55.0,5.1,187.0,1.0,12.7,9.8,1,0,0,0,Never,Moderate,0,2.2,3,0,0,10,2025-02-20,0
P104907,75,Female,28.7,173.0,95.0,85.0,93.9,37.2,17.0,220.0,4.9,191.0,0.69,11.2,8.9,0,1,1,0,Never,High,3,3.6,7,4,1,1,2024-04-21,1
P104908,76,Female,28.5,122.0,83.0,90.0,96.3,37.1,20.0,58.0,5.6,160.0,1.48,13.3,5.2,0,0,1,0,Former,High,1,9.7,3,3,1,15,2024-03-06,0
P104909,63,Male,32.7,161.0,68.0,86.0,98.0,36.9,10.0,56.0,4.7,181.0,1.27,16.6,8.7,0,0,0,1,Never,Low,2,3.8,4,0,0,16,2024-09-15,0
P104910,87,Female,30.5,163.0,84.0,66.0,95.8,37.3,15.0,139.0,5.2,134.0,0.82,12.3,7.6,0,0,0,0,Current,High,1,6.2,9,1,0,16,2024-03-28,0
P104911,57,Male,29.8,129.0,72.0,85.0,97.3,36.6,16.0,63.0,5.1,223.0,1.1,15.1,9.7,1,0,1,0,Former,Low,5,6.6,6,2,0,24,2025-04-01,0
P104912,19,Male,31.3,136.0,76.0,77.0,92.9,36.8,13.0,55.0,5.7,301.0,0.87,16.9,7.1,0,0,0,0,Current,Low,0,5.1,1,0,1,1,2024-02-23,0
P104913,62,Female,18.0,155.0,83.0,67.0,92.8,36.3,14.0,55.0,6.0,197.0,1.11,10.5,9.3,0,0,0,0,Former,Moderate,1,1.8,9,2,1,6,2024-07-24,0
P104914,74,Female,18.2,134.0,74.0,78.0,97.1,36.4,18.0,127.0,4.6,240.0,1.12,13.8,7.2,0,0,0,1,Never,Low,1,5.4,8,3,0,6,2024-01-17,0
P104915,25,Male,27.1,127.0,76.0,75.0,98.4,35.5,16.0,70.0,8.0,185.0,1.11,15.4,7.3,0,0,0,0,Never,Moderate,0,1.4,5,0,1,17,2024-02-11,0
P104916,25,Male,26.5,118.0,73.0,93.0,96.1,37.0,17.0,130.0,5.1,144.0,1.34,15.1,8.3,0,0,0,0,Never,High,0,1.1,3,1,0,3,2024-10-16,0
P104917,37,Male,30.5,90.0,74.0,70.0,100.0,37.2,13.0,107.0,4.4,281.0,1.04,12.0,6.4,0,0,0,0,Never,High,1,2.0,5,0,1,27,2025-06-22,0
P104918,79,Female,27.6,137.0,74.0,69.0,93.9,37.3,17.0,120.0,6.7,163.0,1.24,12.1,8.1,0,0,0,0,Former,Low,1,7.2,5,1,1,1,2024-04-28,0
P104919,56,Female,30.5,121.0,78.0,68.0,95.3,36.2,13.0,97.0,5.9,231.0,1.43,10.1,4.0,0,0,0,0,Never,Low,0,1.0,4,1,2,12,2025-05-04,0
P104920,89,Male,21.0,118.0,75.0,99.0,96.8,37.0,23.0,109.0,5.5,203.0,0.97,12.6,8.0,0,1,1,0,Never,Moderate,1,6.9,9,1,0,9,2025-01-08,1
P104921,81,Male,27.4,143.0,90.0,68.0,97.3,36.8,24.0,86.0,6.5,240.0,0.83,15.9,4.5,0,0,0,0,Never,Moderate,0,1.0,7,2,0,24,2025-10-14,0
P104922,58,Female,20.5,108.0,84.0,92.0,95.4,37.2,16.0,85.0,5.3,192.0,1.21,,8.1,1,0,0,0,Never,Moderate,0,3.3,4,0,0,22,2024-08-14,0
P104923,67,Male,29.5,148.0,95.0,64.0,94.6,36.5,14.0,77.0,5.7,151.0,0.71,15.8,2.0,0,1,0,0,Never,Low,0,1.1,5,1,0,9,2025-05-03,0
P104924,42,Male,17.7,139.0,100.0,82.0,97.6,36.6,21.0,164.0,7.0,170.0,0.75,15.7,3.4,1,1,0,0,Current,Moderate,0,5.6,8,0,2,12,2024-01-13,0
P104925,24,Male,29.3,122.0,87.0,79.0,96.7,36.0,20.0,93.0,5.6,284.0,1.34,12.9,7.1,0,0,0,0,Never,Moderate,0,3.4,2,0,1,24,2024-04-12,0
P104926,47,Female,19.9,131.0,86.0,91.0,95.9,36.4,25.0,55.0,6.3,207.0,0.51,13.5,7.1,0,1,0,0,Never,Low,1,5.6,3,0,0,18,2025-12-03,0
P104927,61,Male,25.5,113.0,90.0,89.0,97.4,36.8,25.0,123.0,5.5,278.0,1.12,12.2,6.5,0,0,0,0,Never,Low,2,4.9,1,3,1,1,2024-12-12,0
P104928,31,Male,32.2,142.0,86.0,77.0,96.3,36.9,11.0,80.0,5.7,181.0,0.54,15.0,8.4,0,0,0,0,Former,High,0,2.2,4,1,0,20,2024-11-14,0
P104929,34,Male,28.7,133.0,82.0,70.0,96.2,36.0,22.0,108.0,4.9,222.0,1.07,15.2,8.9,0,0,1,0,Never,High,0,2.0,5,1,0,25,2024-01-17,0
P104930,19,Male,18.9,133.0,80.0,95.0,96.2,36.5,17.0,97.0,4.7,146.0,1.42,14.3,12.1,0,0,0,0,Never,Low,1,5.0,3,1,2,2,2025-02-21,0
P104931,71,Male,24.0,143.0,73.0,68.0,95.0,36.9,20.0,168.0,5.7,196.0,0.78,12.1,7.1,0,1,0,0,Never,Low,1,2.0,6,0,1,14,2025-08-26,0
P104932,83,Male,19.7,125.0,92.0,49.0,94.8,37.5,21.0,105.0,5.6,279.0,0.51,12.4,9.1,0,1,0,0,Former,Moderate,0,7.6,8,0,1,8,2024-11-25,0
P104933,78,Male,18.7,110.0,83.0,54.0,95.6,36.4,21.0,146.0,7.1,165.0,1.18,18.0,5.3,0,0,0,0,Never,Moderate,2,1.1,5,4,2,1,2024-10-18,0
P104934,45,Male,28.1,148.0,96.0,57.0,96.6,37.0,22.0,136.0,6.3,169.0,0.81,15.5,5.9,0,0,0,0,Former,Low,1,1.6,4,0,0,15,2024-10-14,0
P104935,61,Male,30.4,145.0,92.0,83.0,93.1,36.5,16.0,66.0,4.0,226.0,0.98,14.2,5.4,1,0,0,0,Never,Moderate,0,5.2,6,0,0,2,2025-09-24,1
P104936,88,Female,29.8,127.0,78.0,103.0,98.2,36.6,15.0,125.0,7.8,199.0,1.22,14.6,6.8,0,1,1,1,Never,Moderate,3,11.5,3,5,1,1,2025-09-12,1
P104937,61,Male,30.6,140.0,95.0,52.0,96.5,36.4,22.0,87.0,6.5,267.0,1.19,16.8,7.4,0,0,0,0,Current,Low,0,1.0,7,0,1,11,2024-05-20,0
P104938,39,Female,27.4,152.0,56.0,67.0,94.6,36.3,15.0,68.0,6.7,186.0,1.13,15.0,9.1,0,1,0,0,Never,High,0,1.0,5,1,1,1,2024-11-12,0
P104939,42,Female,26.1,150.0,101.0,77.0,99.4,36.6,25.0,68.0,5.6,198.0,0.97,12.9,7.7,1,0,1,0,Never,Moderate,5,4.2,6,0,0,21,2024-02-05,1
P104940,71,Female,21.9,125.0,70.0,95.0,96.6,37.3,15.0,145.0,4.7,207.0,1.19,12.7,9.7,0,0,0,0,Never,Low,1,5.2,7,0,1,25,2025-08-29,1
P104941,50,Female,25.2,107.0,87.0,67.0,94.1,36.4,17.0,205.0,4.6,154.0,0.95,14.4,9.7,0,0,1,0,Former,High,0,6.9,5,0,1,30,2025-02-27,0
P104942,79,Female,20.6,113.0,88.0,83.0,99.3,36.3,17.0,89.0,7.7,146.0,0.99,12.8,7.1,1,0,0,0,Never,Moderate,2,6.1,5,2,1,13,2024-01-01,0
P104943,81,Male,23.1,130.0,95.0,73.0,98.9,36.9,13.0,125.0,,142.0,1.09,16.4,6.8,0,0,0,0,Never,Low,1,13.3,4,0,0,8,2024-07-20,0
P104944,20,Male,28.0,153.0,77.0,107.0,94.9,36.8,13.0,117.0,4.1,90.0,1.07,14.8,4.0,0,0,0,0,Former,Low,1,4.0,2,1,0,20,2024-01-31,0
P104945,70,Male,26.9,122.0,62.0,78.0,95.9,36.8,21.0,97.0,5.7,192.0,0.88,15.8,5.9,0,0,0,0,Former,Moderate,1,3.0,6,1,0,22,2024-03-03,0
P104946,45,Female,43.4,121.0,78.0,80.0,95.7,36.9,12.0,160.0,4.5,146.0,1.05,14.8,5.4,0,1,0,0,Never,Moderate,0,2.5,5,0,1,11,2025-05-08,0
P104947,55,Female,20.5,122.0,80.0,77.0,93.1,36.3,27.0,190.0,6.3,175.0,0.89,11.3,5.5,0,0,0,0,Former,Moderate,0,2.6,7,1,1,20,2025-07-11,0
P104948,37,Female,26.8,121.0,61.0,71.0,97.1,36.4,18.0,89.0,6.2,234.0,0.75,13.4,6.2,0,1,0,0,Former,Moderate,0,2.1,6,1,0,9,2024-06-19,0
P104949,44,Female,20.1,131.0,82.0,87.0,98.0,37.3,14.0,172.0,6.1,159.0,1.28,14.9,8.1,0,1,0,0,Former,Moderate,2,3.9,0,0,1,11,2025-07-17,0
P104950,42,Male,25.5,109.0,71.0,62.0,97.7,36.7,19.0,91.0,5.2,221.0,1.08,13.4,7.6,0,0,1,0,Former,Low,1,3.7,3,2,0,5,2024-10-03,0
P104951,21,Male,25.7,147.0,87.0,52.0,96.6,37.1,10.0,73.0,5.7,135.0,1.02,13.8,9.0,0,0,0,0,Never,Moderate,1,4.6,2,1,0,14,2024-08-08,0
P104952,75,Male,31.9,133.0,81.0,74.0,98.2,37.4,17.0,112.0,7.7,169.0,0.81,16.4,7.8,0,0,0,1,Never,High,2,1.8,4,1,1,16,2025-08-31,0
P104953,28,Male,25.2,172.0,100.0,86.0,94.5,37.2,17.0,138.0,4.2,261.0,0.86,16.9,5.8,0,0,0,0,Current,High,0,5.4,3,0,1,12,2025-12-26,0
P104954,45,Female,26.5,111.0,79.0,69.0,99.8,36.1,14.0,107.0,6.7,179.0,1.15,7.9,8.5,0,0,0,1,Current,Moderate,0,5.9,3,0,2,19,2025-01-28,0
P104955,32,Male,25.3,157.0,85.0,78.0,95.1,36.7,16.0,135.0,6.3,244.0,1.05,,4.3,0,0,0,0,Current,High,1,4.2,4,2,1,8,2025-11-06,1
P104956,29,Female,20.2,153.0,79.0,61.0,95.3,37.3,23.0,116.0,5.5,285.0,1.66,9.7,9.0,0,0,0,0,Current,High,2,1.5,4,1,3,25,2024-02-25,0
P104957,45,Female,24.1,124.0,65.0,89.0,95.5,37.1,19.0,158.0,5.9,179.0,1.05,13.1,5.5,0,0,0,0,Current,Moderate,0,2.1,8,0,1,24,2024-02-28,1
P104958,85,Male,25.5,129.0,82.0,84.0,95.3,36.9,19.0,137.0,6.5,170.0,0.92,12.5,2.4,0,1,0,0,Never,Low,1,3.1,8,2,0,17,2025-07-14,1
P104959,86,Female,27.9,121.0,92.0,76.0,96.2,36.0,15.0,172.0,5.4,113.0,0.99,12.4,8.1,1,1,0,0,Never,Low,0,1.0,7,1,1,18,2024-04-25,1
P104960,45,Male,30.4,116.0,88.0,78.0,96.1,36.5,13.0,81.0,4.3,206.0,0.75,14.8,6.4,1,0,0,0,Current,High,0,2.1,8,0,0,38,2025-05-21,0
P104961,54,Female,26.3,132.0,79.0,59.0,96.7,36.8,17.0,106.0,6.7,209.0,0.83,14.0,9.3,0,1,0,0,Former,Moderate,0,7.8,4,1,1,14,2025-12-02,0
P104962,89,Female,26.2,137.0,70.0,60.0,95.0,36.1,10.0,119.0,5.1,224.0,1.14,15.3,8.9,0,1,1,0,Never,Moderate,2,3.5,7,0,0,21,2025-05-29,1
P104963,35,Male,18.6,103.0,88.0,75.0,96.8,37.2,14.0,79.0,4.6,248.0,0.83,12.6,5.0,0,0,0,0,Never,Moderate,2,3.8,9,0,1,14,2024-10-12,0
P104964,86,Female,30.3,175.0,88.0,82.0,94.5,36.7,14.0,83.0,5.8,156.0,1.48,14.9,10.0,0,0,1,1,Former,Low,0,4.4,10,3,1,3,2024-11-27,1
P104965,25,Male,23.9,125.0,89.0,83.0,97.8,35.8,11.0,121.0,5.8,266.0,1.17,14.2,3.2,0,0,0,0,Former,Low,1,6.6,5,0,1,11,2024-09-30,0
P104966,34,Female,31.4,131.0,78.0,72.0,97.8,36.5,20.0,132.0,5.2,184.0,1.19,,7.9,0,0,0,0,Never,Low,0,1.0,4,0,0,16,2025-11-15,0
P104967,42,Male,34.3,120.0,65.0,85.0,96.5,36.7,18.0,115.0,5.1,209.0,0.91,17.2,9.8,0,0,0,0,Never,Moderate,1,1.5,4,2,0,14,2024-09-23,0
P104968,20,Male,26.5,124.0,86.0,93.0,95.3,36.7,16.0,144.0,6.3,192.0,1.17,15.9,5.0,0,0,0,0,Never,Moderate,0,3.7,1,2,1,13,2025-08-20,0
P104969,77,Male,22.2,129.0,84.0,75.0,97.1,37.5,20.0,78.0,5.8,166.0,,12.1,11.2,1,0,1,0,Never,Low,1,3.8,7,4,1,14,2025-06-13,1
P104970,80,Male,27.4,136.0,98.0,80.0,94.9,37.1,12.0,104.0,5.4,149.0,1.54,14.5,7.3,0,0,0,0,Never,Moderate,2,4.9,5,0,1,22,2025-10-30,0
P104971,45,Male,29.3,131.0,82.0,74.0,96.6,36.1,13.0,70.0,6.1,203.0,0.83,13.5,7.7,0,0,0,0,Never,Low,1,1.3,1,0,0,34,2024-05-30,0
P104972,79,Female,25.9,149.0,83.0,74.0,96.2,36.1,22.0,122.0,6.2,158.0,1.09,12.5,9.3,0,0,0,1,Never,Moderate,2,12.6,7,4,0,1,2024-03-16,0
P104973,74,Female,24.6,139.0,88.0,78.0,100.0,36.7,26.0,133.0,6.1,187.0,0.86,13.0,7.8,1,1,0,0,Never,Moderate,1,3.3,8,3,0,14,2024-06-19,0
P104974,76,Female,30.4,147.0,78.0,96.0,94.3,36.9,20.0,164.0,6.5,179.0,1.82,13.9,4.4,0,0,0,0,Former,Moderate,2,3.2,6,4,2,12,2025-08-14,1
P104975,76,Male,30.1,135.0,77.0,87.0,91.7,37.3,20.0,75.0,6.0,181.0,1.02,12.7,2.0,0,1,0,0,Never,High,2,6.8,4,1,0,12,2024-06-17,0
P104976,59,Male,25.7,137.0,82.0,86.0,95.4,37.7,16.0,127.0,6.7,127.0,1.38,14.3,5.0,0,0,0,0,Never,Low,1,2.1,4,0,1,11,2025-06-01,0
P104977,26,Female,,125.0,71.0,71.0,93.4,37.7,16.0,158.0,4.2,90.0,0.97,12.6,5.2,0,1,0,0,Current,Low,0,3.3,2,1,1,24,2025-09-03,0
P104978,85,Male,29.9,153.0,82.0,65.0,95.2,36.6,19.0,83.0,7.3,227.0,1.35,15.2,5.1,1,0,0,0,Never,Moderate,0,5.5,6,4,1,19,2024-10-17,0
P104979,62,Male,23.5,139.0,102.0,81.0,94.2,37.3,23.0,71.0,5.1,238.0,1.03,14.5,5.7,0,0,0,0,Never,Moderate,1,3.4,6,1,0,16,2025-12-09,0
P104980,83,Male,28.6,133.0,94.0,91.0,94.9,37.0,19.0,66.0,4.7,98.0,1.36,16.0,2.0,0,0,0,0,Never,High,1,3.6,7,2,0,13,2024-05-13,0
P104981,88,Male,28.3,133.0,87.0,97.0,94.6,36.3,21.0,141.0,5.5,211.0,1.19,15.0,4.6,1,1,0,0,Former,Moderate,2,7.1,7,1,1,17,2025-08-01,1
P104982,31,Male,17.7,128.0,96.0,47.0,98.2,35.9,15.0,83.0,5.3,203.0,1.42,15.5,8.1,0,0,0,0,Current,High,1,6.4,3,1,1,5,2025-01-24,0
P104983,47,Female,27.9,132.0,74.0,105.0,96.4,36.9,20.0,128.0,5.1,145.0,1.08,13.5,9.1,0,0,0,0,Current,Moderate,0,10.1,2,0,0,20,2025-05-23,0
P104984,32,Male,30.2,129.0,106.0,81.0,98.4,36.1,16.0,101.0,4.7,229.0,0.74,12.9,5.5,0,0,0,0,Former,High,0,1.7,7,0,0,5,2025-09-30,0
P104985,21,Female,30.8,119.0,76.0,87.0,96.6,36.4,18.0,170.0,6.4,238.0,1.06,12.6,8.4,0,0,0,0,Former,Moderate,0,4.1,3,0,1,6,2025-01-25,0
P104986,88,Male,28.1,150.0,104.0,55.0,98.2,36.5,20.0,146.0,5.5,235.0,1.12,13.6,2.0,0,1,0,0,Never,Moderate,0,1.0,2,0,1,8,2025-07-30,1
P104987,85,Male,17.2,150.0,104.0,73.0,96.0,36.9,16.0,90.0,4.2,261.0,0.83,15.7,7.5,1,0,0,0,Never,Moderate,0,1.0,7,1,1,17,2024-12-22,1
P104988,86,Female,34.1,167.0,67.0,86.0,99.4,37.4,14.0,108.0,5.9,233.0,1.21,14.5,9.4,0,0,1,0,Never,Moderate,1,4.3,8,4,0,10,2024-11-25,1
P104989,82,Female,29.6,126.0,99.0,62.0,97.3,36.8,19.0,145.0,8.0,163.0,0.92,13.1,8.0,0,1,1,0,Never,Moderate,3,2.8,11,2,2,9,2025-06-30,1
P104990,65,Male,21.2,145.0,80.0,45.0,95.1,36.5,18.0,77.0,5.0,196.0,0.98,14.8,6.9,0,0,0,0,Former,High,2,4.5,8,1,0,18,2024-02-14,0
P104991,56,Male,23.4,100.0,77.0,80.0,97.6,35.8,18.0,154.0,5.1,210.0,1.03,12.2,2.0,0,0,0,0,Never,Moderate,2,1.3,3,1,1,19,2025-08-05,0
P104992,90,Female,28.7,151.0,90.0,75.0,96.5,37.0,20.0,110.0,5.9,253.0,0.55,12.6,10.8,0,1,0,0,Never,Low,1,6.5,6,0,1,17,2024-02-01,0
P104993,58,Male,31.0,108.0,72.0,93.0,96.1,36.8,23.0,142.0,7.3,185.0,0.9,10.8,10.9,0,1,0,0,Former,Low,1,5.6,8,0,3,16,2025-01-24,1
P104994,64,Female,25.0,117.0,88.0,74.0,96.7,36.5,20.0,108.0,5.6,171.0,1.3,14.4,8.4,0,0,0,0,Current,Low,0,2.2,3,1,0,21,2025-01-10,0
P104995,33,Male,31.8,136.0,72.0,75.0,97.9,37.4,20.0,91.0,4.7,132.0,0.9,17.9,9.7,0,0,0,0,Never,Moderate,0,1.5,2,0,0,8,2025-01-27,0
P104996,72,Female,18.2,124.0,85.0,84.0,92.7,36.2,16.0,92.0,6.4,228.0,0.53,12.4,7.0,1,0,1,0,Never,Moderate,1,5.9,6,2,0,19,2024-05-29,0
P104997,77,Male,22.1,122.0,97.0,88.0,95.9,36.5,17.0,177.0,6.4,203.0,1.06,14.9,8.5,1,0,1,0,Former,Moderate,0,1.8,8,0,1,2,2024-12-09,0
P104998,67,Female,16.8,126.0,87.0,67.0,97.7,36.7,20.0,105.0,6.4,162.0,,13.8,8.7,0,0,0,0,Never,Low,1,2.4,4,1,0,17,2024-04-02,1
P104999,54,Female,22.8,145.0,79.0,87.0,96.9,36.5,17.0,221.0,4.9,224.0,0.93,11.5,6.9,0,0,0,0,Former,Low,1,5.7,7,2,1,3,2025-04-29,1
